Date,Time,Strategy,Strategy_Name,Symbol,Signal,CMP,Entry,SL,T1,T2,RR,Confidence,RS,Sector,Regime,Regime_Score,Regime_Fit,Status,Exit_Date,Exit_Price,Exit_Reason,PnL_Pct,SQI,SQI_Grade,Data_Quality
2026-04-14,15:01,Failed_Breakout_Short,Failed Breakout Short,GICRE,SHORT,389.5,389.5,412.17,355.5,332.83,2.5,77,78.0,Financial Services,DISTRIBUTION,0,IDEAL,STOPPED,2026-04-16,412.17,Stop Loss Hit,-5.82,,,
2026-04-14,15:01,Failed_Breakout_Short,Failed Breakout Short,NEULANDLAB,SHORT,14512.0,14512.0,15285.89,13351.16,12577.27,2.5,77,63.0,Healthcare,DISTRIBUTION,0,IDEAL,TARGET,2026-04-14,13351.16,Target 1 Hit,8.0,,,
2026-04-14,15:01,Failed_Breakout_Short,Failed Breakout Short,BOSCHLTD,SHORT,36615.0,36615.0,38091.39,34400.42,32924.03,2.5,77,57.0,Automobile and Auto Components,DISTRIBUTION,0,IDEAL,TARGET,2026-04-14,34400.42,Target 1 Hit,6.05,,,
2026-04-14,15:01,Failed_Breakout_Short,Failed Breakout Short,ACE,SHORT,888.0,888.0,924.1,833.85,797.75,2.5,72,58.0,Capital Goods,DISTRIBUTION,0,IDEAL,TARGET,2026-04-14,833.85,Target 1 Hit,6.1,,,
2026-04-14,15:01,Failed_Breakout_Short,Failed Breakout Short,AFCONS,SHORT,306.4,306.4,330.95,269.57,245.02,2.5,75,31.0,Construction,DISTRIBUTION,0,IDEAL,STOPPED,2026-04-15,330.95,Stop Loss Hit,-8.01,,,
2026-04-14,15:01,Failed_Breakout_Short,Failed Breakout Short,NAM-INDIA,SHORT,915.45,915.45,973.85,827.85,769.45,2.5,72,72.0,Financial Services,DISTRIBUTION,0,IDEAL,TARGET,2026-04-14,827.85,Target 1 Hit,9.57,,,
2026-04-14,15:01,Failed_Breakout_Short,Failed Breakout Short,JKCEMENT,SHORT,5452.0,5452.0,5819.05,4901.42,4534.37,2.5,72,51.0,Construction Materials,DISTRIBUTION,0,IDEAL,STOPPED,2026-04-21,5819.05,Stop Loss Hit,-6.73,,,
2026-04-14,15:01,Failed_Breakout_Short,Failed Breakout Short,JYOTICNC,SHORT,698.95,698.95,857.48,461.16,302.63,2.5,75,16.0,Capital Goods,DISTRIBUTION,0,IDEAL,EXPIRED,2026-05-25,670.7,Expired (41d > 25d),4.04,,,
2026-04-14,15:01,Failed_Breakout_Short,Failed Breakout Short,NUVOCO,SHORT,306.7,306.7,318.75,280.45,280.3,2.2,72,45.0,Construction Materials,DISTRIBUTION,0,IDEAL,STOPPED,2026-05-07,318.75,Stop Loss Hit,-3.93,,,
2026-04-14,15:01,Failed_Breakout_Short,Failed Breakout Short,EICHERMOT,SHORT,7050.0,7050.0,7513.63,6354.56,5890.93,2.5,72,54.0,Automobile and Auto Components,DISTRIBUTION,0,IDEAL,EXPIRED,2026-05-25,7414.0,Expired (41d > 25d),-5.16,,,
2026-04-14,15:01,Failed_Breakout_Short,Failed Breakout Short,APLAPOLLO,SHORT,1979.8,1979.8,2095.27,1806.59,1691.12,2.5,75,74.0,Capital Goods,DISTRIBUTION,0,IDEAL,STOPPED,2026-04-17,2095.27,Stop Loss Hit,-5.83,,,
2026-04-14,15:01,Failed_Breakout_Short,Failed Breakout Short,MARUTI,SHORT,13076.0,13076.0,13920.36,11809.46,10965.1,2.5,72,25.0,Automobile and Auto Components,DISTRIBUTION,0,IDEAL,STOPPED,2026-05-04,13920.36,Stop Loss Hit,-6.46,,,
2026-04-14,15:01,Failed_Breakout_Short,Failed Breakout Short,CHOLAFIN,SHORT,1507.2,1507.2,1603.47,1362.8,1266.53,2.5,72,40.0,Financial Services,DISTRIBUTION,0,IDEAL,STOPPED,2026-04-16,1603.47,Stop Loss Hit,-6.39,,,
2026-04-15,11:58,EMA21_Bounce,21 EMA Bounce,APOLLOHOSP,BUY,7642.0,7642.0,7374.44,8043.34,8310.9,2.5,55,74.0,Pharma,ACCUMULATION,2,CAUTION,INVALID_DAY0,2026-04-15,7374.44,Stop Loss Hit [v2 cleanup],-3.5,,,
2026-04-15,11:58,EMA21_Bounce,21 EMA Bounce,NESTLEIND,BUY,1256.6,1256.6,1207.02,1330.97,1380.55,2.5,55,57.0,FMCG,ACCUMULATION,2,CAUTION,INVALID_DAY0,2026-04-15,1207.02,Stop Loss Hit [v2 cleanup],-3.95,,,
2026-04-15,11:58,52WH_Breakout,52-Week High Breakout,SIEMENS,BUY,3576.1,3576.1,3335.24,4039.66,4789.76,5.0,67,100.0,Capital Goods,ACCUMULATION,2,CAUTION,INVALID_DAY0,2026-04-15,3335.24,Stop Loss Hit [v2 cleanup],-6.74,,,
2026-04-15,11:58,52WH_Breakout,52-Week High Breakout,SONACOMS,BUY,585.7,585.7,559.46,678.04,827.46,8.0,57,100.0,Auto Ancillary,ACCUMULATION,2,CAUTION,INVALID_DAY0,2026-04-15,559.46,Stop Loss Hit [v2 cleanup],-4.48,,,
2026-04-15,11:58,Last30Min_ATH,Last 30 Min ATH,AUROPHARMA,BUY,1373.9,1373.9,1345.8,1539.46,1807.36,8.0,60,91.0,Pharma,ACCUMULATION,2,CAUTION,INVALID_DAY0,2026-04-15,1345.8,Stop Loss Hit [v2 cleanup],-2.05,,,
2026-04-15,11:58,Last30Min_ATH,Last 30 Min ATH,SIEMENS,BUY,3576.1,3576.1,3365.6,4039.66,4789.76,5.8,64,100.0,Capital Goods,ACCUMULATION,2,CAUTION,INVALID_DAY0,2026-04-15,3365.6,Stop Loss Hit [v2 cleanup],-5.89,,,
2026-04-15,11:58,Last30Min_ATH,Last 30 Min ATH,SONACOMS,BUY,585.7,585.7,573.1,678.04,827.46,8.0,64,100.0,Auto Ancillary,ACCUMULATION,2,CAUTION,INVALID_DAY0,2026-04-15,573.1,Stop Loss Hit [v2 cleanup],-2.15,,,
2026-04-15,11:58,Last30Min_ATH,Last 30 Min ATH,ADANIPORTS,BUY,1511.8,1511.8,1480.9,1576.5,1583.9,2.3,58,73.0,Infra,ACCUMULATION,2,CAUTION,INVALID_DAY0,2026-04-15,1480.9,Stop Loss Hit [v2 cleanup],-2.04,,,
2026-04-15,11:58,Last30Min_ATH,Last 30 Min ATH,POWERGRID,BUY,312.45,312.45,301.25,352.76,417.98,8.0,60,100.0,Energy,ACCUMULATION,2,CAUTION,INVALID_DAY0,2026-04-15,301.25,Stop Loss Hit [v2 cleanup],-3.58,,,
2026-04-15,11:58,Last30Min_ATH,Last 30 Min ATH,TATAPOWER,BUY,421.85,421.85,410.0,470.89,550.24,8.0,64,94.0,Energy,ACCUMULATION,2,CAUTION,INVALID_DAY0,2026-04-15,410.0,Stop Loss Hit [v2 cleanup],-2.81,,,
2026-04-15,11:58,Last30Min_ATH,Last 30 Min ATH,VEDL,BUY,766.05,766.05,741.1,853.94,996.16,8.0,60,100.0,Metals,ACCUMULATION,2,CAUTION,INVALID_DAY0,2026-04-15,741.1,Stop Loss Hit [v2 cleanup],-3.26,,,
2026-04-15,11:58,Last30Min_ATH,Last 30 Min ATH,PFC,BUY,444.75,444.75,438.0,506.25,605.78,8.0,60,100.0,Finance,ACCUMULATION,2,CAUTION,INVALID_DAY0,2026-04-15,438.0,Stop Loss Hit [v2 cleanup],-1.52,,,
2026-04-15,11:58,Failed_Breakout_Short,Failed Breakout Short,BHARTIARTL,SHORT,1855.7,1855.7,1907.42,1778.12,1726.4,2.5,57,46.0,Telecom,ACCUMULATION,2,CAUTION,TARGET,2026-05-11,1778.12,Target 1 Hit,4.18,,,
2026-04-16,12:00,52WH_Breakout,52-Week High Breakout,ADANIPORTS,BUY,1549.8,1549.8,1488.17,1642.24,1703.87,2.5,57,76.0,Services,ACCUMULATION,2,CAUTION,INVALID_DAY0,2026-04-16,1488.17,Stop Loss Hit [v2 cleanup],-3.98,,,
2026-04-16,12:00,52WH_Breakout,52-Week High Breakout,BHEL,BUY,309.26,309.26,291.4,352.58,422.67,6.3,57,92.0,Capital Goods,ACCUMULATION,2,CAUTION,INVALID_DAY0,2026-04-16,291.4,Stop Loss Hit [v2 cleanup],-5.78,,,
2026-04-16,12:00,52WH_Breakout,52-Week High Breakout,PFC,BUY,458.9,458.9,438.48,489.53,529.15,3.4,57,100.0,Financial Services,ACCUMULATION,2,CAUTION,INVALID_DAY0,2026-04-16,438.48,Stop Loss Hit [v2 cleanup],-4.45,,,
2026-04-16,12:00,Last30Min_ATH,Last 30 Min ATH,ADANIPORTS,BUY,1549.8,1549.8,1510.0,1609.5,1649.3,2.5,62,76.0,Services,ACCUMULATION,2,CAUTION,INVALID_DAY0,2026-04-16,1510.0,Stop Loss Hit [v2 cleanup],-2.57,,,
2026-04-16,12:00,Last30Min_ATH,Last 30 Min ATH,ADANIPOWER,BUY,193.19,193.19,183.27,233.42,298.51,8.0,60,100.0,Power,ACCUMULATION,2,CAUTION,INVALID_DAY0,2026-04-16,183.27,Stop Loss Hit [v2 cleanup],-5.13,,,
2026-04-16,12:00,Last30Min_ATH,Last 30 Min ATH,BHEL,BUY,309.26,309.26,293.05,352.58,422.67,7.0,64,92.0,Capital Goods,ACCUMULATION,2,CAUTION,INVALID_DAY0,2026-04-16,293.05,Stop Loss Hit [v2 cleanup],-5.24,,,
2026-04-16,12:00,Last30Min_ATH,Last 30 Min ATH,ABB,BUY,6883.5,6883.5,6732.5,7110.0,8271.53,8.0,60,100.0,Capital Goods,ACCUMULATION,2,CAUTION,INVALID_DAY0,2026-04-16,6732.5,Stop Loss Hit [v2 cleanup],-2.19,,,
2026-04-16,12:00,Last30Min_ATH,Last 30 Min ATH,HINDALCO,BUY,1039.9,1039.9,1013.0,1165.94,1369.89,8.0,60,88.0,Metals & Mining,ACCUMULATION,2,CAUTION,INVALID_DAY0,2026-04-16,1013.0,Stop Loss Hit [v2 cleanup],-2.59,,,
2026-04-16,12:00,Last30Min_ATH,Last 30 Min ATH,SAIL,BUY,171.32,171.32,166.61,189.87,219.89,8.0,60,91.0,Metals & Mining,ACCUMULATION,2,CAUTION,INVALID_DAY0,2026-04-16,166.61,Stop Loss Hit [v2 cleanup],-2.75,,,
2026-04-16,12:00,Failed_Breakout_Short,Failed Breakout Short,FEDERALBNK,SHORT,284.4,284.4,297.78,264.33,250.95,2.5,62,86.0,Financial Services,ACCUMULATION,2,CAUTION,STOPPED,2026-04-20,297.78,Stop Loss Hit,-4.7,,,
2026-04-16,12:00,Failed_Breakout_Short,Failed Breakout Short,HCLTECH,SHORT,1450.2,1450.2,1488.07,1393.4,1355.53,2.5,62,37.0,Information Technology,ACCUMULATION,2,CAUTION,TARGET,2026-04-22,1393.4,Target 1 Hit,3.92,,,
2026-04-16,12:00,Failed_Breakout_Short,Failed Breakout Short,BAJAJ-AUTO,SHORT,9825.0,9825.0,10054.81,9480.28,9250.47,2.5,62,69.0,Automobile and Auto Components,ACCUMULATION,2,CAUTION,TARGET,2026-04-16,9480.28,Target 1 Hit,3.51,,,
2026-04-16,12:00,Failed_Breakout_Short,Failed Breakout Short,ICICIBANK,SHORT,1345.5,1345.5,1378.15,1296.52,1263.87,2.5,62,52.0,Financial Services,ACCUMULATION,2,CAUTION,TARGET,2026-04-16,1296.52,Target 1 Hit,3.64,,,
2026-04-16,12:00,Failed_Breakout_Short,Failed Breakout Short,JSWSTEEL,SHORT,1214.9,1214.9,1252.64,1158.29,1120.55,2.5,62,67.0,Metals & Mining,ACCUMULATION,2,CAUTION,STOPPED,2026-04-20,1252.64,Stop Loss Hit,-3.11,,,
2026-04-16,12:00,Failed_Breakout_Short,Failed Breakout Short,SBIN,SHORT,1067.15,1067.15,1098.78,1019.71,988.08,2.5,57,72.0,Financial Services,ACCUMULATION,2,CAUTION,STOPPED,2026-04-20,1098.78,Stop Loss Hit,-2.96,,,
2026-04-16,15:13,EMA21_Bounce,21 EMA Bounce,CHENNPETRO,BUY,980.8,980.8,942.07,1038.89,1045.22,1.7,60,100.0,Oil Gas & Consumable Fuels,ACCUMULATION,2,CAUTION,INVALID_DAY0,2026-04-16,942.07,Stop Loss Hit [v2 cleanup],-3.95,,,
2026-04-16,15:13,EMA21_Bounce,21 EMA Bounce,ACUTAAS,BUY,2340.4,2340.4,2179.73,2581.41,2634.8,1.8,60,100.0,Healthcare,ACCUMULATION,2,CAUTION,TARGET,2026-04-30,2581.41,Target 1 Hit,10.3,,,
2026-04-16,15:13,52WH_Breakout,52-Week High Breakout,KIRLOSENG,BUY,1617.0,1617.0,1576.93,1677.1,1963.3,8.0,57,100.0,Capital Goods,ACCUMULATION,2,CAUTION,INVALID_DAY0,2026-04-16,1576.93,Stop Loss Hit [v2 cleanup],-2.48,,,
2026-04-16,15:13,52WH_Breakout,52-Week High Breakout,SYRMA,BUY,968.75,968.75,887.56,1090.54,1175.32,2.5,62,100.0,Capital Goods,ACCUMULATION,2,CAUTION,INVALID_DAY0,2026-04-16,887.56,Stop Loss Hit [v2 cleanup],-8.38,,,
2026-04-16,15:13,52WH_Breakout,52-Week High Breakout,SCI,BUY,288.93,288.93,248.99,348.84,388.78,2.5,62,100.0,Services,ACCUMULATION,2,CAUTION,INVALID_DAY0,2026-04-16,248.99,Stop Loss Hit [v2 cleanup],-13.82,,,
2026-04-16,15:13,52WH_Breakout,52-Week High Breakout,GMDCLTD,BUY,746.75,746.75,628.04,924.82,1124.96,3.2,67,100.0,Metals & Mining,ACCUMULATION,2,CAUTION,INVALID_DAY0,2026-04-16,628.04,Stop Loss Hit [v2 cleanup],-15.9,,,
2026-04-16,15:13,Last30Min_ATH,Last 30 Min ATH,HFCL,BUY,91.48,91.48,86.84,98.44,111.05,4.2,62,100.0,Telecommunication,ACCUMULATION,2,CAUTION,INVALID_DAY0,2026-04-16,86.84,Stop Loss Hit [v2 cleanup],-5.07,,,
2026-04-16,15:13,Last30Min_ATH,Last 30 Min ATH,LLOYDSME,BUY,1556.7,1556.7,1510.1,1626.6,1874.23,6.8,58,100.0,Metals & Mining,ACCUMULATION,2,CAUTION,INVALID_DAY0,2026-04-16,1510.1,Stop Loss Hit [v2 cleanup],-2.99,,,
2026-04-16,15:13,Last30Min_ATH,Last 30 Min ATH,WELCORP,BUY,1077.1,1077.1,1041.95,1303.97,1671.07,8.0,60,100.0,Capital Goods,ACCUMULATION,2,CAUTION,INVALID_DAY0,2026-04-16,1041.95,Stop Loss Hit [v2 cleanup],-3.26,,,
2026-04-16,15:13,Last30Min_ATH,Last 30 Min ATH,ADANIENSOL,BUY,1222.6,1222.6,1172.15,1481.85,1901.35,8.0,60,100.0,Power,ACCUMULATION,2,CAUTION,INVALID_DAY0,2026-04-16,1172.15,Stop Loss Hit [v2 cleanup],-4.13,,,
2026-04-16,15:13,Last30Min_ATH,Last 30 Min ATH,J&KBANK,BUY,132.37,132.37,127.08,153.3,187.17,8.0,60,100.0,Financial Services,ACCUMULATION,2,CAUTION,INVALID_DAY0,2026-04-16,127.08,Stop Loss Hit [v2 cleanup],-4.0,,,
2026-04-16,15:13,Last30Min_ATH,Last 30 Min ATH,GMDCLTD,BUY,746.75,746.75,623.25,932.0,1124.96,3.1,64,100.0,Metals & Mining,ACCUMULATION,2,CAUTION,INVALID_DAY0,2026-04-16,623.25,Stop Loss Hit [v2 cleanup],-16.54,,,
2026-04-16,15:13,Last30Min_ATH,Last 30 Min ATH,ICICIAMC,BUY,3294.6,3294.6,3212.1,3430.0,3692.34,4.8,58,100.0,Financial Services,ACCUMULATION,2,CAUTION,INVALID_DAY0,2026-04-16,3430.0,Target 1 Hit [v2 cleanup],4.11,,,
2026-04-16,15:13,Last30Min_ATH,Last 30 Min ATH,JSWENERGY,BUY,535.95,535.95,519.55,560.55,602.82,4.1,58,76.0,Power,ACCUMULATION,2,CAUTION,INVALID_DAY0,2026-04-16,519.55,Stop Loss Hit [v2 cleanup],-3.06,,,
2026-04-16,15:13,Failed_Breakout_Short,Failed Breakout Short,INDIANB,SHORT,940.05,940.05,1013.01,830.61,757.65,2.5,57,89.0,Financial Services,ACCUMULATION,2,CAUTION,TARGET,2026-04-30,830.61,Target 1 Hit,11.64,,,
2026-04-16,15:13,Failed_Breakout_Short,Failed Breakout Short,CGCL,SHORT,185.13,185.13,191.59,175.44,168.98,2.5,62,65.0,Financial Services,ACCUMULATION,2,CAUTION,STOPPED,2026-05-04,191.59,Stop Loss Hit,-3.49,,,
2026-04-16,15:13,Failed_Breakout_Short,Failed Breakout Short,POWERINDIA,SHORT,28255.0,28255.0,29417.71,26510.94,25348.23,2.5,62,100.0,Capital Goods,ACCUMULATION,2,CAUTION,TARGET,2026-04-16,26510.94,Target 1 Hit,6.17,,,
2026-04-16,15:13,Failed_Breakout_Short,Failed Breakout Short,KALYANKJIL,SHORT,440.3,440.3,458.02,413.72,398.95,2.3,62,37.0,Consumer Durables,ACCUMULATION,2,CAUTION,TARGET,2026-04-22,413.72,Target 1 Hit,6.04,,,
2026-04-16,15:13,Failed_Breakout_Short,Failed Breakout Short,PFIZER,SHORT,4859.2,4859.2,5031.93,4600.1,4427.37,2.5,62,63.0,Healthcare,ACCUMULATION,2,CAUTION,STOPPED,2026-04-20,5031.93,Stop Loss Hit,-3.55,,,
2026-04-16,15:13,Failed_Breakout_Short,Failed Breakout Short,EIDPARRY,SHORT,852.5,852.5,885.1,789.96,787.1,2.0,62,43.0,Fast Moving Consumer Goods,ACCUMULATION,2,CAUTION,STOPPED,2026-04-23,885.1,Stop Loss Hit,-3.82,,,
2026-04-16,15:13,Failed_Breakout_Short,Failed Breakout Short,LALPATHLAB,SHORT,1410.8,1410.8,1486.16,1297.76,1222.4,2.5,62,66.0,Healthcare,ACCUMULATION,2,CAUTION,STOPPED,2026-05-04,1486.16,Stop Loss Hit,-5.34,,,
2026-04-16,15:13,Failed_Breakout_Short,Failed Breakout Short,BRIGADE,SHORT,738.5,738.5,798.77,648.1,587.83,2.5,62,31.0,Realty,ACCUMULATION,2,CAUTION,STOPPED,2026-04-21,798.77,Stop Loss Hit,-8.16,,,
2026-04-16,15:13,Failed_Breakout_Short,Failed Breakout Short,NH,SHORT,1781.7,1781.7,1835.86,1700.46,1646.3,2.5,62,52.0,Healthcare,ACCUMULATION,2,CAUTION,STOPPED,2026-04-20,1835.86,Stop Loss Hit,-3.04,,,
2026-04-16,15:13,Failed_Breakout_Short,Failed Breakout Short,MAPMYINDIA,SHORT,921.95,921.95,975.59,841.49,787.85,2.5,57,0.0,Information Technology,ACCUMULATION,2,CAUTION,STOPPED,2026-04-22,975.59,Stop Loss Hit,-5.82,,,
2026-04-17,11:55,EMA21_Bounce,21 EMA Bounce,ONGC,BUY,284.05,284.05,276.72,295.04,302.37,2.5,55,100.0,Oil Gas & Consumable Fuels,ACCUMULATION,2,CAUTION,TARGET,2026-04-28,295.04,Target 1 Hit,3.87,,,
2026-04-17,11:55,EMA21_Bounce,21 EMA Bounce,LUPIN,BUY,2326.1,2326.1,2271.86,2407.46,2461.7,2.5,60,75.0,Healthcare,ACCUMULATION,2,CAUTION,STOPPED,2026-04-24,2271.86,Stop Loss Hit,-2.33,,,
2026-04-17,11:55,EMA21_Bounce,21 EMA Bounce,APOLLOHOSP,BUY,7699.0,7699.0,7410.23,8132.16,8420.93,2.5,55,72.0,Healthcare,ACCUMULATION,2,CAUTION,INVALID_DAY0,2026-04-17,7410.23,Stop Loss Hit [v2 cleanup],-3.75,,,
2026-04-17,11:55,52WH_Breakout,52-Week High Breakout,ADANIPOWER,BUY,198.5,198.5,190.48,242.01,312.41,8.0,62,100.0,Power,ACCUMULATION,2,CAUTION,INVALID_DAY0,2026-04-17,190.48,Stop Loss Hit [v2 cleanup],-4.04,,,
2026-04-17,11:55,52WH_Breakout,52-Week High Breakout,NAM-INDIA,BUY,1015.05,1015.05,951.2,1150.55,1369.8,5.6,57,89.0,Financial Services,ACCUMULATION,2,CAUTION,INVALID_DAY0,2026-04-17,951.2,Stop Loss Hit [v2 cleanup],-6.29,,,
2026-04-17,11:55,52WH_Breakout,52-Week High Breakout,ADANIPORTS,BUY,1573.4,1573.4,1529.98,1747.31,2028.71,8.0,57,81.0,Services,ACCUMULATION,2,CAUTION,INVALID_DAY0,2026-04-17,1529.98,Stop Loss Hit [v2 cleanup],-2.76,,,
2026-04-17,11:55,52WH_Breakout,52-Week High Breakout,BHEL,BUY,316.79,316.79,306.22,364.76,442.38,8.0,57,100.0,Capital Goods,ACCUMULATION,2,CAUTION,INVALID_DAY0,2026-04-17,306.22,Stop Loss Hit [v2 cleanup],-3.34,,,
2026-04-17,11:55,52WH_Breakout,52-Week High Breakout,SIEMENS,BUY,3707.9,3707.9,3553.61,4252.91,5134.81,8.0,62,100.0,Capital Goods,ACCUMULATION,2,CAUTION,INVALID_DAY0,2026-04-17,3553.61,Stop Loss Hit [v2 cleanup],-4.16,,,
2026-04-17,11:55,52WH_Breakout,52-Week High Breakout,JINDALSTEL,BUY,1270.0,1270.0,1228.3,1332.55,1418.07,3.6,57,100.0,Metals & Mining,ACCUMULATION,2,CAUTION,INVALID_DAY0,2026-04-17,1228.3,Stop Loss Hit [v2 cleanup],-3.28,,,
2026-04-17,11:55,52WH_Breakout,52-Week High Breakout,TORNTPOWER,BUY,1565.0,1565.0,1509.58,1648.13,1757.07,3.5,57,96.0,Power,ACCUMULATION,2,CAUTION,INVALID_DAY0,2026-04-17,1509.58,Stop Loss Hit [v2 cleanup],-3.54,,,
2026-04-17,11:55,Last30Min_ATH,Last 30 Min ATH,ADANIPOWER,BUY,198.5,198.5,190.66,242.01,312.41,8.0,64,100.0,Power,ACCUMULATION,2,CAUTION,INVALID_DAY0,2026-04-17,190.66,Stop Loss Hit [v2 cleanup],-3.95,,,
2026-04-17,11:55,Last30Min_ATH,Last 30 Min ATH,NAM-INDIA,BUY,1015.05,1015.05,962.0,1150.55,1369.8,6.7,64,89.0,Financial Services,ACCUMULATION,2,CAUTION,INVALID_DAY0,2026-04-17,962.0,Stop Loss Hit [v2 cleanup],-5.23,,,
2026-04-17,11:55,Last30Min_ATH,Last 30 Min ATH,ADANIPORTS,BUY,1573.4,1573.4,1549.2,1747.31,2028.71,8.0,64,81.0,Services,ACCUMULATION,2,CAUTION,INVALID_DAY0,2026-04-17,1549.2,Stop Loss Hit [v2 cleanup],-1.54,,,
2026-04-17,11:55,Last30Min_ATH,Last 30 Min ATH,BHEL,BUY,316.79,316.79,307.38,364.76,442.38,8.0,64,100.0,Capital Goods,ACCUMULATION,2,CAUTION,INVALID_DAY0,2026-04-17,307.38,Stop Loss Hit [v2 cleanup],-2.97,,,
2026-04-17,11:55,Last30Min_ATH,Last 30 Min ATH,SIEMENS,BUY,3707.9,3707.9,3565.0,4252.91,5134.81,8.0,64,100.0,Capital Goods,ACCUMULATION,2,CAUTION,INVALID_DAY0,2026-04-17,3565.0,Stop Loss Hit [v2 cleanup],-3.85,,,
2026-04-17,11:55,Last30Min_ATH,Last 30 Min ATH,CGPOWER,BUY,774.8,774.8,748.35,814.47,929.58,5.9,58,100.0,Capital Goods,ACCUMULATION,2,CAUTION,INVALID_DAY0,2026-04-17,748.35,Stop Loss Hit [v2 cleanup],-3.41,,,
2026-04-17,11:55,Last30Min_ATH,Last 30 Min ATH,BSE,BUY,3531.5,3531.5,3425.0,4150.43,5151.93,8.0,60,100.0,Financial Services,ACCUMULATION,2,CAUTION,INVALID_DAY0,2026-04-17,3425.0,Stop Loss Hit [v2 cleanup],-3.02,,,
2026-04-17,11:55,Last30Min_ATH,Last 30 Min ATH,ABB,BUY,7029.5,7029.5,6833.5,8507.76,10899.76,8.0,60,100.0,Capital Goods,ACCUMULATION,2,CAUTION,INVALID_DAY0,2026-04-17,6833.5,Stop Loss Hit [v2 cleanup],-2.79,,,
2026-04-17,11:55,Last30Min_ATH,Last 30 Min ATH,SONACOMS,BUY,593.85,593.85,573.35,691.23,848.79,8.0,60,100.0,Automobile and Auto Components,ACCUMULATION,2,CAUTION,INVALID_DAY0,2026-04-17,573.35,Stop Loss Hit [v2 cleanup],-3.45,,,
2026-04-17,11:55,Last30Min_ATH,Last 30 Min ATH,TITAN,BUY,4525.9,4525.9,4330.0,4959.06,5659.96,5.8,64,75.0,Consumer Durables,ACCUMULATION,2,CAUTION,INVALID_DAY0,2026-04-17,4330.0,Stop Loss Hit [v2 cleanup],-4.33,,,
2026-04-17,11:55,Last30Min_ATH,Last 30 Min ATH,NMDC,BUY,89.78,89.78,87.26,99.65,115.63,8.0,60,86.0,Metals & Mining,ACCUMULATION,2,CAUTION,INVALID_DAY0,2026-04-17,87.26,Stop Loss Hit [v2 cleanup],-2.81,,,
2026-04-17,11:55,Last30Min_ATH,Last 30 Min ATH,TORNTPOWER,BUY,1565.0,1565.0,1520.6,1631.6,1757.07,4.3,62,96.0,Power,ACCUMULATION,2,CAUTION,INVALID_DAY0,2026-04-17,1520.6,Stop Loss Hit [v2 cleanup],-2.84,,,
2026-04-17,11:55,Last30Min_ATH,Last 30 Min ATH,NESTLEIND,BUY,1285.6,1285.6,1252.8,1334.8,1367.6,2.5,58,57.0,Fast Moving Consumer Goods,ACCUMULATION,2,CAUTION,INVALID_DAY0,2026-04-17,1252.8,Stop Loss Hit [v2 cleanup],-2.55,,,
2026-04-17,11:55,Last30Min_ATH,Last 30 Min ATH,NTPC,BUY,393.6,393.6,388.45,430.69,490.71,8.0,60,96.0,Power,ACCUMULATION,2,CAUTION,INVALID_DAY0,2026-04-17,388.45,Stop Loss Hit [v2 cleanup],-1.31,,,
2026-04-17,11:55,Failed_Breakout_Short,Failed Breakout Short,PERSISTENT,SHORT,5446.5,5446.5,5657.03,5130.7,4825.0,3.0,62,33.0,Information Technology,ACCUMULATION,2,CAUTION,TARGET,2026-04-22,5130.7,Target 1 Hit,5.8,,,
2026-04-17,11:55,Failed_Breakout_Short,Failed Breakout Short,TATACOMM,SHORT,1521.1,1521.1,1592.63,1413.8,1401.9,1.7,57,36.0,Telecommunication,ACCUMULATION,2,CAUTION,STOPPED,2026-04-23,1592.63,Stop Loss Hit,-4.7,,,
2026-04-17,11:55,Failed_Breakout_Short,Failed Breakout Short,WIPRO,SHORT,204.32,204.32,214.73,188.7,178.29,2.5,65,20.0,Information Technology,ACCUMULATION,2,CAUTION,TARGET,2026-05-13,188.7,Target 1 Hit,7.64,,,
2026-04-17,11:55,Failed_Breakout_Short,Failed Breakout Short,HDFCLIFE,SHORT,616.45,616.45,657.06,555.54,555.1,1.5,57,26.0,Financial Services,ACCUMULATION,2,CAUTION,EXPIRED,2026-05-25,620.0,Expired (38d > 25d),-0.58,,,
2026-04-17,14:41,EMA21_Bounce,21 EMA Bounce,CCL,BUY,1089.4,1089.4,1051.89,1145.66,1183.17,2.5,60,87.0,Fast Moving Consumer Goods,ACCUMULATION,2,CAUTION,INVALID_DAY0,2026-04-17,1051.89,Stop Loss Hit [v2 cleanup],-3.44,,,
2026-04-17,14:41,EMA21_Bounce,21 EMA Bounce,VTL,BUY,557.6,557.6,533.36,593.96,660.56,4.2,55,100.0,Textiles,ACCUMULATION,2,CAUTION,INVALID_DAY0,2026-04-17,533.36,Stop Loss Hit [v2 cleanup],-4.35,,,
2026-04-17,14:41,EMA21_Bounce,21 EMA Bounce,GESHIP,BUY,1424.3,1424.3,1355.9,1526.9,1595.3,2.5,65,100.0,Services,ACCUMULATION,2,CAUTION,INVALID_DAY0,2026-04-17,1355.9,Stop Loss Hit [v2 cleanup],-4.8,,,
2026-04-17,14:41,EMA21_Bounce,21 EMA Bounce,ACUTAAS,BUY,2361.7,2361.7,2236.15,2550.02,2580.0,1.7,60,100.0,Healthcare,ACCUMULATION,2,CAUTION,TARGET,2026-04-30,2550.02,Target 1 Hit,7.97,,,
2026-04-17,14:41,EMA21_Bounce,21 EMA Bounce,ANURAS,BUY,1288.0,1288.0,1237.44,1363.84,1414.4,2.5,60,54.0,Chemicals,ACCUMULATION,2,CAUTION,TARGET,2026-04-23,1363.84,Target 1 Hit,5.89,,,
2026-04-17,14:41,52WH_Breakout,52-Week High Breakout,ADANIENSOL,BUY,1259.8,1259.8,1203.99,1542.04,1998.74,8.0,57,100.0,Power,ACCUMULATION,2,CAUTION,INVALID_DAY0,2026-04-17,1203.99,Stop Loss Hit [v2 cleanup],-4.43,,,
2026-04-17,14:41,Last30Min_ATH,Last 30 Min ATH,NATCOPHARM,BUY,1119.7,1119.7,1081.0,1177.75,1314.38,5.0,60,100.0,Healthcare,ACCUMULATION,2,CAUTION,INVALID_DAY0,2026-04-17,1081.0,Stop Loss Hit [v2 cleanup],-3.46,,,
2026-04-17,14:41,Last30Min_ATH,Last 30 Min ATH,CPPLUS,BUY,2264.3,2264.3,2125.9,2830.39,3746.39,8.0,64,100.0,Capital Goods,ACCUMULATION,2,CAUTION,INVALID_DAY0,2026-04-17,2125.9,Stop Loss Hit [v2 cleanup],-6.11,,,
2026-04-17,14:41,Last30Min_ATH,Last 30 Min ATH,LLOYDSME,BUY,1623.3,1623.3,1556.9,1981.99,2562.39,8.0,64,100.0,Metals & Mining,ACCUMULATION,2,CAUTION,INVALID_DAY0,2026-04-17,1556.9,Stop Loss Hit [v2 cleanup],-4.09,,,
2026-04-17,14:41,Last30Min_ATH,Last 30 Min ATH,CHENNPETRO,BUY,1041.85,1041.85,984.05,1128.55,1186.35,2.5,58,100.0,Oil Gas & Consumable Fuels,ACCUMULATION,2,CAUTION,INVALID_DAY0,2026-04-17,984.05,Stop Loss Hit [v2 cleanup],-5.55,,,
2026-04-17,14:41,Last30Min_ATH,Last 30 Min ATH,ANGELONE,BUY,322.47,322.47,297.51,393.76,509.11,7.5,64,100.0,Financial Services,ACCUMULATION,2,CAUTION,INVALID_DAY0,2026-04-17,297.51,Stop Loss Hit [v2 cleanup],-7.74,,,
2026-04-17,14:41,Last30Min_ATH,Last 30 Min ATH,ADANIENSOL,BUY,1259.8,1259.8,1221.6,1542.04,1998.74,8.0,64,100.0,Power,ACCUMULATION,2,CAUTION,INVALID_DAY0,2026-04-17,1221.6,Stop Loss Hit [v2 cleanup],-3.03,,,
2026-04-17,14:41,Last30Min_ATH,Last 30 Min ATH,HFCL,BUY,95.49,95.49,91.02,117.53,153.2,8.0,64,100.0,Telecommunication,ACCUMULATION,2,CAUTION,INVALID_DAY0,2026-04-17,91.02,Stop Loss Hit [v2 cleanup],-4.68,,,
2026-04-17,14:41,Last30Min_ATH,Last 30 Min ATH,GRANULES,BUY,655.7,655.7,646.85,732.27,856.17,8.0,60,82.0,Healthcare,ACCUMULATION,2,CAUTION,INVALID_DAY0,2026-04-17,646.85,Stop Loss Hit [v2 cleanup],-1.35,,,
2026-04-17,14:41,Last30Min_ATH,Last 30 Min ATH,NTPCGREEN,BUY,111.96,111.96,107.62,118.47,129.24,4.0,62,100.0,Power,ACCUMULATION,2,CAUTION,INVALID_DAY0,2026-04-17,107.62,Stop Loss Hit [v2 cleanup],-3.88,,,
2026-04-17,14:41,Last30Min_ATH,Last 30 Min ATH,ABSLAMC,BUY,1068.25,1068.25,1016.1,1271.36,1600.01,8.0,60,100.0,Financial Services,ACCUMULATION,2,CAUTION,INVALID_DAY0,2026-04-17,1016.1,Stop Loss Hit [v2 cleanup],-4.88,,,
2026-04-17,14:41,Failed_Breakout_Short,Failed Breakout Short,GROWW,SHORT,198.34,198.34,217.5,169.6,150.44,2.5,62,100.0,Financial Services,ACCUMULATION,2,CAUTION,STOPPED,2026-04-22,217.5,Stop Loss Hit,-9.66,,,
2026-04-17,14:41,Failed_Breakout_Short,Failed Breakout Short,FLUOROCHEM,SHORT,3354.8,3354.8,3451.19,3210.22,3113.83,2.5,57,55.0,Chemicals,ACCUMULATION,2,CAUTION,TARGET,2026-04-17,3210.22,Target 1 Hit,4.31,,,
2026-04-20,12:08,Failed_Breakout_Short,Failed Breakout Short,IEX,SHORT,124.99,124.99,138.17,105.22,92.04,2.5,75,42.0,Financial Services,DISTRIBUTION,1,IDEAL,EXPIRED,2026-05-25,127.58,Expired (35d > 25d),-2.07,,,
2026-04-20,12:08,Failed_Breakout_Short,Failed Breakout Short,RAMCOCEM,SHORT,1010.45,1010.45,1034.88,940.0,888.0,5.0,77,47.0,Construction Materials,DISTRIBUTION,1,IDEAL,TARGET,2026-04-29,940.0,Target 1 Hit,6.97,,,
2026-04-20,12:08,Failed_Breakout_Short,Failed Breakout Short,YESBANK,SHORT,19.84,19.84,20.9,18.25,17.19,2.5,75,34.0,Financial Services,DISTRIBUTION,1,IDEAL,STOPPED,2026-05-05,20.9,Stop Loss Hit,-5.34,,,
2026-04-20,12:08,Failed_Breakout_Short,Failed Breakout Short,SJVN,SHORT,76.98,76.98,80.5,71.7,68.18,2.5,77,59.0,Power,DISTRIBUTION,1,IDEAL,TARGET,2026-04-20,71.7,Target 1 Hit,6.86,,,
2026-04-20,15:04,Failed_Breakout_Short,Failed Breakout Short,NCC,SHORT,160.53,160.53,165.33,153.33,148.53,2.5,77,75.0,Construction,DISTRIBUTION,1,IDEAL,TARGET,2026-04-20,153.33,Target 1 Hit,4.49,,,
2026-04-20,15:04,Failed_Breakout_Short,Failed Breakout Short,TARIL,SHORT,321.35,321.35,332.35,304.85,293.85,2.5,77,98.0,Capital Goods,DISTRIBUTION,1,IDEAL,TARGET,2026-04-20,304.85,Target 1 Hit,5.13,,,
2026-04-20,15:04,Failed_Breakout_Short,Failed Breakout Short,HEG,SHORT,629.3,629.3,688.02,541.22,482.5,2.5,77,83.0,Capital Goods,DISTRIBUTION,1,IDEAL,STOPPED,2026-04-29,688.02,Stop Loss Hit,-9.33,,,
2026-04-20,15:04,Failed_Breakout_Short,Failed Breakout Short,GMDCLTD,SHORT,691.25,691.25,782.34,554.62,463.53,2.5,77,100.0,Metals & Mining,DISTRIBUTION,1,IDEAL,EXPIRED,2026-05-25,655.55,Expired (35d > 25d),5.16,,,
2026-04-20,15:04,Failed_Breakout_Short,Failed Breakout Short,KIMS,SHORT,678.2,678.2,697.95,645.05,629.19,2.5,72,78.0,Healthcare,DISTRIBUTION,1,IDEAL,TARGET,2026-04-20,645.05,Target 1 Hit,4.89,,,
2026-04-20,15:04,Failed_Breakout_Short,Failed Breakout Short,DATAPATTNS,SHORT,3467.6,3467.6,3654.35,3187.48,3000.73,2.5,72,100.0,Capital Goods,DISTRIBUTION,1,IDEAL,TARGET,2026-04-20,3187.48,Target 1 Hit,8.08,,,
2026-04-20,15:04,Failed_Breakout_Short,Failed Breakout Short,CROMPTON,SHORT,261.22,261.22,269.82,248.32,239.72,2.5,72,66.0,Consumer Durables,DISTRIBUTION,1,IDEAL,TARGET,2026-04-20,248.32,Target 1 Hit,4.94,,,
2026-04-20,15:04,Failed_Breakout_Short,Failed Breakout Short,IFCI,SHORT,60.49,60.49,65.12,53.54,48.91,2.5,80,76.0,Financial Services,DISTRIBUTION,1,IDEAL,STOPPED,2026-05-08,65.12,Stop Loss Hit,-7.65,,,
2026-04-20,15:04,Failed_Breakout_Short,Failed Breakout Short,AADHARHFC,SHORT,480.55,480.55,508.18,439.1,411.47,2.5,72,62.0,Financial Services,DISTRIBUTION,1,IDEAL,STOPPED,2026-05-05,508.18,Stop Loss Hit,-5.75,,,
2026-04-20,15:04,Failed_Breakout_Short,Failed Breakout Short,NBCC,SHORT,93.32,93.32,95.89,86.31,85.72,3.0,77,38.0,Construction,DISTRIBUTION,1,IDEAL,TARGET,2026-04-20,86.31,Target 1 Hit,7.51,,,
2026-04-21,12:02,52WH_Breakout,52-Week High Breakout,NAM-INDIA,BUY,1055.35,1055.35,1001.52,1215.75,1475.3,7.8,62,100.0,Financial Services,ACCUMULATION,3,CAUTION,INVALID_DAY0,2026-04-21,1001.52,Stop Loss Hit [v2 cleanup],-5.1,,,
2026-04-21,12:02,52WH_Breakout,52-Week High Breakout,NESTLEIND,BUY,1379.9,1379.9,1276.64,1534.79,1638.05,2.5,67,71.0,Fast Moving Consumer Goods,ACCUMULATION,3,CAUTION,INVALID_DAY0,2026-04-21,1276.64,Stop Loss Hit [v2 cleanup],-7.48,,,
2026-04-21,12:02,Last30Min_ATH,Last 30 Min ATH,NAM-INDIA,BUY,1055.35,1055.35,999.6,1215.75,1475.3,7.5,64,100.0,Financial Services,ACCUMULATION,3,CAUTION,INVALID_DAY0,2026-04-21,999.6,Stop Loss Hit [v2 cleanup],-5.28,,,
2026-04-21,12:02,Last30Min_ATH,Last 30 Min ATH,STARHEALTH,BUY,514.05,514.05,501.95,534.0,574.31,5.0,62,89.0,Financial Services,ACCUMULATION,3,CAUTION,INVALID_DAY0,2026-04-21,501.95,Stop Loss Hit [v2 cleanup],-2.35,,,
2026-04-21,12:02,Last30Min_ATH,Last 30 Min ATH,BHEL,BUY,332.61,332.61,322.51,390.36,483.8,8.0,60,100.0,Capital Goods,ACCUMULATION,3,CAUTION,INVALID_DAY0,2026-04-21,322.51,Stop Loss Hit [v2 cleanup],-3.04,,,
2026-04-21,12:02,Last30Min_ATH,Last 30 Min ATH,AUBANK,BUY,1037.9,1037.9,997.65,1165.36,1371.61,8.0,60,71.0,Financial Services,ACCUMULATION,3,CAUTION,INVALID_DAY0,2026-04-21,997.65,Stop Loss Hit [v2 cleanup],-3.88,,,
2026-04-21,12:02,Last30Min_ATH,Last 30 Min ATH,ALKEM,BUY,5696.5,5696.5,5627.0,5800.75,5870.25,2.5,58,55.0,Healthcare,ACCUMULATION,3,CAUTION,INVALID_DAY0,2026-04-21,5627.0,Stop Loss Hit [v2 cleanup],-1.22,,,
2026-04-21,12:02,Failed_Breakout_Short,Failed Breakout Short,OFSS,SHORT,7931.0,7931.0,8249.13,7453.81,7135.68,2.5,62,69.0,Information Technology,ACCUMULATION,3,CAUTION,TARGET,2026-04-21,7453.81,Target 1 Hit,6.02,,,
2026-04-21,12:02,Failed_Breakout_Short,Failed Breakout Short,NAVINFLUOR,SHORT,6373.5,6373.5,6670.01,5928.74,5632.23,2.5,57,70.0,Chemicals,ACCUMULATION,3,CAUTION,STOPPED,2026-04-28,6670.01,Stop Loss Hit,-4.65,,,
2026-04-21,14:59,EMA21_Bounce,21 EMA Bounce,EMCURE,BUY,1592.7,1592.7,1462.01,1788.74,1919.43,2.5,55,61.0,Healthcare,ACCUMULATION,3,CAUTION,TARGET,2026-05-04,1788.74,Target 1 Hit,12.31,,,
2026-04-21,14:59,52WH_Breakout,52-Week High Breakout,MAHABANK,BUY,80.18,80.18,75.38,87.38,92.78,2.6,67,100.0,Financial Services,ACCUMULATION,3,CAUTION,INVALID_DAY0,2026-04-21,75.38,Stop Loss Hit [v2 cleanup],-5.99,,,
2026-04-21,14:59,Last30Min_ATH,Last 30 Min ATH,KIRLOSENG,BUY,1663.3,1663.3,1630.1,1713.1,2038.22,8.0,64,100.0,Capital Goods,ACCUMULATION,3,CAUTION,INVALID_DAY0,2026-04-21,1630.1,Stop Loss Hit [v2 cleanup],-2.0,,,
2026-04-21,14:59,Last30Min_ATH,Last 30 Min ATH,ICICIAMC,BUY,3509.8,3509.8,3308.7,4040.54,4899.34,6.9,60,100.0,Financial Services,ACCUMULATION,3,CAUTION,INVALID_DAY0,2026-04-21,3308.7,Stop Loss Hit [v2 cleanup],-5.73,,,
2026-04-21,14:59,Failed_Breakout_Short,Failed Breakout Short,SUMICHEM,SHORT,439.95,439.95,458.2,412.58,394.33,2.5,62,63.0,Chemicals,ACCUMULATION,3,CAUTION,STOPPED,2026-05-05,458.2,Stop Loss Hit,-4.15,,,
2026-04-21,14:59,Failed_Breakout_Short,Failed Breakout Short,APARINDS,SHORT,11714.0,11714.0,12493.83,10544.26,9764.43,2.5,57,100.0,Capital Goods,ACCUMULATION,3,CAUTION,STOPPED,2026-04-30,12493.83,Stop Loss Hit,-6.66,,,
2026-04-21,14:59,Failed_Breakout_Short,Failed Breakout Short,JSWCEMENT,SHORT,128.02,128.02,139.26,111.16,99.92,2.5,65,69.0,Construction Materials,ACCUMULATION,3,CAUTION,STOPPED,2026-05-22,139.26,Stop Loss Hit,-8.78,,,
2026-04-21,14:59,Failed_Breakout_Short,Failed Breakout Short,ABSLAMC,SHORT,1037.85,1037.85,1095.38,951.55,894.02,2.5,62,100.0,Financial Services,ACCUMULATION,3,CAUTION,STOPPED,2026-04-24,1095.38,Stop Loss Hit,-5.54,,,
2026-04-21,14:59,Failed_Breakout_Short,Failed Breakout Short,BALRAMCHIN,SHORT,508.85,508.85,528.68,479.11,459.28,2.5,57,98.0,Fast Moving Consumer Goods,ACCUMULATION,3,CAUTION,TARGET,2026-04-21,479.11,Target 1 Hit,5.84,,,
2026-04-21,14:59,Failed_Breakout_Short,Failed Breakout Short,INDIAMART,SHORT,2167.0,2167.0,2217.47,2091.3,2040.83,2.5,62,63.0,Consumer Services,ACCUMULATION,3,CAUTION,TARGET,2026-04-30,2091.3,Target 1 Hit,3.49,,,
2026-04-21,14:59,Failed_Breakout_Short,Failed Breakout Short,GLAND,SHORT,1781.0,1781.0,1827.34,1711.49,1693.3,1.9,57,62.0,Healthcare,ACCUMULATION,3,CAUTION,STOPPED,2026-04-23,1827.34,Stop Loss Hit,-2.6,,,
2026-04-22,12:01,EMA21_Bounce,21 EMA Bounce,LINDEINDIA,BUY,7272.0,7272.0,6902.0,7827.0,8197.0,2.5,55,99.0,Chemicals,ACCUMULATION,3,CAUTION,TARGET,2026-05-07,7827.0,Target 1 Hit,7.63,,,
2026-04-22,12:01,EMA21_Bounce,21 EMA Bounce,ONGC,BUY,283.65,283.65,278.1,291.97,297.52,2.5,60,95.0,Oil Gas & Consumable Fuels,ACCUMULATION,3,CAUTION,TARGET,2026-04-28,291.97,Target 1 Hit,2.93,,,
2026-04-22,12:01,EMA21_Bounce,21 EMA Bounce,GLENMARK,BUY,2240.0,2240.0,2150.31,2374.54,2464.23,2.5,55,84.0,Healthcare,ACCUMULATION,3,CAUTION,TARGET,2026-04-28,2374.54,Target 1 Hit,6.01,,,
2026-04-22,12:01,EMA21_Bounce,21 EMA Bounce,MARICO,BUY,772.5,772.5,747.1,810.6,812.18,1.6,55,63.0,Fast Moving Consumer Goods,ACCUMULATION,3,CAUTION,INVALID_DAY0,2026-04-22,747.1,Stop Loss Hit [v2 cleanup],-3.29,,,
2026-04-22,12:01,52WH_Breakout,52-Week High Breakout,MOTHERSON,BUY,131.76,131.76,123.52,144.12,152.36,2.5,62,91.0,Automobile and Auto Components,ACCUMULATION,3,CAUTION,INVALID_DAY0,2026-04-22,123.52,Stop Loss Hit [v2 cleanup],-6.25,,,
2026-04-22,12:01,52WH_Breakout,52-Week High Breakout,ADANIPOWER,BUY,215.65,215.65,203.22,269.76,357.31,8.0,62,100.0,Power,ACCUMULATION,3,CAUTION,INVALID_DAY0,2026-04-22,203.22,Stop Loss Hit [v2 cleanup],-5.76,,,
2026-04-22,12:01,52WH_Breakout,52-Week High Breakout,SIEMENS,BUY,3844.3,3844.3,3719.97,4030.8,4473.61,5.1,62,100.0,Capital Goods,ACCUMULATION,3,CAUTION,INVALID_DAY0,2026-04-22,3719.97,Stop Loss Hit [v2 cleanup],-3.23,,,
2026-04-22,12:01,Last30Min_ATH,Last 30 Min ATH,MOTHERSON,BUY,131.76,131.76,124.72,142.32,149.36,2.5,62,91.0,Automobile and Auto Components,ACCUMULATION,3,CAUTION,INVALID_DAY0,2026-04-22,124.72,Stop Loss Hit [v2 cleanup],-5.34,,,
2026-04-22,12:01,Last30Min_ATH,Last 30 Min ATH,ADANIPOWER,BUY,215.65,215.65,203.3,269.76,357.31,8.0,64,100.0,Power,ACCUMULATION,3,CAUTION,INVALID_DAY0,2026-04-22,203.3,Stop Loss Hit [v2 cleanup],-5.73,,,
2026-04-22,12:01,Last30Min_ATH,Last 30 Min ATH,NAM-INDIA,BUY,1060.1,1060.1,1040.05,1223.44,1487.74,8.0,60,100.0,Financial Services,ACCUMULATION,3,CAUTION,INVALID_DAY0,2026-04-22,1040.05,Stop Loss Hit [v2 cleanup],-1.89,,,
2026-04-22,12:01,Last30Min_ATH,Last 30 Min ATH,TORNTPOWER,BUY,1657.4,1657.4,1616.0,1906.58,2309.77,8.0,60,100.0,Power,ACCUMULATION,3,CAUTION,INVALID_DAY0,2026-04-22,1616.0,Stop Loss Hit [v2 cleanup],-2.5,,,
2026-04-22,12:01,Last30Min_ATH,Last 30 Min ATH,NTPC,BUY,405.4,405.4,393.2,449.78,521.6,8.0,60,96.0,Power,ACCUMULATION,3,CAUTION,INVALID_DAY0,2026-04-22,393.2,Stop Loss Hit [v2 cleanup],-3.01,,,
2026-04-22,12:01,Last30Min_ATH,Last 30 Min ATH,SCHAEFFLER,BUY,4288.8,4288.8,4152.0,4494.0,4630.8,2.5,58,84.0,Automobile and Auto Components,ACCUMULATION,3,CAUTION,INVALID_DAY0,2026-04-22,4152.0,Stop Loss Hit [v2 cleanup],-3.19,,,
2026-04-22,12:01,Failed_Breakout_Short,Failed Breakout Short,PAGEIND,SHORT,37855.0,37855.0,38801.61,36435.08,35488.47,2.5,62,81.0,Textiles,ACCUMULATION,3,CAUTION,TARGET,2026-04-22,36435.08,Target 1 Hit,3.75,,,
2026-04-22,12:01,Failed_Breakout_Short,Failed Breakout Short,ITC,SHORT,305.5,305.5,312.65,294.78,287.63,2.5,62,50.0,Fast Moving Consumer Goods,ACCUMULATION,3,CAUTION,STOPPED,2026-04-29,312.65,Stop Loss Hit,-2.34,,,
2026-04-22,12:01,Failed_Breakout_Short,Failed Breakout Short,ALKEM,SHORT,5627.0,5627.0,5782.35,5393.98,5238.63,2.5,62,55.0,Healthcare,ACCUMULATION,3,CAUTION,TARGET,2026-04-24,5393.98,Target 1 Hit,4.14,,,
2026-04-22,12:01,Failed_Breakout_Short,Failed Breakout Short,JSWSTEEL,SHORT,1263.4,1263.4,1306.56,1198.66,1155.5,2.5,62,73.0,Metals & Mining,ACCUMULATION,3,CAUTION,TARGET,2026-04-22,1198.66,Target 1 Hit,5.12,,,
2026-04-22,12:01,Failed_Breakout_Short,Failed Breakout Short,BRITANNIA,SHORT,5729.5,5729.5,5972.6,5364.85,5121.75,2.5,57,55.0,Fast Moving Consumer Goods,ACCUMULATION,3,CAUTION,TARGET,2026-05-12,5364.85,Target 1 Hit,6.36,,,
2026-04-22,12:01,Failed_Breakout_Short,Failed Breakout Short,APOLLOHOSP,SHORT,7662.0,7662.0,7853.27,7375.09,7183.82,2.5,57,72.0,Healthcare,ACCUMULATION,3,CAUTION,STOPPED,2026-04-28,7853.27,Stop Loss Hit,-2.5,,,
2026-04-22,12:01,Failed_Breakout_Short,Failed Breakout Short,TCS,SHORT,2538.5,2538.5,2634.27,2394.85,2348.0,2.0,62,19.0,Information Technology,ACCUMULATION,3,CAUTION,TARGET,2026-04-24,2394.85,Target 1 Hit,5.66,,,
2026-04-22,14:59,EMA21_Bounce,21 EMA Bounce,NATCOPHARM,BUY,1071.0,1071.0,1021.53,1145.2,1194.67,2.5,55,100.0,Healthcare,ACCUMULATION,3,CAUTION,TARGET,2026-05-06,1145.2,Target 1 Hit,6.93,,,
2026-04-22,14:59,EMA21_Bounce,21 EMA Bounce,ASTERDM,BUY,684.3,684.3,659.07,722.14,747.37,2.5,60,90.0,Healthcare,ACCUMULATION,3,CAUTION,TARGET,2026-04-27,722.14,Target 1 Hit,5.53,,,
2026-04-22,14:59,EMA21_Bounce,21 EMA Bounce,SAILIFE,BUY,1006.0,1006.0,937.83,1108.25,1176.42,2.5,65,91.0,Healthcare,ACCUMULATION,3,CAUTION,TARGET,2026-05-08,1108.25,Target 1 Hit,10.16,,,
2026-04-22,14:59,EMA21_Bounce,21 EMA Bounce,INDIANB,BUY,925.35,925.35,903.86,957.58,972.7,2.2,55,77.0,Financial Services,ACCUMULATION,3,CAUTION,STOPPED,2026-04-23,903.86,Stop Loss Hit,-2.32,,,
2026-04-22,14:59,EMA21_Bounce,21 EMA Bounce,EMCURE,BUY,1597.9,1597.9,1552.86,1665.46,1671.8,1.6,60,65.0,Healthcare,ACCUMULATION,3,CAUTION,INVALID_DAY0,2026-04-22,1665.46,Target 1 Hit [v2 cleanup],4.23,,,
2026-04-22,14:59,52WH_Breakout,52-Week High Breakout,TIMKEN,BUY,3633.0,3633.0,3551.41,4091.68,4833.88,8.0,62,100.0,Capital Goods,ACCUMULATION,3,CAUTION,INVALID_DAY0,2026-04-22,3551.41,Stop Loss Hit [v2 cleanup],-2.25,,,
2026-04-22,14:59,52WH_Breakout,52-Week High Breakout,ADANIENSOL,BUY,1368.1,1368.1,1262.53,1526.46,1717.27,3.3,62,100.0,Power,ACCUMULATION,3,CAUTION,INVALID_DAY0,2026-04-22,1262.53,Stop Loss Hit [v2 cleanup],-7.72,,,
2026-04-22,14:59,52WH_Breakout,52-Week High Breakout,WELCORP,BUY,1139.2,1139.2,1090.78,1211.83,1404.45,5.5,67,100.0,Capital Goods,ACCUMULATION,3,CAUTION,INVALID_DAY0,2026-04-22,1090.78,Stop Loss Hit [v2 cleanup],-4.25,,,
2026-04-22,14:59,52WH_Breakout,52-Week High Breakout,DATAPATTNS,BUY,3828.3,3828.3,3609.25,4156.88,4877.23,4.8,67,100.0,Capital Goods,ACCUMULATION,3,CAUTION,INVALID_DAY0,2026-04-22,3609.25,Stop Loss Hit [v2 cleanup],-5.72,,,
2026-04-22,14:59,Last30Min_ATH,Last 30 Min ATH,TIMKEN,BUY,3633.0,3633.0,3483.0,4091.68,4833.88,8.0,64,100.0,Capital Goods,ACCUMULATION,3,CAUTION,INVALID_DAY0,2026-04-22,3483.0,Stop Loss Hit [v2 cleanup],-4.13,,,
2026-04-22,14:59,Last30Min_ATH,Last 30 Min ATH,SCHNEIDER,BUY,1111.7,1111.7,1024.0,1445.33,1985.18,8.0,60,100.0,Capital Goods,ACCUMULATION,3,CAUTION,INVALID_DAY0,2026-04-22,1024.0,Stop Loss Hit [v2 cleanup],-7.89,,,
2026-04-22,14:59,Last30Min_ATH,Last 30 Min ATH,AARTIIND,BUY,470.4,470.4,448.5,503.25,552.19,3.7,58,100.0,Chemicals,ACCUMULATION,3,CAUTION,INVALID_DAY0,2026-04-22,448.5,Stop Loss Hit [v2 cleanup],-4.66,,,
2026-04-22,14:59,Last30Min_ATH,Last 30 Min ATH,ANURAS,BUY,1343.3,1343.3,1315.1,1407.0,1455.16,4.0,58,64.0,Chemicals,ACCUMULATION,3,CAUTION,INVALID_DAY0,2026-04-22,1315.1,Stop Loss Hit [v2 cleanup],-2.1,,,
2026-04-22,14:59,Failed_Breakout_Short,Failed Breakout Short,ZFCVINDIA,SHORT,15184.0,15184.0,15720.64,14379.04,14268.74,1.7,62,76.0,Automobile and Auto Components,ACCUMULATION,3,CAUTION,TARGET,2026-04-22,14379.04,Target 1 Hit,5.3,,,
2026-04-22,14:59,Failed_Breakout_Short,Failed Breakout Short,DELHIVERY,SHORT,462.7,462.7,483.45,431.58,410.83,2.5,62,91.0,Services,ACCUMULATION,3,CAUTION,STOPPED,2026-05-07,483.45,Stop Loss Hit,-4.48,,,
2026-04-22,14:59,Failed_Breakout_Short,Failed Breakout Short,360ONE,SHORT,1054.9,1054.9,1144.41,920.64,831.13,2.5,65,36.0,Financial Services,ACCUMULATION,3,CAUTION,EXPIRED,2026-05-25,1142.4,Expired (33d > 25d),-8.29,,,
2026-04-22,14:59,Failed_Breakout_Short,Failed Breakout Short,ZENSARTECH,SHORT,579.85,579.85,617.34,523.62,486.13,2.5,62,23.0,Information Technology,ACCUMULATION,3,CAUTION,TARGET,2026-04-29,523.62,Target 1 Hit,9.7,,,
2026-05-25,13:56,VCP,VCP (Minervini v2),CUMMINSIND,BUY,5382.0,5470.5,5121.76,6135.78,7212.28,5.0,46,96.0,Capital Goods,DISTRIBUTION,1,BLOCKED,EXPIRED,2026-06-22,5764.0,Expired (28d > 25d),5.37,42.6,WEAK,OK
2026-05-25,13:56,EMA21_Bounce,21 EMA Bounce,DIVISLAB,BUY,6756.5,6756.5,6608.85,6977.98,7039.45,1.9,55,79.0,Healthcare,DISTRIBUTION,1,BLOCKED,STOPPED,2026-05-29,6608.85,Stop Loss Hit,-2.19,61.8,MODERATE,OK
2026-05-25,13:56,EMA21_Bounce,21 EMA Bounce,SUNPHARMA,BUY,1840.6,1840.6,1805.54,1893.19,1916.6,2.2,50,79.0,Healthcare,DISTRIBUTION,1,BLOCKED,STOPPED,2026-05-29,1805.54,Stop Loss Hit,-1.9,52.1,MODERATE,OK
2026-05-25,13:56,EMA21_Bounce,21 EMA Bounce,NMDC,BUY,90.19,90.19,87.28,94.56,97.47,2.5,50,92.0,Metals & Mining,DISTRIBUTION,1,BLOCKED,TARGET,2026-06-02,94.56,Target 1 Hit,4.85,47.4,WEAK,OK
2026-05-25,13:56,EMA21_Bounce,21 EMA Bounce,ABB,BUY,6755.0,6755.0,6581.7,7363.79,7389.0,3.7,45,100.0,Capital Goods,DISTRIBUTION,1,BLOCKED,EXPIRED,2026-06-10,6801.0,Expired (16d > 15d),0.68,46.4,WEAK,OK
2026-05-25,13:56,EMA21_Bounce,21 EMA Bounce,FEDERALBNK,BUY,289.25,289.25,283.27,298.22,298.45,1.5,50,65.0,Financial Services,DISTRIBUTION,1,BLOCKED,TARGET,2026-06-03,298.22,Target 1 Hit,3.1,46.4,WEAK,OK
2026-05-25,13:56,EMA21_Bounce,21 EMA Bounce,GLENMARK,BUY,2337.0,2337.0,2229.63,2498.05,2605.42,2.5,45,96.0,Healthcare,DISTRIBUTION,1,BLOCKED,STOPPED,2026-06-01,2229.63,Stop Loss Hit,-4.59,45.7,WEAK,OK
2026-05-25,13:56,EMA21_Bounce,21 EMA Bounce,DRREDDY,BUY,1331.4,1331.4,1282.23,1405.16,1454.33,2.5,50,72.0,Healthcare,DISTRIBUTION,1,BLOCKED,STOPPED,2026-06-02,1282.23,Stop Loss Hit,-3.69,45.1,WEAK,OK
2026-05-25,13:56,EMA21_Bounce,21 EMA Bounce,AUBANK,BUY,999.3,999.3,973.4,1038.15,1052.3,2.0,50,60.0,Financial Services,DISTRIBUTION,1,BLOCKED,STOPPED,2026-05-29,973.4,Stop Loss Hit,-2.59,43.8,WEAK,OK
2026-05-25,13:56,EMA21_Bounce,21 EMA Bounce,SCHAEFFLER,BUY,4102.7,4102.7,4011.35,4239.72,4331.07,2.5,50,79.0,Automobile and Auto Components,DISTRIBUTION,1,BLOCKED,TARGET,2026-05-26,4239.72,Target 1 Hit,3.34,40.6,WEAK,OK
2026-05-25,13:56,52WH_Breakout,52-Week High Breakout,TORNTPHARM,BUY,4572.6,4572.6,4491.45,4712.9,5006.13,5.3,57,80.0,Healthcare,DISTRIBUTION,1,BLOCKED,STOPPED,2026-05-26,4491.45,Stop Loss Hit,-1.77,52.6,MODERATE,OK
2026-05-25,13:56,Last30Min_ATH,Last 30 Min ATH,IDEA,BUY,14.04,14.04,13.79,17.69,23.6,8.0,35,100.0,Telecommunication,DISTRIBUTION,1,BLOCKED,STOPPED,2026-06-10,13.79,Stop Loss Hit,-1.78,51.8,MODERATE,OK
2026-05-25,13:56,Last30Min_ATH,Last 30 Min ATH,ADANIPOWER,BUY,233.38,233.38,220.31,296.84,399.52,8.0,39,100.0,Power,DISTRIBUTION,1,BLOCKED,STOPPED,2026-06-10,220.31,Stop Loss Hit,-5.6,49.8,WEAK,OK
2026-05-25,13:56,Last30Min_ATH,Last 30 Min ATH,ADANIENT,BUY,2849.7,2849.7,2739.3,3527.46,4624.16,8.0,35,100.0,Metals & Mining,DISTRIBUTION,1,BLOCKED,EXPIRED,2026-06-10,2931.1,Expired (16d > 15d),2.86,46.6,WEAK,OK
2026-05-25,13:56,Last30Min_ATH,Last 30 Min ATH,ADANIGREEN,BUY,1411.1,1411.1,1365.8,1479.05,1787.89,8.0,33,100.0,Power,DISTRIBUTION,1,BLOCKED,TARGET,2026-05-27,1479.05,Target 1 Hit,4.82,45.6,WEAK,OK
2026-05-25,13:56,Last30Min_ATH,Last 30 Min ATH,NAVINFLUOR,BUY,7445.5,7445.5,7179.0,8544.92,10323.92,8.0,35,97.0,Chemicals,DISTRIBUTION,1,BLOCKED,STOPPED,2026-05-29,7179.0,Stop Loss Hit,-3.58,45.5,WEAK,OK
2026-05-25,13:56,Last30Min_ATH,Last 30 Min ATH,ZYDUSLIFE,BUY,1072.95,1072.95,1041.5,1120.12,1219.69,4.7,35,100.0,Healthcare,DISTRIBUTION,1,BLOCKED,EXPIRED,2026-06-10,1098.3,Expired (16d > 15d),2.36,42.3,WEAK,OK
2026-05-25,13:56,Last30Min_ATH,Last 30 Min ATH,DRREDDY,BUY,1331.4,1331.4,1298.7,1380.45,1413.15,2.5,37,72.0,Healthcare,DISTRIBUTION,1,BLOCKED,STOPPED,2026-05-29,1298.7,Stop Loss Hit,-2.46,37.5,WEAK,OK
2026-05-25,13:56,Failed_Breakout_Short,Failed Breakout Short,HINDALCO,SHORT,1099.6,1099.6,1128.97,1055.54,1026.17,2.5,72,100.0,Metals & Mining,DISTRIBUTION,1,IDEAL,STOPPED,2026-05-27,1128.97,Stop Loss Hit,-2.67,73.9,STRONG,OK
2026-05-25,13:56,Failed_Breakout_Short,Failed Breakout Short,PAGEIND,SHORT,38545.0,38545.0,40854.5,35080.75,32771.25,2.5,72,94.0,Textiles,DISTRIBUTION,1,IDEAL,EXPIRED,2026-06-22,39320.0,Expired (28d > 25d),-2.01,68.6,STRONG,OK
2026-05-25,16:09,VCP,VCP (Minervini v2),PNBHOUSING,BUY,1085.6,1098.8,1026.24,1207.64,1326.97,3.1,42,100.0,Financial Services,DISTRIBUTION,1,BLOCKED,STOPPED,2026-05-29,1026.24,Stop Loss Hit,-6.6,46.6,WEAK,OK
2026-05-25,16:09,EMA21_Bounce,21 EMA Bounce,PWL,BUY,110.99,110.99,106.71,117.41,121.69,2.5,50,81.0,Consumer Services,DISTRIBUTION,1,BLOCKED,TARGET,2026-05-29,117.41,Target 1 Hit,5.78,56.5,MODERATE,OK
2026-05-25,16:09,EMA21_Bounce,21 EMA Bounce,CESC,BUY,185.59,185.59,177.3,198.02,204.5,2.3,55,100.0,Power,DISTRIBUTION,1,BLOCKED,STOPPED,2026-06-02,177.3,Stop Loss Hit,-4.47,56.3,MODERATE,OK
2026-05-25,16:09,EMA21_Bounce,21 EMA Bounce,ATHERENERG,BUY,921.4,921.4,855.85,1019.72,1085.27,2.5,50,100.0,Automobile and Auto Components,DISTRIBUTION,1,BLOCKED,TARGET,2026-06-03,1019.72,Target 1 Hit,10.67,53.9,MODERATE,OK
2026-05-25,16:09,EMA21_Bounce,21 EMA Bounce,KIRLOSENG,BUY,1702.8,1702.8,1615.26,1834.11,1921.65,2.5,50,100.0,Capital Goods,DISTRIBUTION,1,BLOCKED,TARGET,2026-05-27,1834.11,Target 1 Hit,7.71,52.4,MODERATE,OK
2026-05-25,16:09,EMA21_Bounce,21 EMA Bounce,NATCOPHARM,BUY,1173.0,1173.0,1124.79,1245.32,1293.53,2.5,50,100.0,Healthcare,DISTRIBUTION,1,BLOCKED,STOPPED,2026-05-29,1124.79,Stop Loss Hit,-4.11,51.9,MODERATE,OK
2026-05-25,16:09,EMA21_Bounce,21 EMA Bounce,JINDALSAW,BUY,225.94,225.94,217.78,247.17,247.51,2.6,50,100.0,Capital Goods,DISTRIBUTION,1,BLOCKED,TARGET,2026-05-29,247.17,Target 1 Hit,9.4,51.3,MODERATE,OK
2026-05-25,16:09,EMA21_Bounce,21 EMA Bounce,HSCL,BUY,593.25,593.25,560.3,642.68,675.63,2.5,50,100.0,Chemicals,DISTRIBUTION,1,BLOCKED,TARGET,2026-06-04,642.68,Target 1 Hit,8.33,51.2,MODERATE,OK
2026-05-25,16:09,EMA21_Bounce,21 EMA Bounce,CHENNPETRO,BUY,1030.6,1030.6,1004.4,1069.9,1096.1,2.5,45,96.0,Oil Gas & Consumable Fuels,DISTRIBUTION,1,BLOCKED,TARGET,2026-05-29,1069.9,Target 1 Hit,3.81,47.2,WEAK,OK
2026-05-25,16:09,EMA21_Bounce,21 EMA Bounce,TENNIND,BUY,617.75,617.75,591.76,656.74,657.0,1.5,45,91.0,Automobile and Auto Components,DISTRIBUTION,1,BLOCKED,STOPPED,2026-05-29,591.76,Stop Loss Hit,-4.21,47.1,WEAK,OK
2026-05-25,16:09,EMA21_Bounce,21 EMA Bounce,LTF,BUY,279.35,279.35,267.77,296.72,297.76,1.6,45,55.0,Financial Services,DISTRIBUTION,1,BLOCKED,STOPPED,2026-06-02,267.77,Stop Loss Hit,-4.15,43.9,WEAK,OK
2026-05-25,16:09,EMA21_Bounce,21 EMA Bounce,GICRE,BUY,391.4,391.4,377.71,411.93,425.62,2.5,45,70.0,Financial Services,DISTRIBUTION,1,BLOCKED,STOPPED,2026-06-01,377.71,Stop Loss Hit,-3.5,43.8,WEAK,OK
2026-05-25,16:09,EMA21_Bounce,21 EMA Bounce,IFCI,BUY,61.75,61.75,59.92,64.5,66.33,2.5,50,65.0,Financial Services,DISTRIBUTION,1,BLOCKED,TARGET,2026-05-26,64.5,Target 1 Hit,4.45,42.5,WEAK,OK
2026-05-25,16:09,EMA21_Bounce,21 EMA Bounce,BHARATFORG,BUY,1918.3,1918.3,1862.65,2001.77,2044.0,2.3,50,82.0,Automobile and Auto Components,DISTRIBUTION,1,BLOCKED,EXPIRED,2026-06-10,1949.2,Expired (16d > 15d),1.61,42.1,WEAK,OK
2026-05-25,16:09,EMA21_Bounce,21 EMA Bounce,AARTIIND,BUY,482.6,482.6,465.55,512.4,523.1,2.4,50,76.0,Chemicals,DISTRIBUTION,1,BLOCKED,STOPPED,2026-06-01,465.55,Stop Loss Hit,-3.53,40.1,WEAK,OK
2026-05-25,16:09,EMA21_Bounce,21 EMA Bounce,BANKINDIA,BUY,146.01,146.01,139.19,156.24,163.06,2.5,45,36.0,Financial Services,DISTRIBUTION,1,BLOCKED,STOPPED,2026-06-01,139.19,Stop Loss Hit,-4.67,38.9,WEAK,OK
2026-05-25,16:09,52WH_Breakout,52-Week High Breakout,JBCHEPHARM,BUY,2228.4,2228.4,2193.18,2285.3,2435.92,5.9,52,88.0,Healthcare,DISTRIBUTION,1,BLOCKED,STOPPED,2026-05-26,2193.18,Stop Loss Hit,-1.58,52.4,MODERATE,OK
2026-05-25,16:09,Last30Min_ATH,Last 30 Min ATH,EMMVEE,BUY,290.25,290.25,265.25,327.75,358.38,2.7,37,100.0,Capital Goods,DISTRIBUTION,1,BLOCKED,TARGET,2026-05-29,327.75,Target 1 Hit,12.92,49.8,WEAK,OK
2026-05-25,16:09,Last30Min_ATH,Last 30 Min ATH,SCHNEIDER,BUY,1364.7,1364.7,1317.7,1695.42,2230.57,8.0,39,100.0,Capital Goods,DISTRIBUTION,1,BLOCKED,STOPPED,2026-05-29,1317.7,Stop Loss Hit,-3.44,49.8,WEAK,OK
2026-05-25,16:09,Last30Min_ATH,Last 30 Min ATH,HFCL,BUY,162.84,162.84,155.0,223.61,321.95,8.0,35,100.0,Telecommunication,DISTRIBUTION,1,BLOCKED,EXPIRED,2026-06-10,169.11,Expired (16d > 15d),3.85,48.3,WEAK,OK
2026-05-25,16:09,Last30Min_ATH,Last 30 Min ATH,LLOYDSME,BUY,1801.4,1801.4,1747.6,1882.1,2222.57,7.8,33,100.0,Metals & Mining,DISTRIBUTION,1,BLOCKED,TARGET,2026-05-27,1882.1,Target 1 Hit,4.48,47.6,WEAK,OK
2026-05-25,16:09,Last30Min_ATH,Last 30 Min ATH,HONASA,BUY,391.25,391.25,381.85,405.35,471.37,8.0,37,100.0,Fast Moving Consumer Goods,DISTRIBUTION,1,BLOCKED,TARGET,2026-05-27,405.35,Target 1 Hit,3.6,46.8,WEAK,OK
2026-05-25,16:09,Last30Min_ATH,Last 30 Min ATH,ANGELONE,BUY,346.45,346.45,342.0,432.56,571.89,8.0,35,100.0,Financial Services,DISTRIBUTION,1,BLOCKED,STOPPED,2026-05-27,342.0,Stop Loss Hit,-1.28,43.6,WEAK,OK
2026-05-25,16:09,Last30Min_ATH,Last 30 Min ATH,RBLBANK,BUY,343.35,343.35,337.45,352.2,377.93,5.9,35,70.0,Financial Services,DISTRIBUTION,1,BLOCKED,TARGET,2026-05-27,352.2,Target 1 Hit,2.58,36.7,WEAK,OK
2026-05-25,16:09,Failed_Breakout_Short,Failed Breakout Short,HONAUT,SHORT,34405.0,34405.0,36973.64,30552.04,27983.4,2.5,77,83.0,Capital Goods,DISTRIBUTION,1,IDEAL,STOPPED,2026-06-15,36973.64,Stop Loss Hit,-7.47,78.4,STRONG,OK
2026-05-25,16:09,Failed_Breakout_Short,Failed Breakout Short,VBL,SHORT,530.7,530.7,548.04,504.69,487.35,2.5,72,98.0,Fast Moving Consumer Goods,DISTRIBUTION,1,IDEAL,STOPPED,2026-06-17,548.04,Stop Loss Hit,-3.27,72.4,STRONG,OK
2026-05-25,16:09,Failed_Breakout_Short,Failed Breakout Short,TIMKEN,SHORT,3621.2,3621.2,3812.35,3334.47,3143.32,2.5,72,94.0,Capital Goods,DISTRIBUTION,1,IDEAL,STOPPED,2026-06-22,3812.35,Stop Loss Hit,-5.28,69.7,STRONG,OK
2026-05-25,16:09,Failed_Breakout_Short,Failed Breakout Short,NYKAA,SHORT,270.05,270.05,288.15,242.9,224.8,2.5,72,66.0,Consumer Services,DISTRIBUTION,1,IDEAL,STOPPED,2026-06-18,288.15,Stop Loss Hit,-6.7,56.3,MODERATE,OK
2026-05-26,13:47,VCP,VCP (Minervini v2),CUMMINSIND,BUY,5418.5,5470.5,5121.76,6135.78,7212.28,5.0,43,91.0,Capital Goods,DISTRIBUTION,0,BLOCKED,EXPIRED,2026-06-22,5764.0,Expired (27d > 25d),5.37,41.1,WEAK,OK
2026-05-26,13:47,EMA21_Bounce,21 EMA Bounce,NATIONALUM,BUY,416.2,416.2,399.46,441.31,458.05,2.5,50,100.0,Metals & Mining,DISTRIBUTION,0,BLOCKED,TARGET,2026-05-29,441.31,Target 1 Hit,6.03,58.1,MODERATE,OK
2026-05-26,13:47,EMA21_Bounce,21 EMA Bounce,MARICO,BUY,830.0,830.0,809.15,861.28,882.13,2.5,50,73.0,Fast Moving Consumer Goods,DISTRIBUTION,0,BLOCKED,STOPPED,2026-06-01,809.15,Stop Loss Hit,-2.51,53.1,MODERATE,OK
2026-05-26,13:47,EMA21_Bounce,21 EMA Bounce,NESTLEIND,BUY,1428.6,1428.6,1399.18,1472.73,1498.1,2.4,45,83.0,Fast Moving Consumer Goods,DISTRIBUTION,0,BLOCKED,STOPPED,2026-06-01,1399.18,Stop Loss Hit,-2.06,50.9,MODERATE,OK
2026-05-26,13:47,EMA21_Bounce,21 EMA Bounce,NMDC,BUY,90.67,90.67,87.8,94.98,97.85,2.5,50,88.0,Metals & Mining,DISTRIBUTION,0,BLOCKED,STOPPED,2026-05-29,87.8,Stop Loss Hit,-3.17,50.3,MODERATE,OK
2026-05-26,13:47,EMA21_Bounce,21 EMA Bounce,JSWSTEEL,BUY,1293.6,1293.6,1261.02,1342.47,1375.05,2.5,50,71.0,Metals & Mining,DISTRIBUTION,0,BLOCKED,STOPPED,2026-06-08,1261.02,Stop Loss Hit,-2.52,49.7,WEAK,OK
2026-05-26,13:47,EMA21_Bounce,21 EMA Bounce,SUNPHARMA,BUY,1840.8,1840.8,1796.81,1906.78,1950.77,2.5,50,76.0,Healthcare,DISTRIBUTION,0,BLOCKED,STOPPED,2026-05-29,1796.81,Stop Loss Hit,-2.39,49.2,WEAK,OK
2026-05-26,13:47,EMA21_Bounce,21 EMA Bounce,AUBANK,BUY,1011.8,1011.8,982.36,1055.96,1085.4,2.5,55,59.0,Financial Services,DISTRIBUTION,0,BLOCKED,STOPPED,2026-05-29,982.36,Stop Loss Hit,-2.91,48.2,WEAK,OK
2026-05-26,13:47,EMA21_Bounce,21 EMA Bounce,TATAPOWER,BUY,420.95,420.95,408.66,440.8,461.09,3.3,50,85.0,Power,DISTRIBUTION,0,BLOCKED,STOPPED,2026-06-02,408.66,Stop Loss Hit,-2.92,47.6,WEAK,OK
2026-05-26,13:47,EMA21_Bounce,21 EMA Bounce,GLENMARK,BUY,2351.4,2351.4,2280.5,2457.75,2528.65,2.5,50,92.0,Healthcare,DISTRIBUTION,0,BLOCKED,STOPPED,2026-05-29,2280.5,Stop Loss Hit,-3.02,46.3,WEAK,OK
2026-05-26,13:47,EMA21_Bounce,21 EMA Bounce,SCHAEFFLER,BUY,4196.1,4196.1,4040.04,4430.19,4586.25,2.5,55,80.0,Automobile and Auto Components,DISTRIBUTION,0,BLOCKED,STOPPED,2026-06-02,4040.04,Stop Loss Hit,-3.72,46.0,WEAK,OK
2026-05-26,13:47,EMA21_Bounce,21 EMA Bounce,ABB,BUY,6804.0,6804.0,6596.45,7389.0,7443.07,3.1,45,90.0,Capital Goods,DISTRIBUTION,0,BLOCKED,EXPIRED,2026-06-11,6719.0,Expired (16d > 15d),-1.25,43.9,WEAK,OK
2026-05-26,13:47,EMA21_Bounce,21 EMA Bounce,ASTRAL,BUY,1578.8,1578.8,1516.2,1672.7,1735.3,2.5,50,55.0,Capital Goods,DISTRIBUTION,0,BLOCKED,STOPPED,2026-06-02,1516.2,Stop Loss Hit,-3.97,30.7,WEAK,OK
2026-05-26,13:47,52WH_Breakout,52-Week High Breakout,ADANIPOWER,BUY,244.53,244.53,230.05,314.88,428.71,8.0,47,100.0,Power,DISTRIBUTION,0,BLOCKED,STOPPED,2026-06-02,230.05,Stop Loss Hit,-5.92,57.1,MODERATE,OK
2026-05-26,13:47,Last30Min_ATH,Last 30 Min ATH,IDEA,BUY,14.14,14.14,13.95,17.85,23.86,8.0,35,100.0,Telecommunication,DISTRIBUTION,0,BLOCKED,STOPPED,2026-05-29,13.95,Stop Loss Hit,-1.34,53.3,MODERATE,OK
2026-05-26,13:47,Last30Min_ATH,Last 30 Min ATH,BIOCON,BUY,436.15,436.15,429.5,496.99,595.44,8.0,35,89.0,Healthcare,DISTRIBUTION,0,BLOCKED,STOPPED,2026-05-29,429.5,Stop Loss Hit,-1.52,53.3,MODERATE,OK
2026-05-26,13:47,Last30Min_ATH,Last 30 Min ATH,ADANIPOWER,BUY,244.53,244.53,233.77,314.88,428.71,8.0,39,100.0,Power,DISTRIBUTION,0,BLOCKED,STOPPED,2026-06-01,233.77,Stop Loss Hit,-4.4,51.3,MODERATE,OK
2026-05-26,13:47,Last30Min_ATH,Last 30 Min ATH,BAJAJ-AUTO,BUY,10593.0,10593.0,10449.0,10809.0,11809.84,8.0,35,78.0,Automobile and Auto Components,DISTRIBUTION,0,BLOCKED,TARGET,2026-05-27,10809.0,Target 1 Hit,2.04,50.0,MODERATE,OK
2026-05-26,13:47,Last30Min_ATH,Last 30 Min ATH,ADANIENT,BUY,2969.3,2969.3,2825.0,3720.97,4937.27,8.0,39,100.0,Metals & Mining,DISTRIBUTION,0,BLOCKED,EXPIRED,2026-06-11,2908.8,Expired (16d > 15d),-2.04,49.7,WEAK,OK
2026-05-26,13:47,Last30Min_ATH,Last 30 Min ATH,ADANIGREEN,BUY,1457.4,1457.4,1403.2,1862.81,2518.81,8.0,35,100.0,Power,DISTRIBUTION,0,BLOCKED,STOPPED,2026-06-03,1403.2,Stop Loss Hit,-3.72,47.5,WEAK,OK
2026-05-26,13:47,Last30Min_ATH,Last 30 Min ATH,SAIL,BUY,203.84,203.84,198.35,212.08,241.9,6.9,33,100.0,Metals & Mining,DISTRIBUTION,0,BLOCKED,STOPPED,2026-06-04,198.35,Stop Loss Hit,-2.69,46.9,WEAK,OK
2026-05-26,13:47,Last30Min_ATH,Last 30 Min ATH,OFSS,BUY,9882.0,9882.0,9594.0,10314.0,12243.46,8.0,35,100.0,Information Technology,DISTRIBUTION,0,BLOCKED,TARGET,2026-05-27,10314.0,Target 1 Hit,4.37,46.3,WEAK,OK
2026-05-26,13:47,Last30Min_ATH,Last 30 Min ATH,MARICO,BUY,830.0,830.0,820.65,844.03,845.85,1.7,33,73.0,Fast Moving Consumer Goods,DISTRIBUTION,0,BLOCKED,TARGET,2026-05-27,844.03,Target 1 Hit,1.69,45.5,WEAK,OK
2026-05-26,13:47,Last30Min_ATH,Last 30 Min ATH,INDUSINDBK,BUY,932.3,932.3,921.0,957.9,968.85,3.2,33,63.0,Financial Services,DISTRIBUTION,0,BLOCKED,STOPPED,2026-05-29,921.0,Stop Loss Hit,-1.21,41.4,WEAK,OK
2026-05-26,13:47,Failed_Breakout_Short,Failed Breakout Short,WIPRO,SHORT,203.73,203.73,210.85,193.05,185.93,2.5,75,56.0,Information Technology,DISTRIBUTION,0,IDEAL,STOPPED,2026-05-29,210.85,Stop Loss Hit,-3.49,74.3,STRONG,OK
2026-05-26,13:47,Failed_Breakout_Short,Failed Breakout Short,TORNTPHARM,SHORT,4452.1,4452.1,4751.51,4002.99,3703.58,2.5,72,72.0,Healthcare,DISTRIBUTION,0,IDEAL,EXPIRED,2026-06-22,4457.0,Expired (27d > 25d),-0.11,68.4,STRONG,OK
2026-05-26,13:47,Failed_Breakout_Short,Failed Breakout Short,GAIL,SHORT,167.63,167.63,172.17,160.82,156.28,2.5,72,61.0,Oil Gas & Consumable Fuels,DISTRIBUTION,0,IDEAL,STOPPED,2026-06-15,172.17,Stop Loss Hit,-2.71,60.2,MODERATE,OK
2026-05-26,13:47,Failed_Breakout_Short,Failed Breakout Short,INDUSTOWER,SHORT,433.25,433.25,446.61,413.21,411.8,1.6,77,45.0,Telecommunication,DISTRIBUTION,0,IDEAL,STOPPED,2026-05-29,446.61,Stop Loss Hit,-3.08,57.5,MODERATE,OK
2026-05-26,16:59,VCP,VCP (Minervini v2),PNBHOUSING,BUY,1092.6,1098.8,1034.8,1194.8,1326.97,3.6,42,100.0,Financial Services,DISTRIBUTION,0,BLOCKED,STOPPED,2026-05-29,1034.8,Stop Loss Hit,-5.82,45.2,WEAK,OK
2026-05-26,16:59,VCP,VCP (Minervini v2),ASTERDM,BUY,757.6,776.55,717.05,884.94,1060.32,4.8,45,100.0,Healthcare,DISTRIBUTION,0,BLOCKED,STOPPED,2026-06-01,717.05,Stop Loss Hit,-7.66,44.3,WEAK,OK
2026-05-26,16:59,EMA21_Bounce,21 EMA Bounce,PREMIERENE,BUY,1016.8,1016.8,976.72,1076.92,1117.0,2.5,55,100.0,Capital Goods,DISTRIBUTION,0,BLOCKED,TARGET,2026-05-29,1076.92,Target 1 Hit,5.91,56.6,MODERATE,OK
2026-05-26,16:59,EMA21_Bounce,21 EMA Bounce,BELRISE,BUY,217.28,217.28,208.02,231.17,240.43,2.5,55,100.0,Automobile and Auto Components,DISTRIBUTION,0,BLOCKED,TARGET,2026-06-09,231.17,Target 1 Hit,6.39,55.4,MODERATE,OK
2026-05-26,16:59,EMA21_Bounce,21 EMA Bounce,APARINDS,BUY,12536.0,12536.0,12132.1,13141.85,13545.75,2.5,50,100.0,Capital Goods,DISTRIBUTION,0,BLOCKED,TARGET,2026-05-27,13141.85,Target 1 Hit,4.83,53.1,MODERATE,OK
2026-05-26,16:59,EMA21_Bounce,21 EMA Bounce,JINDALSAW,BUY,228.87,228.87,220.64,247.17,247.51,2.3,45,100.0,Capital Goods,DISTRIBUTION,0,BLOCKED,TARGET,2026-05-29,247.17,Target 1 Hit,8.0,52.7,MODERATE,OK
2026-05-26,16:59,EMA21_Bounce,21 EMA Bounce,AJANTPHARM,BUY,3097.1,3097.1,3019.53,3228.0,3314.9,2.8,50,73.0,Healthcare,DISTRIBUTION,0,BLOCKED,STOPPED,2026-05-27,3019.53,Stop Loss Hit,-2.5,52.0,MODERATE,OK
2026-05-26,16:59,EMA21_Bounce,21 EMA Bounce,IPCALAB,BUY,1578.0,1578.0,1539.99,1635.02,1673.03,2.5,50,80.0,Healthcare,DISTRIBUTION,0,BLOCKED,STOPPED,2026-05-29,1539.99,Stop Loss Hit,-2.41,48.9,WEAK,OK
2026-05-26,16:59,EMA21_Bounce,21 EMA Bounce,GICRE,BUY,393.45,393.45,385.18,405.85,414.12,2.5,45,69.0,Financial Services,DISTRIBUTION,0,BLOCKED,STOPPED,2026-05-29,385.18,Stop Loss Hit,-2.1,47.9,WEAK,OK
2026-05-26,16:59,EMA21_Bounce,21 EMA Bounce,OIL,BUY,492.1,492.1,475.94,516.34,532.5,2.5,45,69.0,Oil Gas & Consumable Fuels,DISTRIBUTION,0,BLOCKED,STOPPED,2026-05-29,475.94,Stop Loss Hit,-3.28,47.1,WEAK,OK
2026-05-26,16:59,EMA21_Bounce,21 EMA Bounce,ANTHEM,BUY,772.25,772.25,746.77,810.47,819.65,1.9,50,89.0,Healthcare,DISTRIBUTION,0,BLOCKED,STOPPED,2026-05-29,746.77,Stop Loss Hit,-3.3,46.2,WEAK,OK
2026-05-26,16:59,EMA21_Bounce,21 EMA Bounce,LTF,BUY,282.7,282.7,274.15,295.52,297.76,1.8,45,54.0,Financial Services,DISTRIBUTION,0,BLOCKED,STOPPED,2026-06-01,274.15,Stop Loss Hit,-3.02,43.4,WEAK,OK
2026-05-26,16:59,EMA21_Bounce,21 EMA Bounce,BHARATFORG,BUY,1930.4,1930.4,1867.32,2025.02,2044.0,1.8,50,79.0,Automobile and Auto Components,DISTRIBUTION,0,BLOCKED,EXPIRED,2026-06-11,1942.9,Expired (16d > 15d),0.65,41.3,WEAK,OK
2026-05-26,16:59,EMA21_Bounce,21 EMA Bounce,DELHIVERY,BUY,463.5,463.5,446.46,489.06,506.1,2.5,50,77.0,Services,DISTRIBUTION,0,BLOCKED,STOPPED,2026-06-01,446.46,Stop Loss Hit,-3.68,40.6,WEAK,OK
2026-05-26,16:59,EMA21_Bounce,21 EMA Bounce,IRB,BUY,21.66,21.66,20.9,22.8,23.56,2.5,50,76.0,Construction,DISTRIBUTION,0,BLOCKED,STOPPED,2026-06-01,20.9,Stop Loss Hit,-3.51,35.0,WEAK,OK
2026-05-26,16:59,EMA21_Bounce,21 EMA Bounce,KARURVYSYA,BUY,293.35,293.35,285.86,304.59,312.08,2.5,45,44.0,Financial Services,DISTRIBUTION,0,BLOCKED,STOPPED,2026-05-27,285.86,Stop Loss Hit,-2.55,33.0,WEAK,OK
2026-05-26,16:59,52WH_Breakout,52-Week High Breakout,SCHNEIDER,BUY,1376.8,1376.8,1336.41,1437.38,1715.0,8.0,47,100.0,Capital Goods,DISTRIBUTION,0,BLOCKED,STOPPED,2026-05-29,1336.41,Stop Loss Hit,-2.93,54.8,MODERATE,OK
2026-05-26,16:59,52WH_Breakout,52-Week High Breakout,AIAENG,BUY,4143.4,4143.4,4026.03,4319.45,4436.82,2.5,52,71.0,Capital Goods,DISTRIBUTION,0,BLOCKED,TARGET,2026-05-27,4319.45,Target 1 Hit,4.25,48.3,WEAK,OK
2026-05-26,16:59,Last30Min_ATH,Last 30 Min ATH,LLOYDSME,BUY,1853.7,1853.7,1809.6,2307.19,3040.99,8.0,35,100.0,Metals & Mining,DISTRIBUTION,0,BLOCKED,STOPPED,2026-05-29,1809.6,Stop Loss Hit,-2.38,47.5,WEAK,OK
2026-05-26,16:59,Last30Min_ATH,Last 30 Min ATH,SHYAMMETL,BUY,979.1,979.1,956.7,1012.7,1123.16,6.4,39,92.0,Capital Goods,DISTRIBUTION,0,BLOCKED,TARGET,2026-06-04,1012.7,Target 1 Hit,3.43,40.2,WEAK,OK
2026-05-26,16:59,Last30Min_ATH,Last 30 Min ATH,JSWENERGY,BUY,576.0,576.0,553.35,609.97,632.62,2.5,39,95.0,Power,DISTRIBUTION,0,BLOCKED,TARGET,2026-05-29,609.97,Target 1 Hit,5.9,40.0,WEAK,OK
2026-05-26,16:59,Failed_Breakout_Short,Failed Breakout Short,GLAND,SHORT,2307.9,2307.9,2427.24,2128.89,2009.55,2.5,77,100.0,Healthcare,DISTRIBUTION,0,IDEAL,EXPIRED,2026-06-22,2186.7,Expired (27d > 25d),5.25,73.4,STRONG,OK
2026-05-26,16:59,Failed_Breakout_Short,Failed Breakout Short,NH,SHORT,1891.4,1891.4,1986.75,1748.38,1653.03,2.5,72,69.0,Healthcare,DISTRIBUTION,0,IDEAL,STOPPED,2026-06-03,1986.75,Stop Loss Hit,-5.04,66.7,STRONG,OK
2026-05-26,16:59,Failed_Breakout_Short,Failed Breakout Short,SAILIFE,SHORT,1141.0,1141.0,1201.76,1049.86,989.1,2.5,72,100.0,Healthcare,DISTRIBUTION,0,IDEAL,STOPPED,2026-06-08,1201.76,Stop Loss Hit,-5.33,65.4,STRONG,OK
2026-05-26,16:59,Failed_Breakout_Short,Failed Breakout Short,TECHNOE,SHORT,1201.2,1201.2,1402.24,899.64,698.6,2.5,75,72.0,Construction,DISTRIBUTION,0,IDEAL,EXPIRED,2026-06-22,1094.1,Expired (27d > 25d),8.92,61.6,MODERATE,OK
2026-05-27,14:19,EMA21_Bounce,21 EMA Bounce,COALINDIA,BUY,463.05,463.05,421.65,525.15,566.55,2.5,55,80.0,Oil Gas & Consumable Fuels,DISTRIBUTION,0,BLOCKED,EXPIRED,2026-06-12,443.5,Expired (16d > 15d),-4.22,57.1,MODERATE,OK
2026-05-27,14:19,EMA21_Bounce,21 EMA Bounce,DIVISLAB,BUY,6797.5,6797.5,6623.41,7058.64,7232.73,2.5,50,79.0,Healthcare,DISTRIBUTION,0,BLOCKED,STOPPED,2026-05-29,6623.41,Stop Loss Hit,-2.56,52.0,MODERATE,OK
2026-05-27,14:19,EMA21_Bounce,21 EMA Bounce,GLENMARK,BUY,2384.9,2384.9,2283.89,2536.42,2637.43,2.5,50,97.0,Healthcare,DISTRIBUTION,0,BLOCKED,STOPPED,2026-05-29,2283.89,Stop Loss Hit,-4.24,48.9,WEAK,OK
2026-05-27,14:19,EMA21_Bounce,21 EMA Bounce,NTPC,BUY,398.15,398.15,386.29,415.94,427.8,2.5,55,75.0,Power,DISTRIBUTION,0,BLOCKED,STOPPED,2026-05-29,386.29,Stop Loss Hit,-2.98,46.2,WEAK,OK
2026-05-27,14:19,EMA21_Bounce,21 EMA Bounce,TATAPOWER,BUY,425.8,425.8,414.04,443.44,450.0,2.1,45,88.0,Power,DISTRIBUTION,0,BLOCKED,STOPPED,2026-06-02,414.04,Stop Loss Hit,-2.76,44.5,WEAK,OK
2026-05-27,14:19,EMA21_Bounce,21 EMA Bounce,TATASTEEL,BUY,214.7,214.7,208.11,224.58,231.17,2.5,55,69.0,Metals & Mining,DISTRIBUTION,0,BLOCKED,STOPPED,2026-05-29,208.11,Stop Loss Hit,-3.07,41.8,WEAK,OK
2026-05-27,14:19,52WH_Breakout,52-Week High Breakout,HINDALCO,BUY,1149.7,1149.7,1103.88,1343.6,1657.35,8.0,52,100.0,Metals & Mining,DISTRIBUTION,0,BLOCKED,STOPPED,2026-06-05,1103.88,Stop Loss Hit,-3.99,57.6,MODERATE,OK
2026-05-27,14:19,52WH_Breakout,52-Week High Breakout,NATIONALUM,BUY,433.05,433.05,424.23,446.28,455.1,2.5,47,100.0,Metals & Mining,DISTRIBUTION,0,BLOCKED,STOPPED,2026-05-29,424.23,Stop Loss Hit,-2.04,57.6,MODERATE,OK
2026-05-27,14:19,52WH_Breakout,52-Week High Breakout,CGPOWER,BUY,934.8,934.8,875.96,1115.26,1407.26,8.0,47,100.0,Capital Goods,DISTRIBUTION,0,BLOCKED,EXPIRED,2026-06-22,962.55,Expired (26d > 25d),2.97,55.6,MODERATE,OK
2026-05-27,14:19,52WH_Breakout,52-Week High Breakout,OFSS,BUY,10299.5,10299.5,9834.73,12918.98,17157.61,8.0,52,100.0,Information Technology,DISTRIBUTION,0,BLOCKED,STOPPED,2026-06-04,9834.73,Stop Loss Hit,-4.51,55.6,MODERATE,OK
2026-05-27,14:19,52WH_Breakout,52-Week High Breakout,ADANIPOWER,BUY,248.91,248.91,241.01,260.76,321.96,8.0,47,100.0,Power,DISTRIBUTION,0,BLOCKED,STOPPED,2026-06-01,241.01,Stop Loss Hit,-3.17,54.1,MODERATE,OK
2026-05-27,14:19,52WH_Breakout,52-Week High Breakout,CUMMINSIND,BUY,6027.5,6027.5,5385.54,6990.44,7037.0,1.6,52,100.0,Capital Goods,DISTRIBUTION,0,BLOCKED,EXPIRED,2026-06-22,5764.0,Expired (26d > 25d),-4.37,51.6,MODERATE,OK
2026-05-27,14:19,52WH_Breakout,52-Week High Breakout,ATGL,BUY,808.55,808.55,713.15,951.65,1022.22,2.2,52,100.0,Oil Gas & Consumable Fuels,DISTRIBUTION,0,BLOCKED,STOPPED,2026-06-03,713.15,Stop Loss Hit,-11.8,46.9,WEAK,OK
2026-05-27,14:19,52WH_Breakout,52-Week High Breakout,MOTHERSON,BUY,142.41,142.41,136.52,151.24,166.88,4.2,52,81.0,Automobile and Auto Components,DISTRIBUTION,0,BLOCKED,TARGET,2026-05-29,151.24,Target 1 Hit,6.2,45.8,WEAK,OK
2026-05-27,14:19,Last30Min_ATH,Near 52W High (EOD),HINDALCO,BUY,1149.7,1149.7,1118.3,1343.6,1657.35,8.0,39,100.0,Metals & Mining,DISTRIBUTION,0,BLOCKED,STOPPED,2026-06-05,1118.3,Stop Loss Hit,-2.73,51.8,MODERATE,OK
2026-05-27,14:19,Last30Min_ATH,Near 52W High (EOD),SIEMENS,BUY,3878.7,3878.7,3543.3,4381.8,4479.83,1.8,39,98.0,Capital Goods,DISTRIBUTION,0,BLOCKED,STOPPED,2026-06-11,3543.3,Stop Loss Hit,-8.65,50.3,MODERATE,OK
2026-05-27,14:19,Last30Min_ATH,Near 52W High (EOD),CGPOWER,BUY,934.8,934.8,882.0,1115.26,1407.26,8.0,39,100.0,Capital Goods,DISTRIBUTION,0,BLOCKED,EXPIRED,2026-06-12,914.45,Expired (16d > 15d),-2.18,49.8,WEAK,OK
2026-05-27,14:19,Last30Min_ATH,Near 52W High (EOD),OFSS,BUY,10299.5,10299.5,9911.0,12918.98,17157.61,8.0,39,100.0,Information Technology,DISTRIBUTION,0,BLOCKED,STOPPED,2026-05-29,9911.0,Stop Loss Hit,-3.77,49.8,WEAK,OK
2026-05-27,14:19,Last30Min_ATH,Near 52W High (EOD),NMDC,BUY,92.28,92.28,91.13,94.25,103.24,8.0,33,97.0,Metals & Mining,DISTRIBUTION,0,BLOCKED,STOPPED,2026-05-29,91.13,Stop Loss Hit,-1.25,47.4,WEAK,OK
2026-05-27,14:19,Failed_Breakout_Short,Failed Breakout Short,TATACOMM,SHORT,1966.6,1966.6,2076.0,1802.5,1693.1,2.5,77,97.0,Telecommunication,DISTRIBUTION,0,IDEAL,STOPPED,2026-06-22,2076.0,Stop Loss Hit,-5.56,75.4,STRONG,OK
2026-05-27,14:19,Failed_Breakout_Short,Failed Breakout Short,BSE,SHORT,4248.4,4248.4,4486.89,3890.66,3652.17,2.5,72,100.0,Financial Services,DISTRIBUTION,0,IDEAL,TARGET,2026-06-02,3890.66,Target 1 Hit,8.42,65.4,STRONG,OK
2026-05-27,14:19,Failed_Breakout_Short,Failed Breakout Short,LICI,SHORT,830.0,830.0,863.43,779.86,746.43,2.5,75,51.0,Financial Services,DISTRIBUTION,0,IDEAL,TARGET,2026-05-29,779.86,Target 1 Hit,6.04,61.5,MODERATE,OK
2026-05-27,14:19,Failed_Breakout_Short,Failed Breakout Short,ICICIBANK,SHORT,1272.7,1272.7,1308.68,1218.73,1182.75,2.5,72,45.0,Financial Services,DISTRIBUTION,0,IDEAL,TARGET,2026-06-03,1218.73,Target 1 Hit,4.24,56.7,MODERATE,OK
2026-05-27,14:19,Failed_Breakout_Short,Failed Breakout Short,MFSL,SHORT,1682.3,1682.3,1762.76,1561.61,1481.15,2.5,72,43.0,Financial Services,DISTRIBUTION,0,IDEAL,TARGET,2026-06-03,1561.61,Target 1 Hit,7.17,50.4,MODERATE,OK
2026-05-27,16:51,VCP,VCP (Minervini v2),PNBHOUSING,BUY,1077.9,1105.0,1034.8,1210.3,1337.0,3.3,42,100.0,Financial Services,DISTRIBUTION,0,BLOCKED,STOPPED,2026-05-29,1034.8,Stop Loss Hit,-6.35,43.5,WEAK,OK
2026-05-27,16:51,EMA21_Bounce,21 EMA Bounce,EMCURE,BUY,1725.3,1725.3,1652.72,1834.17,1906.75,2.5,50,100.0,Healthcare,DISTRIBUTION,0,BLOCKED,EXPIRED,2026-06-12,1736.2,Expired (16d > 15d),0.63,56.1,MODERATE,OK
2026-05-27,16:51,EMA21_Bounce,21 EMA Bounce,CARBORUNIV,BUY,1035.0,1035.0,981.81,1166.4,1220.28,3.5,50,100.0,Capital Goods,DISTRIBUTION,0,BLOCKED,EXPIRED,2026-06-12,1053.1,Expired (16d > 15d),1.75,53.1,MODERATE,OK
2026-05-27,16:51,EMA21_Bounce,21 EMA Bounce,CHENNPETRO,BUY,1053.1,1053.1,996.62,1137.82,1194.3,2.5,45,100.0,Oil Gas & Consumable Fuels,DISTRIBUTION,0,BLOCKED,TARGET,2026-06-02,1137.82,Target 1 Hit,8.04,49.8,WEAK,OK
2026-05-27,16:51,EMA21_Bounce,21 EMA Bounce,ABSLAMC,BUY,1027.3,1027.3,978.79,1100.06,1148.57,2.5,45,87.0,Financial Services,DISTRIBUTION,0,BLOCKED,TARGET,2026-06-10,1100.06,Target 1 Hit,7.08,44.4,WEAK,OK
2026-05-27,16:51,EMA21_Bounce,21 EMA Bounce,TENNIND,BUY,615.25,615.25,593.78,647.46,668.93,2.5,45,77.0,Automobile and Auto Components,DISTRIBUTION,0,BLOCKED,STOPPED,2026-05-29,593.78,Stop Loss Hit,-3.49,41.0,WEAK,OK
2026-05-27,16:51,EMA21_Bounce,21 EMA Bounce,LTF,BUY,281.7,281.7,274.76,292.28,297.76,2.3,45,53.0,Financial Services,DISTRIBUTION,0,BLOCKED,STOPPED,2026-06-01,274.76,Stop Loss Hit,-2.46,40.8,WEAK,OK
2026-05-27,16:51,EMA21_Bounce,21 EMA Bounce,KARURVYSYA,BUY,294.05,294.05,280.07,315.02,329.0,2.5,45,44.0,Financial Services,DISTRIBUTION,0,BLOCKED,STOPPED,2026-06-05,280.07,Stop Loss Hit,-4.75,37.2,WEAK,OK
2026-05-27,16:51,52WH_Breakout,52-Week High Breakout,USHAMART,BUY,510.45,510.45,481.29,554.19,591.07,2.8,57,100.0,Capital Goods,DISTRIBUTION,0,BLOCKED,STOPPED,2026-06-10,481.29,Stop Loss Hit,-5.71,60.6,MODERATE,OK
2026-05-27,16:51,52WH_Breakout,52-Week High Breakout,GRANULES,BUY,782.6,782.6,767.41,805.39,927.95,8.0,57,100.0,Healthcare,DISTRIBUTION,0,BLOCKED,STOPPED,2026-06-08,767.41,Stop Loss Hit,-1.94,57.1,MODERATE,OK
2026-05-27,16:51,52WH_Breakout,52-Week High Breakout,APARINDS,BUY,13426.0,13426.0,12896.07,14220.9,16250.26,5.3,57,100.0,Capital Goods,DISTRIBUTION,0,BLOCKED,STOPPED,2026-05-29,12896.07,Stop Loss Hit,-3.95,56.3,MODERATE,OK
2026-05-27,16:51,52WH_Breakout,52-Week High Breakout,FINCABLES,BUY,1177.25,1177.25,1146.83,1431.71,1843.46,8.0,57,100.0,Capital Goods,DISTRIBUTION,0,BLOCKED,STOPPED,2026-05-29,1146.83,Stop Loss Hit,-2.58,55.6,MODERATE,OK
2026-05-27,16:51,52WH_Breakout,52-Week High Breakout,ADANIENSOL,BUY,1540.1,1540.1,1453.54,1669.94,1933.74,4.5,47,100.0,Power,DISTRIBUTION,0,BLOCKED,STOPPED,2026-06-03,1453.54,Stop Loss Hit,-5.62,54.1,MODERATE,OK
2026-05-27,16:51,52WH_Breakout,52-Week High Breakout,POWERINDIA,BUY,37550.0,37550.0,36010.36,46294.7,60444.7,8.0,47,100.0,Capital Goods,DISTRIBUTION,0,BLOCKED,STOPPED,2026-06-02,36010.36,Stop Loss Hit,-4.1,54.1,MODERATE,OK
2026-05-27,16:51,52WH_Breakout,52-Week High Breakout,GVT&D,BUY,5097.7,5097.7,4847.32,5473.27,6153.06,4.2,52,100.0,Capital Goods,DISTRIBUTION,0,BLOCKED,STOPPED,2026-06-01,4847.32,Stop Loss Hit,-4.91,51.1,MODERATE,OK
2026-05-27,16:51,52WH_Breakout,52-Week High Breakout,AIAENG,BUY,4428.1,4428.1,4120.89,4888.92,5154.5,2.4,57,87.0,Capital Goods,DISTRIBUTION,0,BLOCKED,EXPIRED,2026-06-22,4848.0,Expired (26d > 25d),9.48,51.0,MODERATE,OK
2026-05-27,16:51,52WH_Breakout,52-Week High Breakout,ENRIN,BUY,3766.1,3766.1,3601.06,4013.66,4535.14,4.7,57,100.0,Capital Goods,DISTRIBUTION,0,BLOCKED,STOPPED,2026-06-02,3601.06,Stop Loss Hit,-4.38,49.4,WEAK,OK
2026-05-27,16:51,52WH_Breakout,52-Week High Breakout,JSWENERGY,BUY,602.05,602.05,571.45,647.95,687.06,2.8,57,100.0,Power,DISTRIBUTION,0,BLOCKED,STOPPED,2026-06-02,571.45,Stop Loss Hit,-5.08,46.5,WEAK,OK
2026-05-27,16:51,Last30Min_ATH,Near 52W High (EOD),FINCABLES,BUY,1177.25,1177.25,1090.5,1431.71,1843.46,7.7,39,100.0,Capital Goods,DISTRIBUTION,0,BLOCKED,STOPPED,2026-06-01,1090.5,Stop Loss Hit,-7.37,49.8,WEAK,OK
2026-05-27,16:51,Last30Min_ATH,Near 52W High (EOD),JINDALSAW,BUY,246.07,246.07,228.2,272.88,300.74,3.1,37,100.0,Capital Goods,DISTRIBUTION,0,BLOCKED,STOPPED,2026-06-10,228.2,Stop Loss Hit,-7.26,49.4,WEAK,OK
2026-05-27,16:51,Last30Min_ATH,Near 52W High (EOD),WELCORP,BUY,1372.9,1372.9,1319.0,1752.29,2366.19,8.0,35,100.0,Capital Goods,DISTRIBUTION,0,BLOCKED,EXPIRED,2026-06-12,1402.3,Expired (16d > 15d),2.14,49.0,WEAK,OK
2026-05-27,16:51,Last30Min_ATH,Near 52W High (EOD),POWERINDIA,BUY,37550.0,37550.0,35985.0,46294.7,60444.7,8.0,39,100.0,Capital Goods,DISTRIBUTION,0,BLOCKED,STOPPED,2026-06-02,35985.0,Stop Loss Hit,-4.17,48.3,WEAK,OK
2026-05-27,16:51,Last30Min_ATH,Near 52W High (EOD),KIRLOSENG,BUY,1830.0,1830.0,1745.1,2185.41,2760.51,8.0,35,100.0,Capital Goods,DISTRIBUTION,0,BLOCKED,EXPIRED,2026-06-12,1890.5,Expired (16d > 15d),3.31,48.3,WEAK,OK
2026-05-27,16:51,Last30Min_ATH,Near 52W High (EOD),PIRAMALFIN,BUY,1985.9,1985.9,1944.0,2048.75,2090.65,2.5,33,88.0,Financial Services,DISTRIBUTION,0,BLOCKED,STOPPED,2026-05-29,1944.0,Stop Loss Hit,-2.11,48.1,WEAK,OK
2026-05-27,16:51,Last30Min_ATH,Near 52W High (EOD),EMMVEE,BUY,312.1,312.1,296.0,393.74,525.84,8.0,39,100.0,Capital Goods,DISTRIBUTION,0,BLOCKED,EXPIRED,2026-06-12,343.55,Expired (16d > 15d),10.08,42.3,WEAK,OK
2026-05-27,16:51,Last30Min_ATH,Near 52W High (EOD),HONASA,BUY,419.95,419.95,393.2,517.81,676.16,8.0,35,100.0,Fast Moving Consumer Goods,DISTRIBUTION,0,BLOCKED,EXPIRED,2026-06-12,413.65,Expired (16d > 15d),-1.5,39.3,WEAK,OK
2026-05-27,16:51,Failed_Breakout_Short,Failed Breakout Short,BLUEJET,SHORT,470.25,470.25,529.39,381.54,322.4,2.5,72,100.0,Healthcare,DISTRIBUTION,0,IDEAL,STOPPED,2026-06-18,529.39,Stop Loss Hit,-12.58,70.4,STRONG,OK
2026-05-27,16:51,Failed_Breakout_Short,Failed Breakout Short,SHYAMMETL,SHORT,976.05,976.05,1002.41,936.51,910.15,2.5,77,95.0,Capital Goods,DISTRIBUTION,0,IDEAL,STOPPED,2026-06-04,1002.41,Stop Loss Hit,-2.7,69.8,STRONG,OK
2026-05-27,16:51,Failed_Breakout_Short,Failed Breakout Short,ZFCVINDIA,SHORT,14868.0,14868.0,15501.14,13918.29,13285.15,2.5,72,54.0,Automobile and Auto Components,DISTRIBUTION,0,IDEAL,STOPPED,2026-06-18,15501.14,Stop Loss Hit,-4.26,54.5,MODERATE,OK
2026-05-28,14:29,EMA21_Bounce,21 EMA Bounce,COALINDIA,BUY,463.05,463.05,421.65,525.15,566.55,2.5,55,80.0,Oil Gas & Consumable Fuels,DISTRIBUTION,0,BLOCKED,EXPIRED,2026-06-15,444.05,Expired (18d > 15d),-4.1,57.1,MODERATE,OK
2026-05-28,14:29,EMA21_Bounce,21 EMA Bounce,DIVISLAB,BUY,6797.5,6797.5,6623.41,7058.64,7232.73,2.5,50,79.0,Healthcare,DISTRIBUTION,0,BLOCKED,STOPPED,2026-05-29,6623.41,Stop Loss Hit,-2.56,52.0,MODERATE,OK
2026-05-28,14:29,EMA21_Bounce,21 EMA Bounce,GLENMARK,BUY,2384.9,2384.9,2283.89,2536.42,2637.43,2.5,50,97.0,Healthcare,DISTRIBUTION,0,BLOCKED,STOPPED,2026-05-29,2283.89,Stop Loss Hit,-4.24,48.9,WEAK,OK
2026-05-28,14:29,EMA21_Bounce,21 EMA Bounce,NTPC,BUY,398.15,398.15,386.29,415.94,427.8,2.5,55,75.0,Power,DISTRIBUTION,0,BLOCKED,STOPPED,2026-05-29,386.29,Stop Loss Hit,-2.98,46.2,WEAK,OK
2026-05-28,14:29,EMA21_Bounce,21 EMA Bounce,TATAPOWER,BUY,425.8,425.8,414.04,443.44,450.0,2.1,45,88.0,Power,DISTRIBUTION,0,BLOCKED,STOPPED,2026-06-02,414.04,Stop Loss Hit,-2.76,44.5,WEAK,OK
2026-05-28,14:29,EMA21_Bounce,21 EMA Bounce,TATASTEEL,BUY,214.7,214.7,208.11,224.58,231.17,2.5,55,69.0,Metals & Mining,DISTRIBUTION,0,BLOCKED,STOPPED,2026-05-29,208.11,Stop Loss Hit,-3.07,41.8,WEAK,OK
2026-05-28,14:29,52WH_Breakout,52-Week High Breakout,NATIONALUM,BUY,433.05,433.05,424.23,446.28,455.1,2.5,47,100.0,Metals & Mining,DISTRIBUTION,0,BLOCKED,STOPPED,2026-05-29,424.23,Stop Loss Hit,-2.04,57.6,MODERATE,OK
2026-05-28,14:29,52WH_Breakout,52-Week High Breakout,HINDALCO,BUY,1149.7,1149.7,1103.88,1343.6,1657.35,8.0,52,100.0,Metals & Mining,DISTRIBUTION,0,BLOCKED,STOPPED,2026-06-05,1103.88,Stop Loss Hit,-3.99,57.6,MODERATE,OK
2026-05-28,14:29,52WH_Breakout,52-Week High Breakout,OFSS,BUY,10299.5,10299.5,9834.73,12918.98,17157.61,8.0,52,100.0,Information Technology,DISTRIBUTION,0,BLOCKED,STOPPED,2026-06-04,9834.73,Stop Loss Hit,-4.51,55.6,MODERATE,OK
2026-05-28,14:29,52WH_Breakout,52-Week High Breakout,CGPOWER,BUY,934.8,934.8,875.96,1115.26,1407.26,8.0,47,100.0,Capital Goods,DISTRIBUTION,0,BLOCKED,EXPIRED,2026-06-23,950.5,Expired (26d > 25d),1.68,55.6,MODERATE,OK
2026-05-28,14:29,52WH_Breakout,52-Week High Breakout,ADANIPOWER,BUY,248.91,248.91,241.01,260.76,321.96,8.0,47,100.0,Power,DISTRIBUTION,0,BLOCKED,STOPPED,2026-06-01,241.01,Stop Loss Hit,-3.17,54.1,MODERATE,OK
2026-05-28,14:29,52WH_Breakout,52-Week High Breakout,CUMMINSIND,BUY,6027.5,6027.5,5385.54,6990.44,7037.0,1.6,52,100.0,Capital Goods,DISTRIBUTION,0,BLOCKED,EXPIRED,2026-06-23,5735.5,Expired (26d > 25d),-4.84,51.6,MODERATE,OK
2026-05-28,14:29,52WH_Breakout,52-Week High Breakout,ATGL,BUY,808.55,808.55,713.15,951.65,1022.22,2.2,52,100.0,Oil Gas & Consumable Fuels,DISTRIBUTION,0,BLOCKED,STOPPED,2026-06-03,713.15,Stop Loss Hit,-11.8,46.9,WEAK,OK
2026-05-28,14:29,52WH_Breakout,52-Week High Breakout,MOTHERSON,BUY,142.41,142.41,136.52,151.24,166.88,4.2,52,81.0,Automobile and Auto Components,DISTRIBUTION,0,BLOCKED,TARGET,2026-05-29,151.24,Target 1 Hit,6.2,45.8,WEAK,OK
2026-05-28,14:29,Last30Min_ATH,Near 52W High (EOD),HINDALCO,BUY,1149.7,1149.7,1118.3,1343.6,1657.35,8.0,39,100.0,Metals & Mining,DISTRIBUTION,0,BLOCKED,STOPPED,2026-06-05,1118.3,Stop Loss Hit,-2.73,51.8,MODERATE,OK
2026-05-28,14:29,Last30Min_ATH,Near 52W High (EOD),SIEMENS,BUY,3878.7,3878.7,3543.3,4381.8,4479.83,1.8,39,98.0,Capital Goods,DISTRIBUTION,0,BLOCKED,STOPPED,2026-06-11,3543.3,Stop Loss Hit,-8.65,50.3,MODERATE,OK
2026-05-28,14:29,Last30Min_ATH,Near 52W High (EOD),OFSS,BUY,10299.5,10299.5,9911.0,12918.98,17157.61,8.0,39,100.0,Information Technology,DISTRIBUTION,0,BLOCKED,STOPPED,2026-05-29,9911.0,Stop Loss Hit,-3.77,49.8,WEAK,OK
2026-05-28,14:29,Last30Min_ATH,Near 52W High (EOD),CGPOWER,BUY,934.8,934.8,882.0,1115.26,1407.26,8.0,39,100.0,Capital Goods,DISTRIBUTION,0,BLOCKED,EXPIRED,2026-06-15,935.5,Expired (18d > 15d),0.07,49.8,WEAK,OK
2026-05-28,14:29,Last30Min_ATH,Near 52W High (EOD),NMDC,BUY,92.28,92.28,91.13,94.25,103.24,8.0,33,97.0,Metals & Mining,DISTRIBUTION,0,BLOCKED,STOPPED,2026-05-29,91.13,Stop Loss Hit,-1.25,47.4,WEAK,OK
2026-05-28,14:29,Failed_Breakout_Short,Failed Breakout Short,TATACOMM,SHORT,1966.6,1966.6,2076.0,1802.5,1693.1,2.5,77,97.0,Telecommunication,DISTRIBUTION,0,IDEAL,STOPPED,2026-06-22,2076.0,Stop Loss Hit,-5.56,75.4,STRONG,OK
2026-05-28,14:29,Failed_Breakout_Short,Failed Breakout Short,BSE,SHORT,4248.4,4248.4,4486.89,3890.66,3652.17,2.5,72,100.0,Financial Services,DISTRIBUTION,0,IDEAL,TARGET,2026-06-02,3890.66,Target 1 Hit,8.42,65.4,STRONG,OK
2026-05-28,14:29,Failed_Breakout_Short,Failed Breakout Short,LICI,SHORT,415.0,415.0,431.71,389.94,373.23,2.5,75,51.0,Financial Services,DISTRIBUTION,0,IDEAL,STOPPED,2026-06-18,431.71,Stop Loss Hit,-4.03,61.5,MODERATE,OK
2026-05-28,14:29,Failed_Breakout_Short,Failed Breakout Short,ICICIBANK,SHORT,1272.7,1272.7,1308.68,1218.73,1182.75,2.5,72,45.0,Financial Services,DISTRIBUTION,0,IDEAL,TARGET,2026-06-03,1218.73,Target 1 Hit,4.24,56.7,MODERATE,OK
2026-05-28,14:29,Failed_Breakout_Short,Failed Breakout Short,MFSL,SHORT,1682.3,1682.3,1762.76,1561.61,1481.15,2.5,72,43.0,Financial Services,DISTRIBUTION,0,IDEAL,TARGET,2026-06-03,1561.61,Target 1 Hit,7.17,50.4,MODERATE,OK
2026-05-28,17:10,VCP,VCP (Minervini v2),PNBHOUSING,BUY,1077.9,1105.0,1034.8,1210.3,1337.0,3.3,42,100.0,Financial Services,DISTRIBUTION,0,BLOCKED,STOPPED,2026-05-29,1034.8,Stop Loss Hit,-6.35,43.5,WEAK,OK
2026-05-28,17:10,EMA21_Bounce,21 EMA Bounce,EMCURE,BUY,1725.3,1725.3,1652.72,1834.17,1906.75,2.5,50,100.0,Healthcare,DISTRIBUTION,0,BLOCKED,EXPIRED,2026-06-15,1705.6,Expired (18d > 15d),-1.14,56.1,MODERATE,OK
2026-05-28,17:10,EMA21_Bounce,21 EMA Bounce,CARBORUNIV,BUY,1035.0,1035.0,981.81,1166.4,1220.28,3.5,50,100.0,Capital Goods,DISTRIBUTION,0,BLOCKED,EXPIRED,2026-06-15,1065.9,Expired (18d > 15d),2.99,53.1,MODERATE,OK
2026-05-28,17:10,EMA21_Bounce,21 EMA Bounce,CHENNPETRO,BUY,1053.1,1053.1,996.62,1137.82,1194.3,2.5,45,100.0,Oil Gas & Consumable Fuels,DISTRIBUTION,0,BLOCKED,TARGET,2026-06-02,1137.82,Target 1 Hit,8.04,49.8,WEAK,OK
2026-05-28,17:10,EMA21_Bounce,21 EMA Bounce,ABSLAMC,BUY,1027.3,1027.3,978.79,1100.06,1148.57,2.5,45,87.0,Financial Services,DISTRIBUTION,0,BLOCKED,TARGET,2026-06-10,1100.06,Target 1 Hit,7.08,44.4,WEAK,OK
2026-05-28,17:10,EMA21_Bounce,21 EMA Bounce,TENNIND,BUY,615.25,615.25,593.78,647.46,668.93,2.5,45,77.0,Automobile and Auto Components,DISTRIBUTION,0,BLOCKED,STOPPED,2026-05-29,593.78,Stop Loss Hit,-3.49,41.0,WEAK,OK
2026-05-28,17:10,EMA21_Bounce,21 EMA Bounce,LTF,BUY,281.7,281.7,274.76,292.28,297.76,2.3,45,53.0,Financial Services,DISTRIBUTION,0,BLOCKED,STOPPED,2026-06-01,274.76,Stop Loss Hit,-2.46,40.8,WEAK,OK
2026-05-28,17:10,EMA21_Bounce,21 EMA Bounce,KARURVYSYA,BUY,294.05,294.05,280.07,315.02,329.0,2.5,45,44.0,Financial Services,DISTRIBUTION,0,BLOCKED,STOPPED,2026-06-05,280.07,Stop Loss Hit,-4.75,37.2,WEAK,OK
2026-05-28,17:10,52WH_Breakout,52-Week High Breakout,USHAMART,BUY,510.45,510.45,481.29,554.19,591.07,2.8,57,100.0,Capital Goods,DISTRIBUTION,0,BLOCKED,STOPPED,2026-06-10,481.29,Stop Loss Hit,-5.71,60.6,MODERATE,OK
2026-05-28,17:10,52WH_Breakout,52-Week High Breakout,GRANULES,BUY,782.6,782.6,767.41,805.39,927.95,8.0,57,100.0,Healthcare,DISTRIBUTION,0,BLOCKED,STOPPED,2026-06-08,767.41,Stop Loss Hit,-1.94,57.1,MODERATE,OK
2026-05-28,17:10,52WH_Breakout,52-Week High Breakout,APARINDS,BUY,13426.0,13426.0,12896.07,14220.9,16250.26,5.3,57,100.0,Capital Goods,DISTRIBUTION,0,BLOCKED,STOPPED,2026-05-29,12896.07,Stop Loss Hit,-3.95,56.3,MODERATE,OK
2026-05-28,17:10,52WH_Breakout,52-Week High Breakout,FINCABLES,BUY,1177.25,1177.25,1146.83,1431.71,1843.46,8.0,57,100.0,Capital Goods,DISTRIBUTION,0,BLOCKED,STOPPED,2026-05-29,1146.83,Stop Loss Hit,-2.58,55.6,MODERATE,OK
2026-05-28,17:10,52WH_Breakout,52-Week High Breakout,ADANIENSOL,BUY,1540.1,1540.1,1453.54,1669.94,1933.74,4.5,47,100.0,Power,DISTRIBUTION,0,BLOCKED,STOPPED,2026-06-03,1453.54,Stop Loss Hit,-5.62,54.1,MODERATE,OK
2026-05-28,17:10,52WH_Breakout,52-Week High Breakout,POWERINDIA,BUY,37550.0,37550.0,36010.36,46294.7,60444.7,8.0,47,100.0,Capital Goods,DISTRIBUTION,0,BLOCKED,STOPPED,2026-06-02,36010.36,Stop Loss Hit,-4.1,54.1,MODERATE,OK
2026-05-28,17:10,52WH_Breakout,52-Week High Breakout,GVT&D,BUY,5097.7,5097.7,4847.32,5473.27,6153.06,4.2,52,100.0,Capital Goods,DISTRIBUTION,0,BLOCKED,STOPPED,2026-06-01,4847.32,Stop Loss Hit,-4.91,51.1,MODERATE,OK
2026-05-28,17:10,52WH_Breakout,52-Week High Breakout,AIAENG,BUY,4428.1,4428.1,4120.89,4888.92,5154.5,2.4,57,87.0,Capital Goods,DISTRIBUTION,0,BLOCKED,TARGET,2026-06-23,4888.92,Target 1 Hit,10.41,51.0,MODERATE,OK
2026-05-28,17:10,52WH_Breakout,52-Week High Breakout,ENRIN,BUY,3766.1,3766.1,3601.06,4013.66,4535.14,4.7,57,100.0,Capital Goods,DISTRIBUTION,0,BLOCKED,STOPPED,2026-06-02,3601.06,Stop Loss Hit,-4.38,49.4,WEAK,OK
2026-05-28,17:10,52WH_Breakout,52-Week High Breakout,JSWENERGY,BUY,602.05,602.05,571.45,647.95,687.06,2.8,57,100.0,Power,DISTRIBUTION,0,BLOCKED,STOPPED,2026-06-02,571.45,Stop Loss Hit,-5.08,46.5,WEAK,OK
2026-05-28,17:10,Last30Min_ATH,Near 52W High (EOD),FINCABLES,BUY,1177.25,1177.25,1090.5,1431.71,1843.46,7.7,39,100.0,Capital Goods,DISTRIBUTION,0,BLOCKED,STOPPED,2026-06-01,1090.5,Stop Loss Hit,-7.37,49.8,WEAK,OK
2026-05-28,17:10,Last30Min_ATH,Near 52W High (EOD),JINDALSAW,BUY,246.07,246.07,228.2,272.88,300.74,3.1,37,100.0,Capital Goods,DISTRIBUTION,0,BLOCKED,STOPPED,2026-06-10,228.2,Stop Loss Hit,-7.26,49.4,WEAK,OK
2026-05-28,17:10,Last30Min_ATH,Near 52W High (EOD),WELCORP,BUY,1372.9,1372.9,1319.0,1752.29,2366.19,8.0,35,100.0,Capital Goods,DISTRIBUTION,0,BLOCKED,EXPIRED,2026-06-15,1379.7,Expired (18d > 15d),0.5,49.0,WEAK,OK
2026-05-28,17:10,Last30Min_ATH,Near 52W High (EOD),POWERINDIA,BUY,37550.0,37550.0,35985.0,46294.7,60444.7,8.0,39,100.0,Capital Goods,DISTRIBUTION,0,BLOCKED,STOPPED,2026-06-02,35985.0,Stop Loss Hit,-4.17,48.3,WEAK,OK
2026-05-28,17:10,Last30Min_ATH,Near 52W High (EOD),KIRLOSENG,BUY,1830.0,1830.0,1745.1,2185.41,2760.51,8.0,35,100.0,Capital Goods,DISTRIBUTION,0,BLOCKED,EXPIRED,2026-06-15,1933.8,Expired (18d > 15d),5.67,48.3,WEAK,OK
2026-05-28,17:10,Last30Min_ATH,Near 52W High (EOD),PIRAMALFIN,BUY,1985.9,1985.9,1944.0,2048.75,2090.65,2.5,33,88.0,Financial Services,DISTRIBUTION,0,BLOCKED,STOPPED,2026-05-29,1944.0,Stop Loss Hit,-2.11,48.1,WEAK,OK
2026-05-28,17:10,Last30Min_ATH,Near 52W High (EOD),EMMVEE,BUY,312.1,312.1,296.0,393.74,525.84,8.0,39,100.0,Capital Goods,DISTRIBUTION,0,BLOCKED,EXPIRED,2026-06-15,336.75,Expired (18d > 15d),7.9,42.3,WEAK,OK
2026-05-28,17:10,Last30Min_ATH,Near 52W High (EOD),HONASA,BUY,419.95,419.95,393.2,517.81,676.16,8.0,35,100.0,Fast Moving Consumer Goods,DISTRIBUTION,0,BLOCKED,EXPIRED,2026-06-15,407.15,Expired (18d > 15d),-3.05,39.3,WEAK,OK
2026-05-28,17:10,Failed_Breakout_Short,Failed Breakout Short,BLUEJET,SHORT,470.25,470.25,529.39,381.54,322.4,2.5,72,100.0,Healthcare,DISTRIBUTION,0,IDEAL,STOPPED,2026-06-18,529.39,Stop Loss Hit,-12.58,70.4,STRONG,OK
2026-05-28,17:10,Failed_Breakout_Short,Failed Breakout Short,SHYAMMETL,SHORT,976.05,976.05,1002.41,936.51,910.15,2.5,77,95.0,Capital Goods,DISTRIBUTION,0,IDEAL,STOPPED,2026-06-04,1002.41,Stop Loss Hit,-2.7,69.8,STRONG,OK
2026-05-28,17:10,Failed_Breakout_Short,Failed Breakout Short,ZFCVINDIA,SHORT,14868.0,14868.0,15501.14,13918.29,13285.15,2.5,72,54.0,Automobile and Auto Components,DISTRIBUTION,0,IDEAL,STOPPED,2026-06-18,15501.14,Stop Loss Hit,-4.26,54.5,MODERATE,OK
2026-05-29,13:57,EMA21_Bounce,21 EMA Bounce,STARHEALTH,BUY,527.95,527.95,508.97,556.42,586.25,3.1,55,99.0,Financial Services,PANIC,-4,BLOCKED,EXPIRED,2026-06-15,528.65,Expired (17d > 15d),0.13,90.0,ELITE,OK
2026-05-29,13:57,EMA21_Bounce,21 EMA Bounce,PHOENIXLTD,BUY,1771.2,1771.2,1714.86,1855.71,1912.05,2.5,50,73.0,Realty,PANIC,-4,BLOCKED,STOPPED,2026-06-02,1714.86,Stop Loss Hit,-3.18,87.4,ELITE,OK
2026-05-29,13:57,EMA21_Bounce,21 EMA Bounce,APOLLOHOSP,BUY,8176.5,8176.5,7984.36,8464.71,8854.14,3.5,55,79.0,Healthcare,PANIC,-4,BLOCKED,STOPPED,2026-06-02,7984.36,Stop Loss Hit,-2.35,85.8,ELITE,OK
2026-05-29,13:57,Failed_Breakout_Short,Failed Breakout Short,ASIANPAINT,SHORT,2671.6,2671.6,2767.17,2528.24,2432.67,2.5,75,88.0,Consumer Durables,PANIC,-4,IDEAL,STOPPED,2026-06-01,2767.17,Stop Loss Hit,-3.58,73.9,STRONG,OK
2026-05-29,13:57,Failed_Breakout_Short,Failed Breakout Short,NAUKRI,SHORT,995.0,995.0,1059.18,898.73,834.55,2.5,75,62.0,Consumer Services,PANIC,-4,IDEAL,EXPIRED,2026-06-24,1009.8,Expired (26d > 25d),-1.49,73.8,STRONG,OK
2026-05-29,13:57,Failed_Breakout_Short,Failed Breakout Short,GRASIM,SHORT,3122.4,3122.4,3219.71,2976.44,2879.13,2.5,77,84.0,Construction Materials,PANIC,-4,IDEAL,EXPIRED,2026-06-24,3127.9,Expired (26d > 25d),-0.18,72.4,STRONG,OK
2026-05-29,13:57,Failed_Breakout_Short,Failed Breakout Short,IDFCFIRSTB,SHORT,71.32,71.32,73.58,67.93,65.67,2.5,75,68.0,Financial Services,PANIC,-4,IDEAL,STOPPED,2026-06-09,73.58,Stop Loss Hit,-3.17,70.6,STRONG,OK
2026-05-29,13:57,Failed_Breakout_Short,Failed Breakout Short,OFSS,SHORT,9964.0,9964.0,10691.75,8872.38,8144.63,2.5,75,100.0,Information Technology,PANIC,-4,IDEAL,EXPIRED,2026-06-24,10468.5,Expired (26d > 25d),-5.06,68.9,STRONG,OK
2026-05-29,13:57,Failed_Breakout_Short,Failed Breakout Short,ADANIPOWER,SHORT,243.37,243.37,257.11,222.76,209.02,2.5,72,100.0,Power,PANIC,-4,IDEAL,TARGET,2026-06-10,222.76,Target 1 Hit,8.47,67.4,STRONG,OK
2026-05-29,13:57,Failed_Breakout_Short,Failed Breakout Short,ADANIENT,SHORT,2937.4,2937.4,3058.2,2756.2,2635.4,2.5,77,100.0,Metals & Mining,PANIC,-4,IDEAL,STOPPED,2026-06-05,3058.2,Stop Loss Hit,-4.11,67.2,STRONG,OK
2026-05-29,13:57,Failed_Breakout_Short,Failed Breakout Short,ADANIPORTS,SHORT,1804.6,1804.6,1855.81,1727.78,1676.57,2.5,72,99.0,Services,PANIC,-4,IDEAL,STOPPED,2026-06-10,1855.81,Stop Loss Hit,-2.84,65.7,STRONG,OK
2026-05-29,13:57,Failed_Breakout_Short,Failed Breakout Short,BAJAJ-AUTO,SHORT,10460.0,10460.0,10914.09,9778.86,9324.77,2.5,72,80.0,Automobile and Auto Components,PANIC,-4,IDEAL,TARGET,2026-06-24,9778.86,Target 1 Hit,6.51,65.5,STRONG,OK
2026-05-29,13:57,Failed_Breakout_Short,Failed Breakout Short,JSWSTEEL,SHORT,1278.0,1278.0,1336.13,1190.8,1132.67,2.5,72,71.0,Metals & Mining,PANIC,-4,IDEAL,EXPIRED,2026-06-24,1231.2,Expired (26d > 25d),3.66,65.3,STRONG,OK
2026-05-29,13:57,Failed_Breakout_Short,Failed Breakout Short,POLYCAB,SHORT,9477.5,9477.5,9810.78,8977.58,8644.3,2.5,77,100.0,Capital Goods,PANIC,-4,IDEAL,STOPPED,2026-06-05,9810.78,Stop Loss Hit,-3.52,64.4,MODERATE,OK
2026-05-29,13:57,Failed_Breakout_Short,Failed Breakout Short,BSE,SHORT,4146.1,4146.1,4486.17,3636.0,3295.93,2.5,72,100.0,Financial Services,PANIC,-4,IDEAL,EXPIRED,2026-06-24,3886.6,Expired (26d > 25d),6.26,63.9,MODERATE,OK
2026-05-29,13:57,Failed_Breakout_Short,Failed Breakout Short,DRREDDY,SHORT,1303.5,1303.5,1356.35,1224.23,1171.38,2.5,75,67.0,Healthcare,PANIC,-4,IDEAL,EXPIRED,2026-06-24,1328.4,Expired (26d > 25d),-1.91,63.3,MODERATE,OK
2026-05-29,13:57,Failed_Breakout_Short,Failed Breakout Short,BANKBARODA,SHORT,268.5,268.5,276.15,257.03,249.38,2.5,72,38.0,Financial Services,PANIC,-4,IDEAL,TARGET,2026-06-01,257.03,Target 1 Hit,4.27,59.9,MODERATE,OK
2026-05-29,13:57,Failed_Breakout_Short,Failed Breakout Short,ASTRAL,SHORT,1578.2,1578.2,1629.93,1500.6,1448.87,2.5,75,57.0,Capital Goods,PANIC,-4,IDEAL,TARGET,2026-06-02,1500.6,Target 1 Hit,4.92,57.9,MODERATE,OK
2026-05-29,13:57,Failed_Breakout_Short,Failed Breakout Short,INDIGO,SHORT,4405.0,4405.0,4631.04,4065.94,3839.9,2.5,72,48.0,Services,PANIC,-4,IDEAL,STOPPED,2026-06-01,4631.04,Stop Loss Hit,-5.13,57.6,MODERATE,OK
2026-05-29,16:59,EMA21_Bounce,21 EMA Bounce,RADICO,BUY,3518.6,3518.6,3357.22,3760.67,4148.09,3.9,55,100.0,Fast Moving Consumer Goods,PANIC,-4,BLOCKED,EXPIRED,2026-06-15,3592.0,Expired (17d > 15d),2.09,92.9,ELITE,OK
2026-05-29,16:59,EMA21_Bounce,21 EMA Bounce,ZYDUSWELL,BUY,507.05,507.05,470.07,562.52,599.5,2.5,55,100.0,Fast Moving Consumer Goods,PANIC,-4,BLOCKED,EXPIRED,2026-06-15,499.35,Expired (17d > 15d),-1.52,89.9,ELITE,OK
2026-05-29,16:59,EMA21_Bounce,21 EMA Bounce,TIMKEN,BUY,3630.4,3630.4,3518.95,3797.58,3909.03,2.5,50,90.0,Capital Goods,PANIC,-4,BLOCKED,STOPPED,2026-06-02,3518.95,Stop Loss Hit,-3.07,82.5,ELITE,OK
2026-05-29,16:59,EMA21_Bounce,21 EMA Bounce,BHARATFORG,BUY,1957.2,1957.2,1881.15,2071.28,2171.65,2.8,50,77.0,Automobile and Auto Components,PANIC,-4,BLOCKED,STOPPED,2026-06-02,1881.15,Stop Loss Hit,-3.89,81.6,ELITE,OK
2026-05-29,16:59,EMA21_Bounce,21 EMA Bounce,LTF,BUY,286.6,286.6,275.3,303.55,314.85,2.5,50,62.0,Financial Services,PANIC,-4,BLOCKED,STOPPED,2026-06-01,275.3,Stop Loss Hit,-3.94,80.2,ELITE,OK
2026-05-29,16:59,EMA21_Bounce,21 EMA Bounce,CUB,BUY,255.45,255.45,250.36,263.08,268.17,2.5,45,44.0,Financial Services,PANIC,-4,BLOCKED,STOPPED,2026-06-01,250.36,Stop Loss Hit,-1.99,74.9,STRONG,OK
2026-05-29,16:59,52WH_Breakout,52-Week High Breakout,THERMAX,BUY,4982.7,4982.7,4777.8,5290.05,6228.53,6.1,42,100.0,Capital Goods,PANIC,-4,BLOCKED,STOPPED,2026-06-03,4777.8,Stop Loss Hit,-4.11,49.5,WEAK,OK
2026-05-29,16:59,52WH_Breakout,52-Week High Breakout,RRKABEL,BUY,2056.3,2056.3,2006.0,2131.75,2535.25,8.0,37,100.0,Capital Goods,PANIC,-4,BLOCKED,STOPPED,2026-06-02,2006.0,Stop Loss Hit,-2.45,49.3,WEAK,OK
2026-05-29,16:59,52WH_Breakout,52-Week High Breakout,POWERINDIA,BUY,38445.0,38445.0,36948.75,47742.81,62787.81,8.0,32,100.0,Capital Goods,PANIC,-4,BLOCKED,STOPPED,2026-06-01,36948.75,Stop Loss Hit,-3.89,48.0,WEAK,OK
2026-05-29,16:59,52WH_Breakout,52-Week High Breakout,AIAENG,BUY,4503.6,4503.6,4419.03,4630.46,5276.66,8.0,37,100.0,Capital Goods,PANIC,-4,BLOCKED,TARGET,2026-06-04,4630.46,Target 1 Hit,2.82,47.0,WEAK,OK
2026-05-29,16:59,52WH_Breakout,52-Week High Breakout,CPPLUS,BUY,2903.5,2903.5,2676.76,3741.26,5096.86,8.0,42,100.0,Capital Goods,PANIC,-4,BLOCKED,EXPIRED,2026-06-24,3617.6,Expired (26d > 25d),24.59,46.5,WEAK,OK
2026-05-29,16:59,52WH_Breakout,52-Week High Breakout,KIRLOSENG,BUY,1928.0,1928.0,1790.61,2343.98,3017.08,7.9,32,100.0,Capital Goods,PANIC,-4,BLOCKED,TARGET,2026-06-22,2343.98,Target 1 Hit,21.58,45.0,WEAK,OK
2026-05-29,16:59,52WH_Breakout,52-Week High Breakout,ENRIN,BUY,3872.1,3872.1,3734.58,4078.38,4706.65,6.1,42,100.0,Capital Goods,PANIC,-4,BLOCKED,STOPPED,2026-06-01,3734.58,Stop Loss Hit,-3.55,42.0,WEAK,OK
2026-05-29,16:59,52WH_Breakout,52-Week High Breakout,NETWEB,BUY,4670.7,4670.7,4380.66,5105.76,5684.59,3.5,37,100.0,Information Technology,PANIC,-4,BLOCKED,STOPPED,2026-06-08,4380.66,Stop Loss Hit,-6.21,41.9,WEAK,OK
2026-05-29,16:59,Last30Min_ATH,Near 52W High (EOD),POWERINDIA,BUY,38445.0,38445.0,36810.0,47742.81,62787.81,8.0,39,100.0,Capital Goods,PANIC,-4,BLOCKED,STOPPED,2026-06-01,36810.0,Stop Loss Hit,-4.25,48.0,WEAK,OK
2026-05-29,16:59,Last30Min_ATH,Near 52W High (EOD),CPPLUS,BUY,2903.5,2903.5,2821.1,3741.26,5096.86,8.0,39,100.0,Capital Goods,PANIC,-4,BLOCKED,EXPIRED,2026-06-15,3366.3,Expired (17d > 15d),15.94,46.5,WEAK,OK
2026-05-29,16:59,Last30Min_ATH,Near 52W High (EOD),SHYAMMETL,BUY,973.35,973.35,960.05,993.3,998.67,1.9,33,100.0,Capital Goods,PANIC,-4,BLOCKED,STOPPED,2026-06-01,960.05,Stop Loss Hit,-1.37,45.5,WEAK,OK
2026-05-29,16:59,Last30Min_ATH,Near 52W High (EOD),KIRLOSENG,BUY,1928.0,1928.0,1821.9,2343.98,3017.08,8.0,39,100.0,Capital Goods,PANIC,-4,BLOCKED,STOPPED,2026-06-10,1821.9,Stop Loss Hit,-5.5,45.0,WEAK,OK
2026-05-29,16:59,Last30Min_ATH,Near 52W High (EOD),BHARATFORG,BUY,1957.2,1957.2,1920.0,2044.0,2171.65,5.8,37,77.0,Automobile and Auto Components,PANIC,-4,BLOCKED,STOPPED,2026-06-01,1920.0,Stop Loss Hit,-1.9,38.6,WEAK,OK
2026-05-29,16:59,Failed_Breakout_Short,Failed Breakout Short,SOLARINDS,SHORT,18247.0,18247.0,19053.29,17037.56,16231.27,2.5,80,100.0,Chemicals,PANIC,-4,IDEAL,TARGET,2026-06-16,17037.56,Target 1 Hit,6.63,71.5,STRONG,OK
2026-05-29,16:59,Failed_Breakout_Short,Failed Breakout Short,FACT,SHORT,875.65,875.65,948.02,767.1,694.73,2.5,75,98.0,Chemicals,PANIC,-4,IDEAL,STOPPED,2026-06-16,948.02,Stop Loss Hit,-8.26,70.9,STRONG,OK
2026-05-29,16:59,Failed_Breakout_Short,Failed Breakout Short,IDEA,SHORT,13.99,13.99,14.61,13.06,12.44,2.5,77,100.0,Telecommunication,PANIC,-4,IDEAL,STOPPED,2026-06-03,14.61,Stop Loss Hit,-4.43,70.9,STRONG,OK
2026-05-29,16:59,Failed_Breakout_Short,Failed Breakout Short,APARINDS,SHORT,13118.0,13118.0,13744.04,12178.94,11552.9,2.5,75,100.0,Capital Goods,PANIC,-4,IDEAL,STOPPED,2026-06-03,13744.04,Stop Loss Hit,-4.77,68.9,STRONG,OK
2026-05-29,16:59,Failed_Breakout_Short,Failed Breakout Short,PNBHOUSING,SHORT,1030.5,1030.5,1113.66,905.76,822.6,2.5,75,100.0,Financial Services,PANIC,-4,IDEAL,EXPIRED,2026-06-24,1046.5,Expired (26d > 25d),-1.55,68.9,STRONG,OK
2026-05-29,16:59,Failed_Breakout_Short,Failed Breakout Short,FINCABLES,SHORT,1136.3,1136.3,1199.65,1041.27,977.92,2.5,72,100.0,Capital Goods,PANIC,-4,IDEAL,TARGET,2026-06-01,1041.27,Target 1 Hit,8.36,65.9,STRONG,OK
2026-05-29,16:59,Failed_Breakout_Short,Failed Breakout Short,RBLBANK,SHORT,345.0,345.0,356.05,328.42,317.37,2.5,72,78.0,Financial Services,PANIC,-4,IDEAL,STOPPED,2026-06-05,356.05,Stop Loss Hit,-3.2,58.4,MODERATE,OK
2026-05-29,16:59,Failed_Breakout_Short,Failed Breakout Short,ELGIEQUIP,SHORT,573.45,573.45,640.69,472.59,405.35,2.5,75,79.0,Capital Goods,PANIC,-4,IDEAL,EXPIRED,2026-06-24,609.35,Expired (26d > 25d),-6.26,58.3,MODERATE,OK
2026-05-29,16:59,Failed_Breakout_Short,Failed Breakout Short,GILLETTE,SHORT,8016.5,8016.5,8493.5,7301.0,6824.0,2.5,72,57.0,Fast Moving Consumer Goods,PANIC,-4,IDEAL,EXPIRED,2026-06-24,7793.0,Expired (26d > 25d),2.79,56.9,MODERATE,OK
2026-05-29,16:59,Failed_Breakout_Short,Failed Breakout Short,BANKINDIA,SHORT,139.91,139.91,148.71,126.71,117.91,2.5,72,26.0,Financial Services,PANIC,-4,IDEAL,STOPPED,2026-06-10,148.71,Stop Loss Hit,-6.29,52.8,MODERATE,OK
2026-05-29,16:59,Failed_Breakout_Short,Failed Breakout Short,JKTYRE,SHORT,408.0,408.0,426.78,379.83,361.05,2.5,72,19.0,Automobile and Auto Components,PANIC,-4,IDEAL,TARGET,2026-06-02,379.83,Target 1 Hit,6.9,49.7,WEAK,OK
2026-06-01,16:32,EMA21_Bounce,21 EMA Bounce,NMDC,BUY,92.37,92.37,86.09,101.79,103.38,1.8,50,90.0,Metals & Mining,PANIC,-6,BLOCKED,EXPIRED,2026-06-17,88.0,Expired (16d > 15d),-4.73,94.5,ELITE,OK
2026-06-01,16:32,EMA21_Bounce,21 EMA Bounce,COALINDIA,BUY,472.6,472.6,449.57,507.15,530.18,2.5,55,84.0,Oil Gas & Consumable Fuels,PANIC,-6,BLOCKED,STOPPED,2026-06-11,449.57,Stop Loss Hit,-4.87,92.0,ELITE,OK
2026-06-01,16:32,EMA21_Bounce,21 EMA Bounce,STARHEALTH,BUY,532.95,532.95,510.39,566.79,586.25,2.4,50,94.0,Financial Services,PANIC,-6,BLOCKED,EXPIRED,2026-06-17,533.7,Expired (16d > 15d),0.14,91.9,ELITE,OK
2026-06-01,16:32,EMA21_Bounce,21 EMA Bounce,JSWSTEEL,BUY,1299.4,1299.4,1266.79,1348.32,1380.93,2.5,45,69.0,Metals & Mining,PANIC,-6,BLOCKED,STOPPED,2026-06-05,1266.79,Stop Loss Hit,-2.51,82.9,ELITE,OK
2026-06-01,16:32,Last30Min_ATH,Near 52W High (EOD),COALINDIA,BUY,472.6,472.6,456.55,496.68,512.73,2.5,37,84.0,Oil Gas & Consumable Fuels,PANIC,-6,BLOCKED,STOPPED,2026-06-10,456.55,Stop Loss Hit,-3.4,49.0,WEAK,OK
2026-06-01,16:32,Last30Min_ATH,Near 52W High (EOD),LAURUSLABS,BUY,1388.4,1388.4,1358.0,1668.37,2121.4,8.0,35,100.0,Healthcare,PANIC,-6,BLOCKED,STOPPED,2026-06-16,1358.0,Stop Loss Hit,-2.19,48.6,WEAK,OK
2026-06-01,16:32,Last30Min_ATH,Near 52W High (EOD),HINDALCO,BUY,1141.3,1141.3,1127.2,1176.0,1330.01,8.0,33,100.0,Metals & Mining,PANIC,-6,BLOCKED,STOPPED,2026-06-03,1127.2,Stop Loss Hit,-1.24,48.5,WEAK,OK
2026-06-01,16:32,Last30Min_ATH,Near 52W High (EOD),OFSS,BUY,10191.0,10191.0,10063.0,10584.5,12743.42,8.0,33,100.0,Information Technology,PANIC,-6,BLOCKED,STOPPED,2026-06-03,10063.0,Stop Loss Hit,-1.26,46.5,WEAK,OK
2026-06-01,16:32,Failed_Breakout_Short,Failed Breakout Short,ATGL,SHORT,733.8,733.8,872.97,525.04,385.87,2.5,77,100.0,Oil Gas & Consumable Fuels,PANIC,-6,IDEAL,EXPIRED,2026-06-29,731.65,Expired (28d > 25d),0.29,72.9,STRONG,OK
2026-06-01,16:32,Failed_Breakout_Short,Failed Breakout Short,ASIANPAINT,SHORT,2632.4,2632.4,2798.48,2383.28,2217.2,2.5,77,86.0,Consumer Durables,PANIC,-6,IDEAL,STOPPED,2026-06-15,2798.48,Stop Loss Hit,-6.31,72.4,STRONG,OK
2026-06-01,16:32,Failed_Breakout_Short,Failed Breakout Short,YESBANK,SHORT,23.01,23.01,23.95,21.6,20.66,2.5,77,85.0,Financial Services,PANIC,-6,IDEAL,STOPPED,2026-06-15,23.95,Stop Loss Hit,-4.09,68.9,STRONG,OK
2026-06-01,16:32,Failed_Breakout_Short,Failed Breakout Short,ALKEM,SHORT,5314.5,5314.5,5837.06,4530.66,4008.1,2.5,72,55.0,Healthcare,PANIC,-6,IDEAL,EXPIRED,2026-06-29,5416.5,Expired (28d > 25d),-1.92,64.5,MODERATE,OK
2026-06-01,16:32,Failed_Breakout_Short,Failed Breakout Short,ADANIPOWER,SHORT,232.3,232.3,256.89,195.42,170.83,2.5,77,100.0,Power,PANIC,-6,IDEAL,EXPIRED,2026-06-29,227.05,Expired (28d > 25d),2.26,63.9,MODERATE,OK
2026-06-01,16:32,Failed_Breakout_Short,Failed Breakout Short,MOTHERSON,SHORT,141.77,141.77,153.37,124.37,112.77,2.5,77,76.0,Automobile and Auto Components,PANIC,-6,IDEAL,STOPPED,2026-06-25,153.37,Stop Loss Hit,-8.18,63.4,MODERATE,OK
2026-06-01,16:32,Failed_Breakout_Short,Failed Breakout Short,CUMMINSIND,SHORT,5680.5,5680.5,6156.59,4966.36,4490.27,2.5,72,97.0,Capital Goods,PANIC,-6,IDEAL,EXPIRED,2026-06-29,5541.5,Expired (28d > 25d),2.45,62.7,MODERATE,OK
2026-06-01,16:32,Failed_Breakout_Short,Failed Breakout Short,BAJAJ-AUTO,SHORT,10376.0,10376.0,10822.86,9705.71,9258.85,2.5,72,74.0,Automobile and Auto Components,PANIC,-6,IDEAL,TARGET,2026-06-29,9705.71,Target 1 Hit,6.46,61.9,MODERATE,OK
2026-06-01,16:32,Failed_Breakout_Short,Failed Breakout Short,INDUSTOWER,SHORT,431.45,431.45,452.99,399.14,377.6,2.5,72,53.0,Telecommunication,PANIC,-6,IDEAL,TARGET,2026-06-23,399.14,Target 1 Hit,7.49,60.3,MODERATE,OK
2026-06-01,19:09,VCP,VCP (Minervini v2),ABBOTINDIA,BUY,,28280.0,26496.85,30954.72,33344.34,2.8,35,,Healthcare,PANIC,-4,BLOCKED,STOPPED,2026-06-02,26496.85,Stop Loss Hit,-6.31,,WEAK,OK
2026-06-01,19:09,VCP,VCP (Minervini v2),ATUL,BUY,,7180.0,6724.71,7862.94,7923.45,1.6,36,,Chemicals,PANIC,-4,BLOCKED,STOPPED,2026-06-02,6724.71,Stop Loss Hit,-6.34,,WEAK,OK
2026-06-01,19:09,VCP,VCP (Minervini v2),HDBFS,BUY,,705.0,650.78,786.33,797.51,1.7,39,,Financial Services,PANIC,-4,BLOCKED,STOPPED,2026-06-02,650.78,Stop Loss Hit,-7.69,,WEAK,OK
2026-06-01,19:09,EMA21_Bounce,21 EMA Bounce,360ONE,BUY,,,,,,1.0,55,,Financial Services,PANIC,-4,BLOCKED,EXPIRED,2026-06-17,1136.9,Expired (16d > 15d),,,WEAK,OK
2026-06-01,19:09,EMA21_Bounce,21 EMA Bounce,3MINDIA,BUY,,,,,,1.0,50,,Diversified,PANIC,-4,BLOCKED,EXPIRED,2026-06-17,33060.0,Expired (16d > 15d),,,WEAK,OK
2026-06-01,19:09,EMA21_Bounce,21 EMA Bounce,ABB,BUY,,,,,,1.0,45,,Capital Goods,PANIC,-4,BLOCKED,EXPIRED,2026-06-17,7164.0,Expired (16d > 15d),,,WEAK,OK
2026-06-01,19:09,EMA21_Bounce,21 EMA Bounce,ACC,BUY,,,,,,1.0,45,,Construction Materials,PANIC,-4,BLOCKED,EXPIRED,2026-06-17,1350.0,Expired (16d > 15d),,,WEAK,OK
2026-06-01,19:09,EMA21_Bounce,21 EMA Bounce,ACMESOLAR,BUY,,,,,,1.0,50,,Power,PANIC,-4,BLOCKED,EXPIRED,2026-06-17,331.8,Expired (16d > 15d),,,WEAK,OK
2026-06-01,19:09,EMA21_Bounce,21 EMA Bounce,AIAENG,BUY,,,,,,1.0,50,,Capital Goods,PANIC,-4,BLOCKED,EXPIRED,2026-06-17,4501.6,Expired (16d > 15d),,,WEAK,OK
2026-06-01,19:09,EMA21_Bounce,21 EMA Bounce,APLAPOLLO,BUY,,,,,,1.0,45,,Capital Goods,PANIC,-4,BLOCKED,EXPIRED,2026-06-17,1854.6,Expired (16d > 15d),,,WEAK,OK
2026-06-01,19:09,EMA21_Bounce,21 EMA Bounce,AUBANK,BUY,,,,,,1.0,45,,Financial Services,PANIC,-4,BLOCKED,EXPIRED,2026-06-17,1020.85,Expired (16d > 15d),,,WEAK,OK
2026-06-01,19:09,EMA21_Bounce,21 EMA Bounce,AWL,BUY,,,,,,1.0,45,,Fast Moving Consumer Goods,PANIC,-4,BLOCKED,EXPIRED,2026-06-17,193.59,Expired (16d > 15d),,,WEAK,OK
2026-06-01,19:09,EMA21_Bounce,21 EMA Bounce,AADHARHFC,BUY,,,,,,1.0,50,,Financial Services,PANIC,-4,BLOCKED,EXPIRED,2026-06-17,487.9,Expired (16d > 15d),,,WEAK,OK
2026-06-01,19:09,EMA21_Bounce,21 EMA Bounce,AARTIIND,BUY,,,,,,1.0,50,,Chemicals,PANIC,-4,BLOCKED,EXPIRED,2026-06-17,479.2,Expired (16d > 15d),,,WEAK,OK
2026-06-01,19:09,EMA21_Bounce,21 EMA Bounce,AAVAS,BUY,,,,,,1.0,45,,Financial Services,PANIC,-4,BLOCKED,EXPIRED,2026-06-17,1452.4,Expired (16d > 15d),,,WEAK,OK
2026-06-01,19:09,EMA21_Bounce,21 EMA Bounce,ABBOTINDIA,BUY,,,,,,1.0,50,,Healthcare,PANIC,-4,BLOCKED,EXPIRED,2026-06-17,25955.0,Expired (16d > 15d),,,WEAK,OK
2026-06-01,19:09,EMA21_Bounce,21 EMA Bounce,ACE,BUY,,,,,,1.0,50,,Capital Goods,PANIC,-4,BLOCKED,EXPIRED,2026-06-17,962.1,Expired (16d > 15d),,,WEAK,OK
2026-06-01,19:09,EMA21_Bounce,21 EMA Bounce,ACUTAAS,BUY,,,,,,1.0,45,,Healthcare,PANIC,-4,BLOCKED,EXPIRED,2026-06-17,2999.9,Expired (16d > 15d),,,WEAK,OK
2026-06-01,19:09,EMA21_Bounce,21 EMA Bounce,ADANIENSOL,BUY,,,,,,1.0,45,,Power,PANIC,-4,BLOCKED,EXPIRED,2026-06-17,1491.0,Expired (16d > 15d),,,WEAK,OK
2026-06-01,19:09,EMA21_Bounce,21 EMA Bounce,ADANIENT,BUY,,,,,,1.0,45,,Metals & Mining,PANIC,-4,BLOCKED,EXPIRED,2026-06-17,2951.9,Expired (16d > 15d),,,WEAK,OK
2026-06-01,19:09,EMA21_Bounce,21 EMA Bounce,ADANIGREEN,BUY,,,,,,1.0,45,,Power,PANIC,-4,BLOCKED,EXPIRED,2026-06-17,1465.8,Expired (16d > 15d),,,WEAK,OK
2026-06-01,19:09,EMA21_Bounce,21 EMA Bounce,ADANIPORTS,BUY,,,,,,1.0,50,,Services,PANIC,-4,BLOCKED,EXPIRED,2026-06-17,1828.6,Expired (16d > 15d),,,WEAK,OK
2026-06-01,19:09,EMA21_Bounce,21 EMA Bounce,ADANIPOWER,BUY,,,,,,1.0,45,,Power,PANIC,-4,BLOCKED,EXPIRED,2026-06-17,220.4,Expired (16d > 15d),,,WEAK,OK
2026-06-01,19:09,EMA21_Bounce,21 EMA Bounce,ATGL,BUY,,,,,,1.0,50,,Oil Gas & Consumable Fuels,PANIC,-4,BLOCKED,EXPIRED,2026-06-17,702.65,Expired (16d > 15d),,,WEAK,OK
2026-06-01,19:09,EMA21_Bounce,21 EMA Bounce,ABCAPITAL,BUY,,,,,,1.0,45,,Financial Services,PANIC,-4,BLOCKED,EXPIRED,2026-06-17,372.45,Expired (16d > 15d),,,WEAK,OK
2026-06-01,19:09,EMA21_Bounce,21 EMA Bounce,ABFRL,BUY,,,,,,1.0,50,,Consumer Services,PANIC,-4,BLOCKED,EXPIRED,2026-06-17,61.72,Expired (16d > 15d),,,WEAK,OK
2026-06-01,19:09,EMA21_Bounce,21 EMA Bounce,ABLBL,BUY,,,,,,1.0,45,,Consumer Services,PANIC,-4,BLOCKED,EXPIRED,2026-06-17,99.3,Expired (16d > 15d),,,WEAK,OK
2026-06-01,19:09,EMA21_Bounce,21 EMA Bounce,ABREL,BUY,,,,,,1.0,45,,Realty,PANIC,-4,BLOCKED,EXPIRED,2026-06-17,1299.5,Expired (16d > 15d),,,WEAK,OK
2026-06-01,19:09,EMA21_Bounce,21 EMA Bounce,ABSLAMC,BUY,,,,,,1.0,50,,Financial Services,PANIC,-4,BLOCKED,EXPIRED,2026-06-17,1097.9,Expired (16d > 15d),,,WEAK,OK
2026-06-01,19:09,EMA21_Bounce,21 EMA Bounce,CPPLUS,BUY,,,,,,1.0,50,,Capital Goods,PANIC,-4,BLOCKED,EXPIRED,2026-06-17,3348.2,Expired (16d > 15d),,,WEAK,OK
2026-06-01,19:09,EMA21_Bounce,21 EMA Bounce,AEGISLOG,BUY,,,,,,1.0,50,,Oil Gas & Consumable Fuels,PANIC,-4,BLOCKED,EXPIRED,2026-06-17,1006.95,Expired (16d > 15d),,,WEAK,OK
2026-06-01,19:09,EMA21_Bounce,21 EMA Bounce,AEGISVOPAK,BUY,,,,,,1.0,45,,Oil Gas & Consumable Fuels,PANIC,-4,BLOCKED,EXPIRED,2026-06-17,238.08,Expired (16d > 15d),,,WEAK,OK
2026-06-01,19:09,EMA21_Bounce,21 EMA Bounce,AFCONS,BUY,,,,,,1.0,50,,Construction,PANIC,-4,BLOCKED,EXPIRED,2026-06-17,319.1,Expired (16d > 15d),,,WEAK,OK
2026-06-01,19:09,EMA21_Bounce,21 EMA Bounce,AFFLE,BUY,,,,,,1.0,45,,Information Technology,PANIC,-4,BLOCKED,EXPIRED,2026-06-17,1480.5,Expired (16d > 15d),,,WEAK,OK
2026-06-01,19:09,EMA21_Bounce,21 EMA Bounce,AJANTPHARM,BUY,,,,,,1.0,50,,Healthcare,PANIC,-4,BLOCKED,EXPIRED,2026-06-17,3079.4,Expired (16d > 15d),,,WEAK,OK
2026-06-01,19:09,EMA21_Bounce,21 EMA Bounce,ALKEM,BUY,,,,,,1.0,50,,Healthcare,PANIC,-4,BLOCKED,EXPIRED,2026-06-17,5347.5,Expired (16d > 15d),,,WEAK,OK
2026-06-01,19:09,EMA21_Bounce,21 EMA Bounce,ABDL,BUY,,,,,,1.0,45,,Fast Moving Consumer Goods,PANIC,-4,BLOCKED,EXPIRED,2026-06-17,630.25,Expired (16d > 15d),,,WEAK,OK
2026-06-01,19:09,EMA21_Bounce,21 EMA Bounce,ARE&M,BUY,,,,,,1.0,45,,Automobile and Auto Components,PANIC,-4,BLOCKED,EXPIRED,2026-06-17,855.25,Expired (16d > 15d),,,WEAK,OK
2026-06-01,19:09,EMA21_Bounce,21 EMA Bounce,AMBER,BUY,,,,,,1.0,45,,Consumer Durables,PANIC,-4,BLOCKED,EXPIRED,2026-06-17,7864.0,Expired (16d > 15d),,,WEAK,OK
2026-06-01,19:09,EMA21_Bounce,21 EMA Bounce,AMBUJACEM,BUY,,,,,,1.0,45,,Construction Materials,PANIC,-4,BLOCKED,EXPIRED,2026-06-17,426.45,Expired (16d > 15d),,,WEAK,OK
2026-06-01,19:09,EMA21_Bounce,21 EMA Bounce,ANANDRATHI,BUY,,,,,,1.0,50,,Financial Services,PANIC,-4,BLOCKED,EXPIRED,2026-06-17,1787.1,Expired (16d > 15d),,,WEAK,OK
2026-06-01,19:09,EMA21_Bounce,21 EMA Bounce,ANANTRAJ,BUY,,,,,,1.0,55,,Realty,PANIC,-4,BLOCKED,EXPIRED,2026-06-17,530.9,Expired (16d > 15d),,,WEAK,OK
2026-06-01,19:09,EMA21_Bounce,21 EMA Bounce,ANGELONE,BUY,,,,,,1.0,45,,Financial Services,PANIC,-4,BLOCKED,EXPIRED,2026-06-17,348.7,Expired (16d > 15d),,,WEAK,OK
2026-06-01,19:09,EMA21_Bounce,21 EMA Bounce,ANTHEM,BUY,,,,,,1.0,45,,Healthcare,PANIC,-4,BLOCKED,EXPIRED,2026-06-17,767.5,Expired (16d > 15d),,,WEAK,OK
2026-06-01,19:09,EMA21_Bounce,21 EMA Bounce,ANURAS,BUY,,,,,,1.0,45,,Chemicals,PANIC,-4,BLOCKED,EXPIRED,2026-06-17,1294.5,Expired (16d > 15d),,,WEAK,OK
2026-06-01,19:09,EMA21_Bounce,21 EMA Bounce,APARINDS,BUY,,,,,,1.0,45,,Capital Goods,PANIC,-4,BLOCKED,EXPIRED,2026-06-17,16103.0,Expired (16d > 15d),,,WEAK,OK
2026-06-01,19:09,EMA21_Bounce,21 EMA Bounce,APOLLOHOSP,BUY,,,,,,1.0,50,,Healthcare,PANIC,-4,BLOCKED,EXPIRED,2026-06-17,8427.5,Expired (16d > 15d),,,WEAK,OK
2026-06-01,19:09,EMA21_Bounce,21 EMA Bounce,APOLLOTYRE,BUY,,,,,,1.0,45,,Automobile and Auto Components,PANIC,-4,BLOCKED,EXPIRED,2026-06-17,429.6,Expired (16d > 15d),,,WEAK,OK
2026-06-01,19:09,EMA21_Bounce,21 EMA Bounce,APTUS,BUY,,,,,,1.0,45,,Financial Services,PANIC,-4,BLOCKED,EXPIRED,2026-06-17,270.1,Expired (16d > 15d),,,WEAK,OK
2026-06-01,19:09,EMA21_Bounce,21 EMA Bounce,ASAHIINDIA,BUY,,,,,,1.0,45,,Automobile and Auto Components,PANIC,-4,BLOCKED,EXPIRED,2026-06-17,883.9,Expired (16d > 15d),,,WEAK,OK
2026-06-01,19:09,EMA21_Bounce,21 EMA Bounce,ASHOKLEY,BUY,,,,,,1.0,55,,Capital Goods,PANIC,-4,BLOCKED,EXPIRED,2026-06-17,159.57,Expired (16d > 15d),,,WEAK,OK
2026-06-01,19:09,EMA21_Bounce,21 EMA Bounce,ASIANPAINT,BUY,,,,,,1.0,50,,Consumer Durables,PANIC,-4,BLOCKED,EXPIRED,2026-06-17,2738.0,Expired (16d > 15d),,,WEAK,OK
2026-06-01,19:09,EMA21_Bounce,21 EMA Bounce,ASTERDM,BUY,,,,,,1.0,50,,Healthcare,PANIC,-4,BLOCKED,EXPIRED,2026-06-17,765.95,Expired (16d > 15d),,,WEAK,OK
2026-06-01,19:09,EMA21_Bounce,21 EMA Bounce,ASTRAL,BUY,,,,,,1.0,50,,Capital Goods,PANIC,-4,BLOCKED,EXPIRED,2026-06-17,1565.2,Expired (16d > 15d),,,WEAK,OK
2026-06-01,19:09,EMA21_Bounce,21 EMA Bounce,ATHERENERG,BUY,,,,,,1.0,45,,Automobile and Auto Components,PANIC,-4,BLOCKED,EXPIRED,2026-06-17,990.2,Expired (16d > 15d),,,WEAK,OK
2026-06-01,19:09,EMA21_Bounce,21 EMA Bounce,ATUL,BUY,,,,,,1.0,50,,Chemicals,PANIC,-4,BLOCKED,EXPIRED,2026-06-17,6455.0,Expired (16d > 15d),,,WEAK,OK
2026-06-01,19:09,EMA21_Bounce,21 EMA Bounce,AUROPHARMA,BUY,,,,,,1.0,45,,Healthcare,PANIC,-4,BLOCKED,EXPIRED,2026-06-17,1422.4,Expired (16d > 15d),,,WEAK,OK
2026-06-01,19:09,EMA21_Bounce,21 EMA Bounce,AIIL,BUY,,,,,,1.0,45,,Financial Services,PANIC,-4,BLOCKED,EXPIRED,2026-06-17,548.75,Expired (16d > 15d),,,WEAK,OK
2026-06-01,19:09,EMA21_Bounce,21 EMA Bounce,DMART,BUY,,,,,,1.0,45,,Consumer Services,PANIC,-4,BLOCKED,EXPIRED,2026-06-17,4287.5,Expired (16d > 15d),,,WEAK,OK
2026-06-01,19:09,EMA21_Bounce,21 EMA Bounce,AXISBANK,BUY,,,,,,1.0,50,,Financial Services,PANIC,-4,BLOCKED,EXPIRED,2026-06-17,1350.9,Expired (16d > 15d),,,WEAK,OK
2026-06-01,19:09,EMA21_Bounce,21 EMA Bounce,BEML,BUY,,,,,,1.0,45,,Capital Goods,PANIC,-4,BLOCKED,EXPIRED,2026-06-17,1808.3,Expired (16d > 15d),,,WEAK,OK
2026-06-01,19:09,EMA21_Bounce,21 EMA Bounce,BLS,BUY,,,,,,1.0,45,,Consumer Services,PANIC,-4,BLOCKED,EXPIRED,2026-06-17,264.6,Expired (16d > 15d),,,WEAK,OK
2026-06-01,19:09,EMA21_Bounce,21 EMA Bounce,BSE,BUY,,,,,,1.0,45,,Financial Services,PANIC,-4,BLOCKED,EXPIRED,2026-06-17,3999.2,Expired (16d > 15d),,,WEAK,OK
2026-06-01,19:09,EMA21_Bounce,21 EMA Bounce,BAJAJ-AUTO,BUY,,,,,,1.0,50,,Automobile and Auto Components,PANIC,-4,BLOCKED,EXPIRED,2026-06-17,10042.0,Expired (16d > 15d),,,WEAK,OK
2026-06-01,19:09,EMA21_Bounce,21 EMA Bounce,BAJFINANCE,BUY,,,,,,1.0,50,,Financial Services,PANIC,-4,BLOCKED,EXPIRED,2026-06-17,958.4,Expired (16d > 15d),,,WEAK,OK
2026-06-01,19:09,EMA21_Bounce,21 EMA Bounce,BAJAJFINSV,BUY,,,,,,1.0,50,,Financial Services,PANIC,-4,BLOCKED,EXPIRED,2026-06-17,1764.6,Expired (16d > 15d),,,WEAK,OK
2026-06-01,19:09,EMA21_Bounce,21 EMA Bounce,BAJAJHLDNG,BUY,,,,,,1.0,55,,Financial Services,PANIC,-4,BLOCKED,EXPIRED,2026-06-17,10500.0,Expired (16d > 15d),,,WEAK,OK
2026-06-01,19:09,EMA21_Bounce,21 EMA Bounce,BAJAJHFL,BUY,,,,,,1.0,50,,Financial Services,PANIC,-4,BLOCKED,EXPIRED,2026-06-17,85.73,Expired (16d > 15d),,,WEAK,OK
2026-06-01,19:09,EMA21_Bounce,21 EMA Bounce,BALKRISIND,BUY,,,,,,1.0,50,,Automobile and Auto Components,PANIC,-4,BLOCKED,EXPIRED,2026-06-17,2256.0,Expired (16d > 15d),,,WEAK,OK
2026-06-01,19:09,EMA21_Bounce,21 EMA Bounce,BALRAMCHIN,BUY,,,,,,1.0,45,,Fast Moving Consumer Goods,PANIC,-4,BLOCKED,EXPIRED,2026-06-17,546.9,Expired (16d > 15d),,,WEAK,OK
2026-06-01,19:09,EMA21_Bounce,21 EMA Bounce,BANDHANBNK,BUY,,,,,,1.0,45,,Financial Services,PANIC,-4,BLOCKED,EXPIRED,2026-06-17,213.76,Expired (16d > 15d),,,WEAK,OK
2026-06-01,19:09,EMA21_Bounce,21 EMA Bounce,BANKBARODA,BUY,,,,,,1.0,45,,Financial Services,PANIC,-4,BLOCKED,EXPIRED,2026-06-17,281.85,Expired (16d > 15d),,,WEAK,OK
2026-06-01,19:09,EMA21_Bounce,21 EMA Bounce,BANKINDIA,BUY,,,,,,1.0,50,,Financial Services,PANIC,-4,BLOCKED,EXPIRED,2026-06-17,147.14,Expired (16d > 15d),,,WEAK,OK
2026-06-01,19:09,EMA21_Bounce,21 EMA Bounce,MAHABANK,BUY,,,,,,1.0,50,,Financial Services,PANIC,-4,BLOCKED,EXPIRED,2026-06-17,90.14,Expired (16d > 15d),,,WEAK,OK
2026-06-01,19:09,EMA21_Bounce,21 EMA Bounce,BATAINDIA,BUY,,,,,,1.0,50,,Consumer Durables,PANIC,-4,BLOCKED,EXPIRED,2026-06-17,678.5,Expired (16d > 15d),,,WEAK,OK
2026-06-01,19:09,EMA21_Bounce,21 EMA Bounce,BAYERCROP,BUY,,,,,,1.0,50,,Chemicals,PANIC,-4,BLOCKED,EXPIRED,2026-06-17,4209.4,Expired (16d > 15d),,,WEAK,OK
2026-06-01,19:09,EMA21_Bounce,21 EMA Bounce,BELRISE,BUY,,,,,,1.0,50,,Automobile and Auto Components,PANIC,-4,BLOCKED,EXPIRED,2026-06-17,238.85,Expired (16d > 15d),,,WEAK,OK
2026-06-01,19:09,EMA21_Bounce,21 EMA Bounce,BERGEPAINT,BUY,,,,,,1.0,50,,Consumer Durables,PANIC,-4,BLOCKED,EXPIRED,2026-06-17,511.7,Expired (16d > 15d),,,WEAK,OK
2026-06-01,19:09,EMA21_Bounce,21 EMA Bounce,BDL,BUY,,,,,,1.0,50,,Capital Goods,PANIC,-4,BLOCKED,EXPIRED,2026-06-17,1309.8,Expired (16d > 15d),,,WEAK,OK
2026-06-01,19:09,EMA21_Bounce,21 EMA Bounce,BEL,BUY,,,,,,1.0,50,,Capital Goods,PANIC,-4,BLOCKED,EXPIRED,2026-06-17,419.85,Expired (16d > 15d),,,WEAK,OK
2026-06-01,19:09,EMA21_Bounce,21 EMA Bounce,BHARATFORG,BUY,,,,,,1.0,50,,Automobile and Auto Components,PANIC,-4,BLOCKED,EXPIRED,2026-06-17,2034.5,Expired (16d > 15d),,,WEAK,OK
2026-06-01,19:09,EMA21_Bounce,21 EMA Bounce,BHEL,BUY,,,,,,1.0,45,,Capital Goods,PANIC,-4,BLOCKED,EXPIRED,2026-06-17,392.25,Expired (16d > 15d),,,WEAK,OK
2026-06-01,19:09,EMA21_Bounce,21 EMA Bounce,BPCL,BUY,,,,,,1.0,50,,Oil Gas & Consumable Fuels,PANIC,-4,BLOCKED,EXPIRED,2026-06-17,317.95,Expired (16d > 15d),,,WEAK,OK
2026-06-01,19:09,EMA21_Bounce,21 EMA Bounce,BHARTIARTL,BUY,,,,,,1.0,45,,Telecommunication,PANIC,-4,BLOCKED,EXPIRED,2026-06-17,1875.7,Expired (16d > 15d),,,WEAK,OK
2026-06-01,19:09,EMA21_Bounce,21 EMA Bounce,BHARTIHEXA,BUY,,,,,,1.0,50,,Telecommunication,PANIC,-4,BLOCKED,EXPIRED,2026-06-17,1462.6,Expired (16d > 15d),,,WEAK,OK
2026-06-01,19:09,EMA21_Bounce,21 EMA Bounce,BIKAJI,BUY,,,,,,1.0,55,,Fast Moving Consumer Goods,PANIC,-4,BLOCKED,EXPIRED,2026-06-17,670.0,Expired (16d > 15d),,,WEAK,OK
2026-06-01,19:09,EMA21_Bounce,21 EMA Bounce,GROWW,BUY,,,,,,1.0,50,,Financial Services,PANIC,-4,BLOCKED,EXPIRED,2026-06-17,198.97,Expired (16d > 15d),,,WEAK,OK
2026-06-01,19:09,EMA21_Bounce,21 EMA Bounce,BIOCON,BUY,,,,,,1.0,45,,Healthcare,PANIC,-4,BLOCKED,EXPIRED,2026-06-17,411.85,Expired (16d > 15d),,,WEAK,OK
2026-06-01,19:09,EMA21_Bounce,21 EMA Bounce,BSOFT,BUY,,,,,,1.0,45,,Information Technology,PANIC,-4,BLOCKED,EXPIRED,2026-06-17,323.6,Expired (16d > 15d),,,WEAK,OK
2026-06-01,19:09,EMA21_Bounce,21 EMA Bounce,BLUEDART,BUY,,,,,,1.0,45,,Services,PANIC,-4,BLOCKED,EXPIRED,2026-06-17,4841.9,Expired (16d > 15d),,,WEAK,OK
2026-06-01,19:09,EMA21_Bounce,21 EMA Bounce,BLUEJET,BUY,,,,,,1.0,45,,Healthcare,PANIC,-4,BLOCKED,EXPIRED,2026-06-17,505.35,Expired (16d > 15d),,,WEAK,OK
2026-06-01,19:09,EMA21_Bounce,21 EMA Bounce,BLUESTARCO,BUY,,,,,,1.0,45,,Consumer Durables,PANIC,-4,BLOCKED,EXPIRED,2026-06-17,1695.6,Expired (16d > 15d),,,WEAK,OK
2026-06-01,19:09,EMA21_Bounce,21 EMA Bounce,BBTC,BUY,,,,,,1.0,50,,Fast Moving Consumer Goods,PANIC,-4,BLOCKED,EXPIRED,2026-06-17,1524.6,Expired (16d > 15d),,,WEAK,OK
2026-06-01,19:09,EMA21_Bounce,21 EMA Bounce,BOSCHLTD,BUY,,,,,,1.0,50,,Automobile and Auto Components,PANIC,-4,BLOCKED,EXPIRED,2026-06-17,39230.0,Expired (16d > 15d),,,WEAK,OK
2026-06-01,19:09,EMA21_Bounce,21 EMA Bounce,FIRSTCRY,BUY,,,,,,1.0,45,,Consumer Services,PANIC,-4,BLOCKED,EXPIRED,2026-06-17,218.33,Expired (16d > 15d),,,WEAK,OK
2026-06-01,19:09,EMA21_Bounce,21 EMA Bounce,BRIGADE,BUY,,,,,,1.0,45,,Realty,PANIC,-4,BLOCKED,EXPIRED,2026-06-17,565.85,Expired (16d > 15d),,,WEAK,OK
2026-06-01,19:09,EMA21_Bounce,21 EMA Bounce,BRITANNIA,BUY,,,,,,1.0,45,,Fast Moving Consumer Goods,PANIC,-4,BLOCKED,EXPIRED,2026-06-17,5232.0,Expired (16d > 15d),,,WEAK,OK
2026-06-01,19:09,EMA21_Bounce,21 EMA Bounce,MAPMYINDIA,BUY,,,,,,1.0,45,,Information Technology,PANIC,-4,BLOCKED,EXPIRED,2026-06-17,889.7,Expired (16d > 15d),,,WEAK,OK
2026-06-01,19:09,EMA21_Bounce,21 EMA Bounce,CCL,BUY,,,,,,1.0,45,,Fast Moving Consumer Goods,PANIC,-4,BLOCKED,EXPIRED,2026-06-17,1114.6,Expired (16d > 15d),,,WEAK,OK
2026-06-01,19:09,EMA21_Bounce,21 EMA Bounce,CESC,BUY,,,,,,1.0,50,,Power,PANIC,-4,BLOCKED,EXPIRED,2026-06-17,169.91,Expired (16d > 15d),,,WEAK,OK
2026-06-01,19:09,EMA21_Bounce,21 EMA Bounce,CGPOWER,BUY,,,,,,1.0,45,,Capital Goods,PANIC,-4,BLOCKED,EXPIRED,2026-06-17,963.75,Expired (16d > 15d),,,WEAK,OK
2026-06-01,19:09,EMA21_Bounce,21 EMA Bounce,CIEINDIA,BUY,,,,,,1.0,45,,Automobile and Auto Components,PANIC,-4,BLOCKED,EXPIRED,2026-06-17,457.15,Expired (16d > 15d),,,WEAK,OK
2026-06-01,19:09,EMA21_Bounce,21 EMA Bounce,CRISIL,BUY,,,,,,1.0,45,,Financial Services,PANIC,-4,BLOCKED,EXPIRED,2026-06-17,4091.5,Expired (16d > 15d),,,WEAK,OK
2026-06-01,19:09,EMA21_Bounce,21 EMA Bounce,CANFINHOME,BUY,,,,,,1.0,55,,Financial Services,PANIC,-4,BLOCKED,EXPIRED,2026-06-17,879.75,Expired (16d > 15d),,,WEAK,OK
2026-06-01,19:09,EMA21_Bounce,21 EMA Bounce,CANBK,BUY,,,,,,1.0,50,,Financial Services,PANIC,-4,BLOCKED,EXPIRED,2026-06-17,135.24,Expired (16d > 15d),,,WEAK,OK
2026-06-01,19:09,EMA21_Bounce,21 EMA Bounce,CANHLIFE,BUY,,,,,,1.0,45,,Financial Services,PANIC,-4,BLOCKED,EXPIRED,2026-06-17,138.18,Expired (16d > 15d),,,WEAK,OK
2026-06-01,19:09,EMA21_Bounce,21 EMA Bounce,CAPLIPOINT,BUY,,,,,,1.0,45,,Healthcare,PANIC,-4,BLOCKED,EXPIRED,2026-06-17,2334.9,Expired (16d > 15d),,,WEAK,OK
2026-06-01,19:09,EMA21_Bounce,21 EMA Bounce,CGCL,BUY,,,,,,1.0,55,,Financial Services,PANIC,-4,BLOCKED,EXPIRED,2026-06-17,217.28,Expired (16d > 15d),,,WEAK,OK
2026-06-01,19:09,EMA21_Bounce,21 EMA Bounce,CARBORUNIV,BUY,,,,,,1.0,50,,Capital Goods,PANIC,-4,BLOCKED,EXPIRED,2026-06-17,1130.3,Expired (16d > 15d),,,WEAK,OK
2026-06-01,19:09,EMA21_Bounce,21 EMA Bounce,CARTRADE,BUY,,,,,,1.0,45,,Consumer Services,PANIC,-4,BLOCKED,EXPIRED,2026-06-17,2614.9,Expired (16d > 15d),,,WEAK,OK
2026-06-01,19:09,EMA21_Bounce,21 EMA Bounce,CASTROLIND,BUY,,,,,,1.0,45,,Oil Gas & Consumable Fuels,PANIC,-4,BLOCKED,EXPIRED,2026-06-17,184.49,Expired (16d > 15d),,,WEAK,OK
2026-06-01,19:09,EMA21_Bounce,21 EMA Bounce,CEATLTD,BUY,,,,,,1.0,50,,Automobile and Auto Components,PANIC,-4,BLOCKED,EXPIRED,2026-06-17,3487.0,Expired (16d > 15d),,,WEAK,OK
2026-06-01,19:09,EMA21_Bounce,21 EMA Bounce,CEMPRO,BUY,,,,,,1.0,45,,Construction,PANIC,-4,BLOCKED,EXPIRED,2026-06-17,1184.0,Expired (16d > 15d),,,WEAK,OK
2026-06-01,19:09,EMA21_Bounce,21 EMA Bounce,CENTRALBK,BUY,,,,,,1.0,45,,Financial Services,PANIC,-4,BLOCKED,EXPIRED,2026-06-17,33.87,Expired (16d > 15d),,,WEAK,OK
2026-06-01,19:09,EMA21_Bounce,21 EMA Bounce,CDSL,BUY,,,,,,1.0,45,,Financial Services,PANIC,-4,BLOCKED,EXPIRED,2026-06-17,1290.9,Expired (16d > 15d),,,WEAK,OK
2026-06-01,19:09,EMA21_Bounce,21 EMA Bounce,CHALET,BUY,,,,,,1.0,50,,Consumer Services,PANIC,-4,BLOCKED,EXPIRED,2026-06-17,781.0,Expired (16d > 15d),,,WEAK,OK
2026-06-01,19:09,EMA21_Bounce,21 EMA Bounce,CHAMBLFERT,BUY,,,,,,1.0,50,,Chemicals,PANIC,-4,BLOCKED,EXPIRED,2026-06-17,485.1,Expired (16d > 15d),,,WEAK,OK
2026-06-01,19:09,EMA21_Bounce,21 EMA Bounce,CHENNPETRO,BUY,,,,,,1.0,50,,Oil Gas & Consumable Fuels,PANIC,-4,BLOCKED,EXPIRED,2026-06-17,1165.1,Expired (16d > 15d),,,WEAK,OK
2026-06-01,19:09,EMA21_Bounce,21 EMA Bounce,CHOICEIN,BUY,,,,,,1.0,50,,Financial Services,PANIC,-4,BLOCKED,EXPIRED,2026-06-17,709.75,Expired (16d > 15d),,,WEAK,OK
2026-06-01,19:09,EMA21_Bounce,21 EMA Bounce,CHOLAHLDNG,BUY,,,,,,1.0,50,,Financial Services,PANIC,-4,BLOCKED,EXPIRED,2026-06-17,1583.9,Expired (16d > 15d),,,WEAK,OK
2026-06-01,19:09,EMA21_Bounce,21 EMA Bounce,CHOLAFIN,BUY,,,,,,1.0,50,,Financial Services,PANIC,-4,BLOCKED,EXPIRED,2026-06-17,1679.2,Expired (16d > 15d),,,WEAK,OK
2026-06-01,19:09,EMA21_Bounce,21 EMA Bounce,CIPLA,BUY,,,,,,1.0,45,,Healthcare,PANIC,-4,BLOCKED,EXPIRED,2026-06-17,1350.8,Expired (16d > 15d),,,WEAK,OK
2026-06-01,19:09,EMA21_Bounce,21 EMA Bounce,CUB,BUY,,,,,,1.0,50,,Financial Services,PANIC,-4,BLOCKED,EXPIRED,2026-06-17,200.45,Expired (16d > 15d),,,WEAK,OK
2026-06-01,19:09,EMA21_Bounce,21 EMA Bounce,CLEAN,BUY,,,,,,1.0,45,,Chemicals,PANIC,-4,BLOCKED,EXPIRED,2026-06-17,778.65,Expired (16d > 15d),,,WEAK,OK
2026-06-01,19:09,EMA21_Bounce,21 EMA Bounce,COCHINSHIP,BUY,,,,,,1.0,45,,Capital Goods,PANIC,-4,BLOCKED,EXPIRED,2026-06-17,1500.2,Expired (16d > 15d),,,WEAK,OK
2026-06-01,19:09,EMA21_Bounce,21 EMA Bounce,COFORGE,BUY,,,,,,1.0,45,,Information Technology,PANIC,-4,BLOCKED,EXPIRED,2026-06-17,1465.7,Expired (16d > 15d),,,WEAK,OK
2026-06-01,19:09,EMA21_Bounce,21 EMA Bounce,COHANCE,BUY,,,,,,1.0,45,,Healthcare,PANIC,-4,BLOCKED,EXPIRED,2026-06-17,425.15,Expired (16d > 15d),,,WEAK,OK
2026-06-01,19:09,EMA21_Bounce,21 EMA Bounce,COLPAL,BUY,,,,,,1.0,50,,Fast Moving Consumer Goods,PANIC,-4,BLOCKED,EXPIRED,2026-06-17,2034.2,Expired (16d > 15d),,,WEAK,OK
2026-06-01,19:09,EMA21_Bounce,21 EMA Bounce,CAMS,BUY,,,,,,1.0,50,,Financial Services,PANIC,-4,BLOCKED,EXPIRED,2026-06-17,807.25,Expired (16d > 15d),,,WEAK,OK
2026-06-01,19:09,EMA21_Bounce,21 EMA Bounce,CONCORDBIO,BUY,,,,,,1.0,50,,Healthcare,PANIC,-4,BLOCKED,EXPIRED,2026-06-17,1340.0,Expired (16d > 15d),,,WEAK,OK
2026-06-01,19:09,EMA21_Bounce,21 EMA Bounce,CONCOR,BUY,,,,,,1.0,45,,Services,PANIC,-4,BLOCKED,EXPIRED,2026-06-17,467.0,Expired (16d > 15d),,,WEAK,OK
2026-06-01,19:09,EMA21_Bounce,21 EMA Bounce,COROMANDEL,BUY,,,,,,1.0,45,,Chemicals,PANIC,-4,BLOCKED,EXPIRED,2026-06-17,2035.9,Expired (16d > 15d),,,WEAK,OK
2026-06-01,19:09,EMA21_Bounce,21 EMA Bounce,CRAFTSMAN,BUY,,,,,,1.0,45,,Automobile and Auto Components,PANIC,-4,BLOCKED,EXPIRED,2026-06-17,9498.5,Expired (16d > 15d),,,WEAK,OK
2026-06-01,19:09,EMA21_Bounce,21 EMA Bounce,CREDITACC,BUY,,,,,,1.0,45,,Financial Services,PANIC,-4,BLOCKED,EXPIRED,2026-06-17,1434.9,Expired (16d > 15d),,,WEAK,OK
2026-06-01,19:09,EMA21_Bounce,21 EMA Bounce,CROMPTON,BUY,,,,,,1.0,50,,Consumer Durables,PANIC,-4,BLOCKED,EXPIRED,2026-06-17,275.9,Expired (16d > 15d),,,WEAK,OK
2026-06-01,19:09,EMA21_Bounce,21 EMA Bounce,CUMMINSIND,BUY,,,,,,1.0,45,,Capital Goods,PANIC,-4,BLOCKED,EXPIRED,2026-06-17,5833.0,Expired (16d > 15d),,,WEAK,OK
2026-06-01,19:09,EMA21_Bounce,21 EMA Bounce,CYIENT,BUY,,,,,,1.0,55,,Information Technology,PANIC,-4,BLOCKED,EXPIRED,2026-06-17,876.15,Expired (16d > 15d),,,WEAK,OK
2026-06-01,19:09,EMA21_Bounce,21 EMA Bounce,DCMSHRIRAM,BUY,,,,,,1.0,45,,Diversified,PANIC,-4,BLOCKED,EXPIRED,2026-06-17,1045.6,Expired (16d > 15d),,,WEAK,OK
2026-06-01,19:09,EMA21_Bounce,21 EMA Bounce,DLF,BUY,,,,,,1.0,45,,Realty,PANIC,-4,BLOCKED,EXPIRED,2026-06-17,623.55,Expired (16d > 15d),,,WEAK,OK
2026-06-01,19:09,EMA21_Bounce,21 EMA Bounce,DOMS,BUY,,,,,,1.0,45,,Fast Moving Consumer Goods,PANIC,-4,BLOCKED,EXPIRED,2026-06-17,2323.9,Expired (16d > 15d),,,WEAK,OK
2026-06-01,19:09,EMA21_Bounce,21 EMA Bounce,DABUR,BUY,,,,,,1.0,45,,Fast Moving Consumer Goods,PANIC,-4,BLOCKED,EXPIRED,2026-06-17,429.0,Expired (16d > 15d),,,WEAK,OK
2026-06-01,19:09,EMA21_Bounce,21 EMA Bounce,DALBHARAT,BUY,,,,,,1.0,50,,Construction Materials,PANIC,-4,BLOCKED,EXPIRED,2026-06-17,1723.4,Expired (16d > 15d),,,WEAK,OK
2026-06-01,19:09,EMA21_Bounce,21 EMA Bounce,DATAPATTNS,BUY,,,,,,1.0,50,,Capital Goods,PANIC,-4,BLOCKED,EXPIRED,2026-06-17,4769.6,Expired (16d > 15d),,,WEAK,OK
2026-06-01,19:09,EMA21_Bounce,21 EMA Bounce,DEEPAKFERT,BUY,,,,,,1.0,45,,Chemicals,PANIC,-4,BLOCKED,EXPIRED,2026-06-17,1550.5,Expired (16d > 15d),,,WEAK,OK
2026-06-01,19:09,EMA21_Bounce,21 EMA Bounce,DEEPAKNTR,BUY,,,,,,1.0,45,,Chemicals,PANIC,-4,BLOCKED,EXPIRED,2026-06-17,1615.3,Expired (16d > 15d),,,WEAK,OK
2026-06-01,19:09,EMA21_Bounce,21 EMA Bounce,DELHIVERY,BUY,,,,,,1.0,50,,Services,PANIC,-4,BLOCKED,EXPIRED,2026-06-17,451.55,Expired (16d > 15d),,,WEAK,OK
2026-06-01,19:09,EMA21_Bounce,21 EMA Bounce,DEVYANI,BUY,,,,,,1.0,50,,Consumer Services,PANIC,-4,BLOCKED,EXPIRED,2026-06-17,113.28,Expired (16d > 15d),,,WEAK,OK
2026-06-01,19:09,EMA21_Bounce,21 EMA Bounce,DIVISLAB,BUY,,,,,,1.0,50,,Healthcare,PANIC,-4,BLOCKED,EXPIRED,2026-06-17,6663.5,Expired (16d > 15d),,,WEAK,OK
2026-06-01,19:09,EMA21_Bounce,21 EMA Bounce,DIXON,BUY,,,,,,1.0,45,,Consumer Durables,PANIC,-4,BLOCKED,EXPIRED,2026-06-17,12833.0,Expired (16d > 15d),,,WEAK,OK
2026-06-01,19:09,EMA21_Bounce,21 EMA Bounce,LALPATHLAB,BUY,,,,,,1.0,45,,Healthcare,PANIC,-4,BLOCKED,EXPIRED,2026-06-17,1651.8,Expired (16d > 15d),,,WEAK,OK
2026-06-01,19:09,EMA21_Bounce,21 EMA Bounce,DRREDDY,BUY,,,,,,1.0,50,,Healthcare,PANIC,-4,BLOCKED,EXPIRED,2026-06-17,1269.0,Expired (16d > 15d),,,WEAK,OK
2026-06-01,19:09,EMA21_Bounce,21 EMA Bounce,EIDPARRY,BUY,,,,,,1.0,50,,Fast Moving Consumer Goods,PANIC,-4,BLOCKED,EXPIRED,2026-06-17,732.6,Expired (16d > 15d),,,WEAK,OK
2026-06-01,19:09,EMA21_Bounce,21 EMA Bounce,EIHOTEL,BUY,,,,,,1.0,50,,Consumer Services,PANIC,-4,BLOCKED,EXPIRED,2026-06-17,314.9,Expired (16d > 15d),,,WEAK,OK
2026-06-01,19:09,EMA21_Bounce,21 EMA Bounce,EICHERMOT,BUY,,,,,,1.0,50,,Automobile and Auto Components,PANIC,-4,BLOCKED,EXPIRED,2026-06-17,7509.0,Expired (16d > 15d),,,WEAK,OK
2026-06-01,19:09,EMA21_Bounce,21 EMA Bounce,ELECON,BUY,,,,,,1.0,45,,Capital Goods,PANIC,-4,BLOCKED,EXPIRED,2026-06-17,558.65,Expired (16d > 15d),,,WEAK,OK
2026-06-01,19:09,EMA21_Bounce,21 EMA Bounce,ELGIEQUIP,BUY,,,,,,1.0,50,,Capital Goods,PANIC,-4,BLOCKED,EXPIRED,2026-06-17,600.1,Expired (16d > 15d),,,WEAK,OK
2026-06-01,19:09,EMA21_Bounce,21 EMA Bounce,EMAMILTD,BUY,,,,,,1.0,45,,Fast Moving Consumer Goods,PANIC,-4,BLOCKED,EXPIRED,2026-06-17,400.15,Expired (16d > 15d),,,WEAK,OK
2026-06-01,19:09,EMA21_Bounce,21 EMA Bounce,EMCURE,BUY,,,,,,1.0,50,,Healthcare,PANIC,-4,BLOCKED,EXPIRED,2026-06-17,1725.7,Expired (16d > 15d),,,WEAK,OK
2026-06-01,19:09,EMA21_Bounce,21 EMA Bounce,EMMVEE,BUY,,,,,,1.0,45,,Capital Goods,PANIC,-4,BLOCKED,EXPIRED,2026-06-17,343.25,Expired (16d > 15d),,,WEAK,OK
2026-06-01,19:09,EMA21_Bounce,21 EMA Bounce,ENDURANCE,BUY,,,,,,1.0,50,,Automobile and Auto Components,PANIC,-4,BLOCKED,EXPIRED,2026-06-17,2584.6,Expired (16d > 15d),,,WEAK,OK
2026-06-01,19:09,EMA21_Bounce,21 EMA Bounce,ENGINERSIN,BUY,,,,,,1.0,45,,Construction,PANIC,-4,BLOCKED,EXPIRED,2026-06-17,243.19,Expired (16d > 15d),,,WEAK,OK
2026-06-01,19:09,EMA21_Bounce,21 EMA Bounce,ERIS,BUY,,,,,,1.0,50,,Healthcare,PANIC,-4,BLOCKED,EXPIRED,2026-06-17,1411.1,Expired (16d > 15d),,,WEAK,OK
2026-06-01,19:09,EMA21_Bounce,21 EMA Bounce,ESCORTS,BUY,,,,,,1.0,45,,Capital Goods,PANIC,-4,BLOCKED,EXPIRED,2026-06-17,2831.0,Expired (16d > 15d),,,WEAK,OK
2026-06-01,19:09,EMA21_Bounce,21 EMA Bounce,ETERNAL,BUY,,,,,,1.0,45,,Consumer Services,PANIC,-4,BLOCKED,EXPIRED,2026-06-17,258.4,Expired (16d > 15d),,,WEAK,OK
2026-06-01,19:09,EMA21_Bounce,21 EMA Bounce,EXIDEIND,BUY,,,,,,1.0,45,,Automobile and Auto Components,PANIC,-4,BLOCKED,EXPIRED,2026-06-17,388.4,Expired (16d > 15d),,,WEAK,OK
2026-06-01,19:09,EMA21_Bounce,21 EMA Bounce,NYKAA,BUY,,,,,,1.0,50,,Consumer Services,PANIC,-4,BLOCKED,EXPIRED,2026-06-17,280.95,Expired (16d > 15d),,,WEAK,OK
2026-06-01,19:09,EMA21_Bounce,21 EMA Bounce,FEDERALBNK,BUY,,,,,,1.0,50,,Financial Services,PANIC,-4,BLOCKED,EXPIRED,2026-06-17,322.7,Expired (16d > 15d),,,WEAK,OK
2026-06-01,19:09,EMA21_Bounce,21 EMA Bounce,FACT,BUY,,,,,,1.0,50,,Chemicals,PANIC,-4,BLOCKED,EXPIRED,2026-06-17,967.6,Expired (16d > 15d),,,WEAK,OK
2026-06-01,19:09,EMA21_Bounce,21 EMA Bounce,FINCABLES,BUY,,,,,,1.0,55,,Capital Goods,PANIC,-4,BLOCKED,EXPIRED,2026-06-17,1120.0,Expired (16d > 15d),,,WEAK,OK
2026-06-01,19:09,EMA21_Bounce,21 EMA Bounce,FSL,BUY,,,,,,1.0,50,,Services,PANIC,-4,BLOCKED,EXPIRED,2026-06-17,243.85,Expired (16d > 15d),,,WEAK,OK
2026-06-01,19:09,EMA21_Bounce,21 EMA Bounce,FIVESTAR,BUY,,,,,,1.0,45,,Financial Services,PANIC,-4,BLOCKED,EXPIRED,2026-06-17,485.55,Expired (16d > 15d),,,WEAK,OK
2026-06-01,19:09,EMA21_Bounce,21 EMA Bounce,FORCEMOT,BUY,,,,,,1.0,45,,Automobile and Auto Components,PANIC,-4,BLOCKED,EXPIRED,2026-06-17,18691.0,Expired (16d > 15d),,,WEAK,OK
2026-06-01,19:09,EMA21_Bounce,21 EMA Bounce,FORTIS,BUY,,,,,,1.0,45,,Healthcare,PANIC,-4,BLOCKED,EXPIRED,2026-06-17,949.65,Expired (16d > 15d),,,WEAK,OK
2026-06-01,19:09,EMA21_Bounce,21 EMA Bounce,GAIL,BUY,,,,,,1.0,50,,Oil Gas & Consumable Fuels,PANIC,-4,BLOCKED,EXPIRED,2026-06-17,175.03,Expired (16d > 15d),,,WEAK,OK
2026-06-01,19:09,EMA21_Bounce,21 EMA Bounce,GVT&D,BUY,,,,,,1.0,50,,Capital Goods,PANIC,-4,BLOCKED,EXPIRED,2026-06-17,5152.5,Expired (16d > 15d),,,WEAK,OK
2026-06-01,19:09,EMA21_Bounce,21 EMA Bounce,GMRAIRPORT,BUY,,,,,,1.0,45,,Services,PANIC,-4,BLOCKED,EXPIRED,2026-06-17,109.32,Expired (16d > 15d),,,WEAK,OK
2026-06-01,19:09,EMA21_Bounce,21 EMA Bounce,GABRIEL,BUY,,,,,,1.0,50,,Automobile and Auto Components,PANIC,-4,BLOCKED,EXPIRED,2026-06-17,1123.2,Expired (16d > 15d),,,WEAK,OK
2026-06-01,19:09,EMA21_Bounce,21 EMA Bounce,GALLANTT,BUY,,,,,,1.0,45,,Capital Goods,PANIC,-4,BLOCKED,EXPIRED,2026-06-17,713.2,Expired (16d > 15d),,,WEAK,OK
2026-06-01,19:09,EMA21_Bounce,21 EMA Bounce,GRSE,BUY,,,,,,1.0,45,,Capital Goods,PANIC,-4,BLOCKED,EXPIRED,2026-06-17,2818.4,Expired (16d > 15d),,,WEAK,OK
2026-06-01,19:09,EMA21_Bounce,21 EMA Bounce,GICRE,BUY,,,,,,1.0,50,,Financial Services,PANIC,-4,BLOCKED,EXPIRED,2026-06-17,353.4,Expired (16d > 15d),,,WEAK,OK
2026-06-01,19:09,EMA21_Bounce,21 EMA Bounce,GILLETTE,BUY,,,,,,1.0,50,,Fast Moving Consumer Goods,PANIC,-4,BLOCKED,EXPIRED,2026-06-17,7856.0,Expired (16d > 15d),,,WEAK,OK
2026-06-01,19:09,EMA21_Bounce,21 EMA Bounce,GLAND,BUY,,,,,,1.0,45,,Healthcare,PANIC,-4,BLOCKED,EXPIRED,2026-06-17,2197.6,Expired (16d > 15d),,,WEAK,OK
2026-06-01,19:09,EMA21_Bounce,21 EMA Bounce,GLAXO,BUY,,,,,,1.0,45,,Healthcare,PANIC,-4,BLOCKED,EXPIRED,2026-06-17,2199.8,Expired (16d > 15d),,,WEAK,OK
2026-06-01,19:09,EMA21_Bounce,21 EMA Bounce,GLENMARK,BUY,,,,,,1.0,55,,Healthcare,PANIC,-4,BLOCKED,EXPIRED,2026-06-17,2136.6,Expired (16d > 15d),,,WEAK,OK
2026-06-01,19:09,EMA21_Bounce,21 EMA Bounce,MEDANTA,BUY,,,,,,1.0,50,,Healthcare,PANIC,-4,BLOCKED,EXPIRED,2026-06-17,1254.4,Expired (16d > 15d),,,WEAK,OK
2026-06-01,19:09,EMA21_Bounce,21 EMA Bounce,GODIGIT,BUY,,,,,,1.0,45,,Financial Services,PANIC,-4,BLOCKED,EXPIRED,2026-06-17,295.1,Expired (16d > 15d),,,WEAK,OK
2026-06-01,19:09,EMA21_Bounce,21 EMA Bounce,GPIL,BUY,,,,,,1.0,50,,Capital Goods,PANIC,-4,BLOCKED,EXPIRED,2026-06-17,272.1,Expired (16d > 15d),,,WEAK,OK
2026-06-01,19:09,EMA21_Bounce,21 EMA Bounce,GODFRYPHLP,BUY,,,,,,1.0,45,,Fast Moving Consumer Goods,PANIC,-4,BLOCKED,EXPIRED,2026-06-17,2249.0,Expired (16d > 15d),,,WEAK,OK
2026-06-01,19:09,EMA21_Bounce,21 EMA Bounce,GODREJCP,BUY,,,,,,1.0,50,,Fast Moving Consumer Goods,PANIC,-4,BLOCKED,EXPIRED,2026-06-17,1020.0,Expired (16d > 15d),,,WEAK,OK
2026-06-01,19:09,EMA21_Bounce,21 EMA Bounce,GODREJIND,BUY,,,,,,1.0,50,,Diversified,PANIC,-4,BLOCKED,EXPIRED,2026-06-17,1052.2,Expired (16d > 15d),,,WEAK,OK
2026-06-01,19:09,EMA21_Bounce,21 EMA Bounce,GODREJPROP,BUY,,,,,,1.0,45,,Realty,PANIC,-4,BLOCKED,EXPIRED,2026-06-17,1788.3,Expired (16d > 15d),,,WEAK,OK
2026-06-01,19:09,EMA21_Bounce,21 EMA Bounce,GRANULES,BUY,,,,,,1.0,45,,Healthcare,PANIC,-4,BLOCKED,EXPIRED,2026-06-17,741.4,Expired (16d > 15d),,,WEAK,OK
2026-06-01,19:09,EMA21_Bounce,21 EMA Bounce,GRAPHITE,BUY,,,,,,1.0,50,,Capital Goods,PANIC,-4,BLOCKED,EXPIRED,2026-06-17,662.25,Expired (16d > 15d),,,WEAK,OK
2026-06-01,19:09,EMA21_Bounce,21 EMA Bounce,GRASIM,BUY,,,,,,1.0,45,,Construction Materials,PANIC,-4,BLOCKED,EXPIRED,2026-06-17,3150.4,Expired (16d > 15d),,,WEAK,OK
2026-06-01,19:09,EMA21_Bounce,21 EMA Bounce,GRAVITA,BUY,,,,,,1.0,45,,Metals & Mining,PANIC,-4,BLOCKED,EXPIRED,2026-06-17,1668.9,Expired (16d > 15d),,,WEAK,OK
2026-06-01,19:09,EMA21_Bounce,21 EMA Bounce,GESHIP,BUY,,,,,,1.0,45,,Services,PANIC,-4,BLOCKED,EXPIRED,2026-06-17,1404.4,Expired (16d > 15d),,,WEAK,OK
2026-06-01,19:09,EMA21_Bounce,21 EMA Bounce,FLUOROCHEM,BUY,,,,,,1.0,45,,Chemicals,PANIC,-4,BLOCKED,EXPIRED,2026-06-17,3675.8,Expired (16d > 15d),,,WEAK,OK
2026-06-01,19:09,EMA21_Bounce,21 EMA Bounce,GMDCLTD,BUY,,,,,,1.0,50,,Metals & Mining,PANIC,-4,BLOCKED,EXPIRED,2026-06-17,620.55,Expired (16d > 15d),,,WEAK,OK
2026-06-01,19:09,EMA21_Bounce,21 EMA Bounce,HEG,BUY,,,,,,1.0,45,,Capital Goods,PANIC,-4,BLOCKED,EXPIRED,2026-06-17,545.6,Expired (16d > 15d),,,WEAK,OK
2026-06-01,19:09,EMA21_Bounce,21 EMA Bounce,HBLENGINE,BUY,,,,,,1.0,45,,Capital Goods,PANIC,-4,BLOCKED,EXPIRED,2026-06-17,795.95,Expired (16d > 15d),,,WEAK,OK
2026-06-01,19:09,EMA21_Bounce,21 EMA Bounce,HCLTECH,BUY,,,,,,1.0,50,,Information Technology,PANIC,-4,BLOCKED,EXPIRED,2026-06-17,1166.8,Expired (16d > 15d),,,WEAK,OK
2026-06-01,19:09,EMA21_Bounce,21 EMA Bounce,HDBFS,BUY,,,,,,1.0,45,,Financial Services,PANIC,-4,BLOCKED,EXPIRED,2026-06-17,702.35,Expired (16d > 15d),,,WEAK,OK
2026-06-01,19:09,EMA21_Bounce,21 EMA Bounce,HDFCAMC,BUY,,,,,,1.0,50,,Financial Services,PANIC,-4,BLOCKED,EXPIRED,2026-06-17,2711.1,Expired (16d > 15d),,,WEAK,OK
2026-06-01,19:09,EMA21_Bounce,21 EMA Bounce,HDFCBANK,BUY,,,,,,1.0,50,,Financial Services,PANIC,-4,BLOCKED,EXPIRED,2026-06-17,787.1,Expired (16d > 15d),,,WEAK,OK
2026-06-01,19:09,EMA21_Bounce,21 EMA Bounce,HDFCLIFE,BUY,,,,,,1.0,45,,Financial Services,PANIC,-4,BLOCKED,EXPIRED,2026-06-17,581.8,Expired (16d > 15d),,,WEAK,OK
2026-06-01,19:09,EMA21_Bounce,21 EMA Bounce,HFCL,BUY,,,,,,1.0,45,,Telecommunication,PANIC,-4,BLOCKED,EXPIRED,2026-06-17,190.13,Expired (16d > 15d),,,WEAK,OK
2026-06-01,19:09,EMA21_Bounce,21 EMA Bounce,HAVELLS,BUY,,,,,,1.0,45,,Consumer Durables,PANIC,-4,BLOCKED,EXPIRED,2026-06-17,1196.8,Expired (16d > 15d),,,WEAK,OK
2026-06-01,19:09,EMA21_Bounce,21 EMA Bounce,HEROMOTOCO,BUY,,,,,,1.0,45,,Automobile and Auto Components,PANIC,-4,BLOCKED,EXPIRED,2026-06-17,5016.4,Expired (16d > 15d),,,WEAK,OK
2026-06-01,19:09,EMA21_Bounce,21 EMA Bounce,HEXT,BUY,,,,,,1.0,50,,Information Technology,PANIC,-4,BLOCKED,EXPIRED,2026-06-17,503.15,Expired (16d > 15d),,,WEAK,OK
2026-06-01,19:09,EMA21_Bounce,21 EMA Bounce,HSCL,BUY,,,,,,1.0,50,,Chemicals,PANIC,-4,BLOCKED,EXPIRED,2026-06-17,701.1,Expired (16d > 15d),,,WEAK,OK
2026-06-01,19:09,EMA21_Bounce,21 EMA Bounce,HINDALCO,BUY,,,,,,1.0,45,,Metals & Mining,PANIC,-4,BLOCKED,EXPIRED,2026-06-17,1007.9,Expired (16d > 15d),,,WEAK,OK
2026-06-01,19:09,EMA21_Bounce,21 EMA Bounce,HAL,BUY,,,,,,1.0,45,,Capital Goods,PANIC,-4,BLOCKED,EXPIRED,2026-06-17,4460.5,Expired (16d > 15d),,,WEAK,OK
2026-06-01,19:09,EMA21_Bounce,21 EMA Bounce,HINDCOPPER,BUY,,,,,,1.0,45,,Metals & Mining,PANIC,-4,BLOCKED,EXPIRED,2026-06-17,515.2,Expired (16d > 15d),,,WEAK,OK
2026-06-01,19:09,EMA21_Bounce,21 EMA Bounce,HINDPETRO,BUY,,,,,,1.0,45,,Oil Gas & Consumable Fuels,PANIC,-4,BLOCKED,EXPIRED,2026-06-17,402.65,Expired (16d > 15d),,,WEAK,OK
2026-06-01,19:09,EMA21_Bounce,21 EMA Bounce,HINDUNILVR,BUY,,,,,,1.0,45,,Fast Moving Consumer Goods,PANIC,-4,BLOCKED,EXPIRED,2026-06-17,2197.6,Expired (16d > 15d),,,WEAK,OK
2026-06-01,19:09,EMA21_Bounce,21 EMA Bounce,HINDZINC,BUY,,,,,,1.0,50,,Metals & Mining,PANIC,-4,BLOCKED,EXPIRED,2026-06-17,572.55,Expired (16d > 15d),,,WEAK,OK
2026-06-01,19:09,EMA21_Bounce,21 EMA Bounce,POWERINDIA,BUY,,,,,,1.0,50,,Capital Goods,PANIC,-4,BLOCKED,EXPIRED,2026-06-17,35950.0,Expired (16d > 15d),,,WEAK,OK
2026-06-01,19:09,EMA21_Bounce,21 EMA Bounce,HOMEFIRST,BUY,,,,,,1.0,45,,Financial Services,PANIC,-4,BLOCKED,EXPIRED,2026-06-17,1145.7,Expired (16d > 15d),,,WEAK,OK
2026-06-01,19:09,EMA21_Bounce,21 EMA Bounce,HONASA,BUY,,,,,,1.0,45,,Fast Moving Consumer Goods,PANIC,-4,BLOCKED,EXPIRED,2026-06-17,401.45,Expired (16d > 15d),,,WEAK,OK
2026-06-01,19:09,EMA21_Bounce,21 EMA Bounce,HONAUT,BUY,,,,,,1.0,45,,Capital Goods,PANIC,-4,BLOCKED,EXPIRED,2026-06-17,36380.0,Expired (16d > 15d),,,WEAK,OK
2026-06-01,19:09,EMA21_Bounce,21 EMA Bounce,HUDCO,BUY,,,,,,1.0,45,,Financial Services,PANIC,-4,BLOCKED,EXPIRED,2026-06-17,213.65,Expired (16d > 15d),,,WEAK,OK
2026-06-01,19:09,EMA21_Bounce,21 EMA Bounce,HYUNDAI,BUY,,,,,,1.0,50,,Automobile and Auto Components,PANIC,-4,BLOCKED,EXPIRED,2026-06-17,1976.7,Expired (16d > 15d),,,WEAK,OK
2026-06-01,19:09,EMA21_Bounce,21 EMA Bounce,ICICIBANK,BUY,,,,,,1.0,50,,Financial Services,PANIC,-4,BLOCKED,EXPIRED,2026-06-17,1336.8,Expired (16d > 15d),,,WEAK,OK
2026-06-01,19:09,EMA21_Bounce,21 EMA Bounce,ICICIGI,BUY,,,,,,1.0,45,,Financial Services,PANIC,-4,BLOCKED,EXPIRED,2026-06-17,1790.5,Expired (16d > 15d),,,WEAK,OK
2026-06-01,19:09,EMA21_Bounce,21 EMA Bounce,ICICIAMC,BUY,,,,,,1.0,45,,Financial Services,PANIC,-4,BLOCKED,EXPIRED,2026-06-17,3250.5,Expired (16d > 15d),,,WEAK,OK
2026-06-01,19:09,EMA21_Bounce,21 EMA Bounce,ICICIPRULI,BUY,,,,,,1.0,45,,Financial Services,PANIC,-4,BLOCKED,EXPIRED,2026-06-17,503.65,Expired (16d > 15d),,,WEAK,OK
2026-06-01,19:09,EMA21_Bounce,21 EMA Bounce,IDBI,BUY,,,,,,1.0,45,,Financial Services,PANIC,-4,BLOCKED,EXPIRED,2026-06-17,90.36,Expired (16d > 15d),,,WEAK,OK
2026-06-01,19:09,EMA21_Bounce,21 EMA Bounce,IDFCFIRSTB,BUY,,,,,,1.0,45,,Financial Services,PANIC,-4,BLOCKED,EXPIRED,2026-06-17,77.38,Expired (16d > 15d),,,WEAK,OK
2026-06-01,19:09,EMA21_Bounce,21 EMA Bounce,IFCI,BUY,,,,,,1.0,50,,Financial Services,PANIC,-4,BLOCKED,EXPIRED,2026-06-17,90.07,Expired (16d > 15d),,,WEAK,OK
2026-06-01,19:09,EMA21_Bounce,21 EMA Bounce,IIFL,BUY,,,,,,1.0,50,,Financial Services,PANIC,-4,BLOCKED,EXPIRED,2026-06-17,531.15,Expired (16d > 15d),,,WEAK,OK
2026-06-01,19:09,EMA21_Bounce,21 EMA Bounce,IRB,BUY,,,,,,1.0,50,,Construction,PANIC,-4,BLOCKED,EXPIRED,2026-06-17,21.34,Expired (16d > 15d),,,WEAK,OK
2026-06-01,19:09,EMA21_Bounce,21 EMA Bounce,IRCON,BUY,,,,,,1.0,45,,Construction,PANIC,-4,BLOCKED,EXPIRED,2026-06-17,140.72,Expired (16d > 15d),,,WEAK,OK
2026-06-01,19:09,EMA21_Bounce,21 EMA Bounce,ITCHOTELS,BUY,,,,,,1.0,50,,Consumer Services,PANIC,-4,BLOCKED,EXPIRED,2026-06-17,157.88,Expired (16d > 15d),,,WEAK,OK
2026-06-01,19:09,EMA21_Bounce,21 EMA Bounce,ITC,BUY,,,,,,1.0,45,,Fast Moving Consumer Goods,PANIC,-4,BLOCKED,EXPIRED,2026-06-17,290.75,Expired (16d > 15d),,,WEAK,OK
2026-06-01,19:09,EMA21_Bounce,21 EMA Bounce,ITI,BUY,,,,,,1.0,45,,Telecommunication,PANIC,-4,BLOCKED,EXPIRED,2026-06-17,306.2,Expired (16d > 15d),,,WEAK,OK
2026-06-01,19:09,EMA21_Bounce,21 EMA Bounce,INDGN,BUY,,,,,,1.0,45,,Healthcare,PANIC,-4,BLOCKED,EXPIRED,2026-06-17,515.9,Expired (16d > 15d),,,WEAK,OK
2026-06-01,19:09,EMA21_Bounce,21 EMA Bounce,INDIACEM,BUY,,,,,,1.0,45,,Construction Materials,PANIC,-4,BLOCKED,EXPIRED,2026-06-17,385.95,Expired (16d > 15d),,,WEAK,OK
2026-06-01,19:09,EMA21_Bounce,21 EMA Bounce,INDIAMART,BUY,,,,,,1.0,50,,Consumer Services,PANIC,-4,BLOCKED,EXPIRED,2026-06-17,2090.0,Expired (16d > 15d),,,WEAK,OK
2026-06-01,19:09,EMA21_Bounce,21 EMA Bounce,INDIANB,BUY,,,,,,1.0,50,,Financial Services,PANIC,-4,BLOCKED,EXPIRED,2026-06-17,876.35,Expired (16d > 15d),,,WEAK,OK
2026-06-01,19:09,EMA21_Bounce,21 EMA Bounce,IEX,BUY,,,,,,1.0,45,,Financial Services,PANIC,-4,BLOCKED,EXPIRED,2026-06-17,124.18,Expired (16d > 15d),,,WEAK,OK
2026-06-01,19:09,EMA21_Bounce,21 EMA Bounce,INDHOTEL,BUY,,,,,,1.0,50,,Consumer Services,PANIC,-4,BLOCKED,EXPIRED,2026-06-17,699.1,Expired (16d > 15d),,,WEAK,OK
2026-06-01,19:09,EMA21_Bounce,21 EMA Bounce,IOC,BUY,,,,,,1.0,50,,Oil Gas & Consumable Fuels,PANIC,-4,BLOCKED,EXPIRED,2026-06-17,145.42,Expired (16d > 15d),,,WEAK,OK
2026-06-01,19:09,EMA21_Bounce,21 EMA Bounce,IOB,BUY,,,,,,1.0,50,,Financial Services,PANIC,-4,BLOCKED,EXPIRED,2026-06-17,35.58,Expired (16d > 15d),,,WEAK,OK
2026-06-01,19:09,EMA21_Bounce,21 EMA Bounce,IRCTC,BUY,,,,,,1.0,45,,Consumer Services,PANIC,-4,BLOCKED,EXPIRED,2026-06-17,519.95,Expired (16d > 15d),,,WEAK,OK
2026-06-01,19:09,EMA21_Bounce,21 EMA Bounce,IRFC,BUY,,,,,,1.0,45,,Financial Services,PANIC,-4,BLOCKED,EXPIRED,2026-06-17,100.44,Expired (16d > 15d),,,WEAK,OK
2026-06-01,19:09,EMA21_Bounce,21 EMA Bounce,IREDA,BUY,,,,,,1.0,50,,Financial Services,PANIC,-4,BLOCKED,EXPIRED,2026-06-17,126.46,Expired (16d > 15d),,,WEAK,OK
2026-06-01,19:09,EMA21_Bounce,21 EMA Bounce,IGL,BUY,,,,,,1.0,50,,Oil Gas & Consumable Fuels,PANIC,-4,BLOCKED,EXPIRED,2026-06-17,170.78,Expired (16d > 15d),,,WEAK,OK
2026-06-01,19:09,EMA21_Bounce,21 EMA Bounce,INDUSTOWER,BUY,,,,,,1.0,45,,Telecommunication,PANIC,-4,BLOCKED,EXPIRED,2026-06-17,413.85,Expired (16d > 15d),,,WEAK,OK
2026-06-01,19:09,EMA21_Bounce,21 EMA Bounce,INDUSINDBK,BUY,,,,,,1.0,45,,Financial Services,PANIC,-4,BLOCKED,EXPIRED,2026-06-17,936.2,Expired (16d > 15d),,,WEAK,OK
2026-06-01,19:09,EMA21_Bounce,21 EMA Bounce,NAUKRI,BUY,,,,,,1.0,45,,Consumer Services,PANIC,-4,BLOCKED,EXPIRED,2026-06-17,1017.05,Expired (16d > 15d),,,WEAK,OK
2026-06-01,19:09,EMA21_Bounce,21 EMA Bounce,INFY,BUY,,,,,,1.0,55,,Information Technology,PANIC,-4,BLOCKED,EXPIRED,2026-06-17,1157.7,Expired (16d > 15d),,,WEAK,OK
2026-06-01,19:09,EMA21_Bounce,21 EMA Bounce,INOXWIND,BUY,,,,,,1.0,50,,Capital Goods,PANIC,-4,BLOCKED,EXPIRED,2026-06-17,91.0,Expired (16d > 15d),,,WEAK,OK
2026-06-01,19:09,EMA21_Bounce,21 EMA Bounce,INTELLECT,BUY,,,,,,1.0,50,,Information Technology,PANIC,-4,BLOCKED,EXPIRED,2026-06-17,764.9,Expired (16d > 15d),,,WEAK,OK
2026-06-01,19:09,EMA21_Bounce,21 EMA Bounce,INDIGO,BUY,,,,,,1.0,55,,Services,PANIC,-4,BLOCKED,EXPIRED,2026-06-17,4878.4,Expired (16d > 15d),,,WEAK,OK
2026-06-01,19:09,EMA21_Bounce,21 EMA Bounce,IGIL,BUY,,,,,,1.0,45,,Services,PANIC,-4,BLOCKED,EXPIRED,2026-06-17,357.15,Expired (16d > 15d),,,WEAK,OK
2026-06-01,19:09,EMA21_Bounce,21 EMA Bounce,IKS,BUY,,,,,,1.0,45,,Information Technology,PANIC,-4,BLOCKED,EXPIRED,2026-06-17,1636.2,Expired (16d > 15d),,,WEAK,OK
2026-06-01,19:09,EMA21_Bounce,21 EMA Bounce,IPCALAB,BUY,,,,,,1.0,50,,Healthcare,PANIC,-4,BLOCKED,EXPIRED,2026-06-17,1538.7,Expired (16d > 15d),,,WEAK,OK
2026-06-01,19:09,EMA21_Bounce,21 EMA Bounce,JBCHEPHARM,BUY,,,,,,1.0,50,,Healthcare,PANIC,-4,BLOCKED,EXPIRED,2026-06-17,2195.6,Expired (16d > 15d),,,WEAK,OK
2026-06-01,19:09,EMA21_Bounce,21 EMA Bounce,JKCEMENT,BUY,,,,,,1.0,50,,Construction Materials,PANIC,-4,BLOCKED,EXPIRED,2026-06-17,5440.0,Expired (16d > 15d),,,WEAK,OK
2026-06-01,19:09,EMA21_Bounce,21 EMA Bounce,JBMA,BUY,,,,,,1.0,50,,Automobile and Auto Components,PANIC,-4,BLOCKED,EXPIRED,2026-06-17,692.9,Expired (16d > 15d),,,WEAK,OK
2026-06-01,19:09,EMA21_Bounce,21 EMA Bounce,JKTYRE,BUY,,,,,,1.0,50,,Automobile and Auto Components,PANIC,-4,BLOCKED,EXPIRED,2026-06-17,394.15,Expired (16d > 15d),,,WEAK,OK
2026-06-01,19:09,EMA21_Bounce,21 EMA Bounce,JMFINANCIL,BUY,,,,,,1.0,50,,Financial Services,PANIC,-4,BLOCKED,EXPIRED,2026-06-17,126.56,Expired (16d > 15d),,,WEAK,OK
2026-06-01,19:09,EMA21_Bounce,21 EMA Bounce,JSWCEMENT,BUY,,,,,,1.0,50,,Construction Materials,PANIC,-4,BLOCKED,EXPIRED,2026-06-17,130.17,Expired (16d > 15d),,,WEAK,OK
2026-06-01,19:09,EMA21_Bounce,21 EMA Bounce,JSWDULUX,BUY,,,,,,1.0,50,,Consumer Durables,PANIC,-4,BLOCKED,EXPIRED,2026-06-17,3231.6,Expired (16d > 15d),,,WEAK,OK
2026-06-01,19:09,EMA21_Bounce,21 EMA Bounce,JSWENERGY,BUY,,,,,,1.0,45,,Power,PANIC,-4,BLOCKED,EXPIRED,2026-06-17,572.0,Expired (16d > 15d),,,WEAK,OK
2026-06-01,19:09,EMA21_Bounce,21 EMA Bounce,JSWINFRA,BUY,,,,,,1.0,50,,Services,PANIC,-4,BLOCKED,EXPIRED,2026-06-17,299.3,Expired (16d > 15d),,,WEAK,OK
2026-06-01,19:09,EMA21_Bounce,21 EMA Bounce,JAINREC,BUY,,,,,,1.0,45,,Metals & Mining,PANIC,-4,BLOCKED,EXPIRED,2026-06-17,375.95,Expired (16d > 15d),,,WEAK,OK
2026-06-01,19:09,EMA21_Bounce,21 EMA Bounce,JPPOWER,BUY,,,,,,1.0,50,,Power,PANIC,-4,BLOCKED,EXPIRED,2026-06-17,18.11,Expired (16d > 15d),,,WEAK,OK
2026-06-01,19:09,EMA21_Bounce,21 EMA Bounce,J&KBANK,BUY,,,,,,1.0,50,,Financial Services,PANIC,-4,BLOCKED,EXPIRED,2026-06-17,162.95,Expired (16d > 15d),,,WEAK,OK
2026-06-01,19:09,EMA21_Bounce,21 EMA Bounce,JINDALSAW,BUY,,,,,,1.0,50,,Capital Goods,PANIC,-4,BLOCKED,EXPIRED,2026-06-17,258.48,Expired (16d > 15d),,,WEAK,OK
2026-06-01,19:09,EMA21_Bounce,21 EMA Bounce,JSL,BUY,,,,,,1.0,45,,Metals & Mining,PANIC,-4,BLOCKED,EXPIRED,2026-06-17,727.9,Expired (16d > 15d),,,WEAK,OK
2026-06-01,19:09,EMA21_Bounce,21 EMA Bounce,JINDALSTEL,BUY,,,,,,1.0,50,,Metals & Mining,PANIC,-4,BLOCKED,EXPIRED,2026-06-17,1135.8,Expired (16d > 15d),,,WEAK,OK
2026-06-01,19:09,EMA21_Bounce,21 EMA Bounce,JIOFIN,BUY,,,,,,1.0,45,,Financial Services,PANIC,-4,BLOCKED,EXPIRED,2026-06-17,242.98,Expired (16d > 15d),,,WEAK,OK
2026-06-01,19:09,EMA21_Bounce,21 EMA Bounce,JUBLFOOD,BUY,,,,,,1.0,45,,Consumer Services,PANIC,-4,BLOCKED,EXPIRED,2026-06-17,423.15,Expired (16d > 15d),,,WEAK,OK
2026-06-01,19:09,EMA21_Bounce,21 EMA Bounce,JUBLINGREA,BUY,,,,,,1.0,45,,Chemicals,PANIC,-4,BLOCKED,EXPIRED,2026-06-17,649.1,Expired (16d > 15d),,,WEAK,OK
2026-06-01,19:09,EMA21_Bounce,21 EMA Bounce,JUBLPHARMA,BUY,,,,,,1.0,50,,Healthcare,PANIC,-4,BLOCKED,EXPIRED,2026-06-17,994.0,Expired (16d > 15d),,,WEAK,OK
2026-06-01,19:09,EMA21_Bounce,21 EMA Bounce,JWL,BUY,,,,,,1.0,45,,Capital Goods,PANIC,-4,BLOCKED,EXPIRED,2026-06-17,279.35,Expired (16d > 15d),,,WEAK,OK
2026-06-01,19:09,EMA21_Bounce,21 EMA Bounce,JYOTICNC,BUY,,,,,,1.0,50,,Capital Goods,PANIC,-4,BLOCKED,EXPIRED,2026-06-17,706.9,Expired (16d > 15d),,,WEAK,OK
2026-06-01,19:09,EMA21_Bounce,21 EMA Bounce,KPRMILL,BUY,,,,,,1.0,55,,Textiles,PANIC,-4,BLOCKED,EXPIRED,2026-06-17,1043.25,Expired (16d > 15d),,,WEAK,OK
2026-06-01,19:09,EMA21_Bounce,21 EMA Bounce,KEI,BUY,,,,,,1.0,50,,Capital Goods,PANIC,-4,BLOCKED,EXPIRED,2026-06-17,5643.5,Expired (16d > 15d),,,WEAK,OK
2026-06-01,19:09,EMA21_Bounce,21 EMA Bounce,KPITTECH,BUY,,,,,,1.0,45,,Information Technology,PANIC,-4,BLOCKED,EXPIRED,2026-06-17,752.0,Expired (16d > 15d),,,WEAK,OK
2026-06-01,19:09,EMA21_Bounce,21 EMA Bounce,KAJARIACER,BUY,,,,,,1.0,45,,Consumer Durables,PANIC,-4,BLOCKED,EXPIRED,2026-06-17,1155.9,Expired (16d > 15d),,,WEAK,OK
2026-06-01,19:09,EMA21_Bounce,21 EMA Bounce,KPIL,BUY,,,,,,1.0,50,,Construction,PANIC,-4,BLOCKED,EXPIRED,2026-06-17,1369.3,Expired (16d > 15d),,,WEAK,OK
2026-06-01,19:09,EMA21_Bounce,21 EMA Bounce,KALYANKJIL,BUY,,,,,,1.0,45,,Consumer Durables,PANIC,-4,BLOCKED,EXPIRED,2026-06-17,383.05,Expired (16d > 15d),,,WEAK,OK
2026-06-01,19:09,EMA21_Bounce,21 EMA Bounce,KARURVYSYA,BUY,,,,,,1.0,55,,Financial Services,PANIC,-4,BLOCKED,EXPIRED,2026-06-17,296.7,Expired (16d > 15d),,,WEAK,OK
2026-06-01,19:09,EMA21_Bounce,21 EMA Bounce,KAYNES,BUY,,,,,,1.0,45,,Capital Goods,PANIC,-4,BLOCKED,EXPIRED,2026-06-17,3248.3,Expired (16d > 15d),,,WEAK,OK
2026-06-01,19:09,EMA21_Bounce,21 EMA Bounce,KEC,BUY,,,,,,1.0,45,,Construction,PANIC,-4,BLOCKED,EXPIRED,2026-06-17,518.3,Expired (16d > 15d),,,WEAK,OK
2026-06-01,19:09,EMA21_Bounce,21 EMA Bounce,KFINTECH,BUY,,,,,,1.0,45,,Financial Services,PANIC,-4,BLOCKED,EXPIRED,2026-06-17,898.45,Expired (16d > 15d),,,WEAK,OK
2026-06-01,19:09,EMA21_Bounce,21 EMA Bounce,KIRLOSENG,BUY,,,,,,1.0,45,,Capital Goods,PANIC,-4,BLOCKED,EXPIRED,2026-06-17,1988.7,Expired (16d > 15d),,,WEAK,OK
2026-06-01,19:09,EMA21_Bounce,21 EMA Bounce,KOTAKBANK,BUY,,,,,,1.0,50,,Financial Services,PANIC,-4,BLOCKED,EXPIRED,2026-06-17,404.5,Expired (16d > 15d),,,WEAK,OK
2026-06-01,19:09,EMA21_Bounce,21 EMA Bounce,KIMS,BUY,,,,,,1.0,50,,Healthcare,PANIC,-4,BLOCKED,EXPIRED,2026-06-17,796.4,Expired (16d > 15d),,,WEAK,OK
2026-06-01,19:09,EMA21_Bounce,21 EMA Bounce,LTF,BUY,,,,,,1.0,50,,Financial Services,PANIC,-4,BLOCKED,EXPIRED,2026-06-17,294.15,Expired (16d > 15d),,,WEAK,OK
2026-06-01,19:09,EMA21_Bounce,21 EMA Bounce,LTTS,BUY,,,,,,1.0,50,,Information Technology,PANIC,-4,BLOCKED,EXPIRED,2026-06-17,3453.8,Expired (16d > 15d),,,WEAK,OK
2026-06-01,19:09,EMA21_Bounce,21 EMA Bounce,LGEINDIA,BUY,,,,,,1.0,50,,Consumer Durables,PANIC,-4,BLOCKED,EXPIRED,2026-06-17,1578.8,Expired (16d > 15d),,,WEAK,OK
2026-06-01,19:09,EMA21_Bounce,21 EMA Bounce,LICHSGFIN,BUY,,,,,,1.0,45,,Financial Services,PANIC,-4,BLOCKED,EXPIRED,2026-06-17,551.05,Expired (16d > 15d),,,WEAK,OK
2026-06-01,19:09,EMA21_Bounce,21 EMA Bounce,LTFOODS,BUY,,,,,,1.0,50,,Fast Moving Consumer Goods,PANIC,-4,BLOCKED,EXPIRED,2026-06-17,382.0,Expired (16d > 15d),,,WEAK,OK
2026-06-01,19:09,EMA21_Bounce,21 EMA Bounce,LTM,BUY,,,,,,1.0,55,,Information Technology,PANIC,-4,BLOCKED,EXPIRED,2026-06-17,3995.8,Expired (16d > 15d),,,WEAK,OK
2026-06-01,19:09,EMA21_Bounce,21 EMA Bounce,LT,BUY,,,,,,1.0,45,,Construction,PANIC,-4,BLOCKED,EXPIRED,2026-06-17,4207.7,Expired (16d > 15d),,,WEAK,OK
2026-06-01,19:09,EMA21_Bounce,21 EMA Bounce,LATENTVIEW,BUY,,,,,,1.0,45,,Information Technology,PANIC,-4,BLOCKED,EXPIRED,2026-06-17,303.75,Expired (16d > 15d),,,WEAK,OK
2026-06-01,19:09,EMA21_Bounce,21 EMA Bounce,LAURUSLABS,BUY,,,,,,1.0,45,,Healthcare,PANIC,-4,BLOCKED,EXPIRED,2026-06-17,1369.8,Expired (16d > 15d),,,WEAK,OK
2026-06-01,19:09,EMA21_Bounce,21 EMA Bounce,THELEELA,BUY,,,,,,1.0,50,,Consumer Services,PANIC,-4,BLOCKED,EXPIRED,2026-06-17,455.8,Expired (16d > 15d),,,WEAK,OK
2026-06-01,19:09,EMA21_Bounce,21 EMA Bounce,LEMONTREE,BUY,,,,,,1.0,50,,Consumer Services,PANIC,-4,BLOCKED,EXPIRED,2026-06-17,108.46,Expired (16d > 15d),,,WEAK,OK
2026-06-01,19:09,EMA21_Bounce,21 EMA Bounce,LENSKART,BUY,,,,,,1.0,45,,Consumer Services,PANIC,-4,BLOCKED,EXPIRED,2026-06-17,503.65,Expired (16d > 15d),,,WEAK,OK
2026-06-01,19:09,EMA21_Bounce,21 EMA Bounce,LICI,BUY,,,,,,1.0,45,,Financial Services,PANIC,-4,BLOCKED,EXPIRED,2026-06-17,418.15,Expired (16d > 15d),,,WEAK,OK
2026-06-01,19:09,EMA21_Bounce,21 EMA Bounce,LINDEINDIA,BUY,,,,,,1.0,50,,Chemicals,PANIC,-4,BLOCKED,EXPIRED,2026-06-17,7029.0,Expired (16d > 15d),,,WEAK,OK
2026-06-01,19:09,EMA21_Bounce,21 EMA Bounce,LLOYDSME,BUY,,,,,,1.0,50,,Metals & Mining,PANIC,-4,BLOCKED,EXPIRED,2026-06-17,1754.3,Expired (16d > 15d),,,WEAK,OK
2026-06-01,19:09,EMA21_Bounce,21 EMA Bounce,LODHA,BUY,,,,,,1.0,50,,Realty,PANIC,-4,BLOCKED,EXPIRED,2026-06-17,914.8,Expired (16d > 15d),,,WEAK,OK
2026-06-01,19:09,EMA21_Bounce,21 EMA Bounce,LUPIN,BUY,,,,,,1.0,50,,Healthcare,PANIC,-4,BLOCKED,EXPIRED,2026-06-17,2272.0,Expired (16d > 15d),,,WEAK,OK
2026-06-01,19:09,EMA21_Bounce,21 EMA Bounce,MMTC,BUY,,,,,,1.0,50,,Services,PANIC,-4,BLOCKED,EXPIRED,2026-06-17,76.03,Expired (16d > 15d),,,WEAK,OK
2026-06-01,19:09,EMA21_Bounce,21 EMA Bounce,MRF,BUY,,,,,,1.0,45,,Automobile and Auto Components,PANIC,-4,BLOCKED,EXPIRED,2026-06-17,129245.0,Expired (16d > 15d),,,WEAK,OK
2026-06-01,19:09,EMA21_Bounce,21 EMA Bounce,MGL,BUY,,,,,,1.0,55,,Oil Gas & Consumable Fuels,PANIC,-4,BLOCKED,EXPIRED,2026-06-17,1208.9,Expired (16d > 15d),,,WEAK,OK
2026-06-01,19:09,EMA21_Bounce,21 EMA Bounce,M&MFIN,BUY,,,,,,1.0,45,,Financial Services,PANIC,-4,BLOCKED,EXPIRED,2026-06-17,297.5,Expired (16d > 15d),,,WEAK,OK
2026-06-01,19:09,EMA21_Bounce,21 EMA Bounce,M&M,BUY,,,,,,1.0,50,,Automobile and Auto Components,PANIC,-4,BLOCKED,EXPIRED,2026-06-17,3132.9,Expired (16d > 15d),,,WEAK,OK
2026-06-01,19:09,EMA21_Bounce,21 EMA Bounce,MANAPPURAM,BUY,,,,,,1.0,45,,Financial Services,PANIC,-4,BLOCKED,EXPIRED,2026-06-17,319.05,Expired (16d > 15d),,,WEAK,OK
2026-06-01,19:09,EMA21_Bounce,21 EMA Bounce,MRPL,BUY,,,,,,1.0,45,,Oil Gas & Consumable Fuels,PANIC,-4,BLOCKED,EXPIRED,2026-06-17,161.07,Expired (16d > 15d),,,WEAK,OK
2026-06-01,19:09,EMA21_Bounce,21 EMA Bounce,MANKIND,BUY,,,,,,1.0,50,,Healthcare,PANIC,-4,BLOCKED,EXPIRED,2026-06-17,2364.1,Expired (16d > 15d),,,WEAK,OK
2026-06-01,19:09,EMA21_Bounce,21 EMA Bounce,MARICO,BUY,,,,,,1.0,45,,Fast Moving Consumer Goods,PANIC,-4,BLOCKED,EXPIRED,2026-06-17,805.0,Expired (16d > 15d),,,WEAK,OK
2026-06-01,19:09,EMA21_Bounce,21 EMA Bounce,MARUTI,BUY,,,,,,1.0,45,,Automobile and Auto Components,PANIC,-4,BLOCKED,EXPIRED,2026-06-17,13630.0,Expired (16d > 15d),,,WEAK,OK
2026-06-01,19:09,EMA21_Bounce,21 EMA Bounce,MFSL,BUY,,,,,,1.0,50,,Financial Services,PANIC,-4,BLOCKED,EXPIRED,2026-06-17,1631.8,Expired (16d > 15d),,,WEAK,OK
2026-06-01,19:09,EMA21_Bounce,21 EMA Bounce,MAXHEALTH,BUY,,,,,,1.0,45,,Healthcare,PANIC,-4,BLOCKED,EXPIRED,2026-06-17,1026.15,Expired (16d > 15d),,,WEAK,OK
2026-06-01,19:09,EMA21_Bounce,21 EMA Bounce,MAZDOCK,BUY,,,,,,1.0,50,,Capital Goods,PANIC,-4,BLOCKED,EXPIRED,2026-06-17,2552.4,Expired (16d > 15d),,,WEAK,OK
2026-06-01,19:09,EMA21_Bounce,21 EMA Bounce,MEESHO,BUY,,,,,,1.0,50,,Consumer Services,PANIC,-4,BLOCKED,EXPIRED,2026-06-17,164.56,Expired (16d > 15d),,,WEAK,OK
2026-06-01,19:09,EMA21_Bounce,21 EMA Bounce,MINDACORP,BUY,,,,,,1.0,45,,Automobile and Auto Components,PANIC,-4,BLOCKED,EXPIRED,2026-06-17,644.0,Expired (16d > 15d),,,WEAK,OK
2026-06-01,19:09,EMA21_Bounce,21 EMA Bounce,MSUMI,BUY,,,,,,1.0,50,,Automobile and Auto Components,PANIC,-4,BLOCKED,EXPIRED,2026-06-17,37.17,Expired (16d > 15d),,,WEAK,OK
2026-06-01,19:09,EMA21_Bounce,21 EMA Bounce,MOTILALOFS,BUY,,,,,,1.0,45,,Financial Services,PANIC,-4,BLOCKED,EXPIRED,2026-06-17,942.85,Expired (16d > 15d),,,WEAK,OK
2026-06-01,19:09,EMA21_Bounce,21 EMA Bounce,MPHASIS,BUY,,,,,,1.0,55,,Information Technology,PANIC,-4,BLOCKED,EXPIRED,2026-06-17,2340.2,Expired (16d > 15d),,,WEAK,OK
2026-06-01,19:09,EMA21_Bounce,21 EMA Bounce,MCX,BUY,,,,,,1.0,45,,Financial Services,PANIC,-4,BLOCKED,EXPIRED,2026-06-17,2857.3,Expired (16d > 15d),,,WEAK,OK
2026-06-01,19:09,EMA21_Bounce,21 EMA Bounce,MUTHOOTFIN,BUY,,,,,,1.0,50,,Financial Services,PANIC,-4,BLOCKED,EXPIRED,2026-06-17,3190.6,Expired (16d > 15d),,,WEAK,OK
2026-06-01,19:09,EMA21_Bounce,21 EMA Bounce,NATCOPHARM,BUY,,,,,,1.0,50,,Healthcare,PANIC,-4,BLOCKED,EXPIRED,2026-06-17,867.1,Expired (16d > 15d),,,WEAK,OK
2026-06-01,19:09,EMA21_Bounce,21 EMA Bounce,NBCC,BUY,,,,,,1.0,50,,Construction,PANIC,-4,BLOCKED,EXPIRED,2026-06-17,112.83,Expired (16d > 15d),,,WEAK,OK
2026-06-01,19:09,EMA21_Bounce,21 EMA Bounce,NCC,BUY,,,,,,1.0,45,,Construction,PANIC,-4,BLOCKED,EXPIRED,2026-06-17,154.36,Expired (16d > 15d),,,WEAK,OK
2026-06-01,19:09,EMA21_Bounce,21 EMA Bounce,NHPC,BUY,,,,,,1.0,50,,Power,PANIC,-4,BLOCKED,EXPIRED,2026-06-17,74.41,Expired (16d > 15d),,,WEAK,OK
2026-06-01,19:09,EMA21_Bounce,21 EMA Bounce,NLCINDIA,BUY,,,,,,1.0,45,,Power,PANIC,-4,BLOCKED,EXPIRED,2026-06-17,311.0,Expired (16d > 15d),,,WEAK,OK
2026-06-01,19:09,EMA21_Bounce,21 EMA Bounce,NSLNISP,BUY,,,,,,1.0,50,,Metals & Mining,PANIC,-4,BLOCKED,EXPIRED,2026-06-17,47.59,Expired (16d > 15d),,,WEAK,OK
2026-06-01,19:09,EMA21_Bounce,21 EMA Bounce,NTPCGREEN,BUY,,,,,,1.0,45,,Power,PANIC,-4,BLOCKED,EXPIRED,2026-06-17,96.99,Expired (16d > 15d),,,WEAK,OK
2026-06-01,19:09,EMA21_Bounce,21 EMA Bounce,NTPC,BUY,,,,,,1.0,50,,Power,PANIC,-4,BLOCKED,EXPIRED,2026-06-17,355.55,Expired (16d > 15d),,,WEAK,OK
2026-06-01,19:09,EMA21_Bounce,21 EMA Bounce,NH,BUY,,,,,,1.0,50,,Healthcare,PANIC,-4,BLOCKED,EXPIRED,2026-06-17,1843.1,Expired (16d > 15d),,,WEAK,OK
2026-06-01,19:09,EMA21_Bounce,21 EMA Bounce,NATIONALUM,BUY,,,,,,1.0,45,,Metals & Mining,PANIC,-4,BLOCKED,EXPIRED,2026-06-17,370.0,Expired (16d > 15d),,,WEAK,OK
2026-06-01,19:09,EMA21_Bounce,21 EMA Bounce,NAVA,BUY,,,,,,1.0,45,,Power,PANIC,-4,BLOCKED,EXPIRED,2026-06-17,610.55,Expired (16d > 15d),,,WEAK,OK
2026-06-01,19:09,EMA21_Bounce,21 EMA Bounce,NAVINFLUOR,BUY,,,,,,1.0,50,,Chemicals,PANIC,-4,BLOCKED,EXPIRED,2026-06-17,7344.0,Expired (16d > 15d),,,WEAK,OK
2026-06-01,19:09,EMA21_Bounce,21 EMA Bounce,NESTLEIND,BUY,,,,,,1.0,45,,Fast Moving Consumer Goods,PANIC,-4,BLOCKED,EXPIRED,2026-06-17,1407.3,Expired (16d > 15d),,,WEAK,OK
2026-06-01,19:09,EMA21_Bounce,21 EMA Bounce,NETWEB,BUY,,,,,,1.0,50,,Information Technology,PANIC,-4,BLOCKED,EXPIRED,2026-06-17,4911.5,Expired (16d > 15d),,,WEAK,OK
2026-06-01,19:09,EMA21_Bounce,21 EMA Bounce,NEULANDLAB,BUY,,,,,,1.0,50,,Healthcare,PANIC,-4,BLOCKED,EXPIRED,2026-06-17,17016.0,Expired (16d > 15d),,,WEAK,OK
2026-06-01,19:09,EMA21_Bounce,21 EMA Bounce,NEWGEN,BUY,,,,,,1.0,45,,Information Technology,PANIC,-4,BLOCKED,EXPIRED,2026-06-17,488.05,Expired (16d > 15d),,,WEAK,OK
2026-06-01,19:09,EMA21_Bounce,21 EMA Bounce,NAM-INDIA,BUY,,,,,,1.0,45,,Financial Services,PANIC,-4,BLOCKED,EXPIRED,2026-06-17,1153.7,Expired (16d > 15d),,,WEAK,OK
2026-06-01,19:09,EMA21_Bounce,21 EMA Bounce,NIVABUPA,BUY,,,,,,1.0,50,,Financial Services,PANIC,-4,BLOCKED,EXPIRED,2026-06-17,84.7,Expired (16d > 15d),,,WEAK,OK
2026-06-01,19:09,EMA21_Bounce,21 EMA Bounce,NUVAMA,BUY,,,,,,1.0,50,,Financial Services,PANIC,-4,BLOCKED,EXPIRED,2026-06-17,1726.7,Expired (16d > 15d),,,WEAK,OK
2026-06-01,19:09,EMA21_Bounce,21 EMA Bounce,NUVOCO,BUY,,,,,,1.0,45,,Construction Materials,PANIC,-4,BLOCKED,EXPIRED,2026-06-17,320.25,Expired (16d > 15d),,,WEAK,OK
2026-06-01,19:09,EMA21_Bounce,21 EMA Bounce,OBEROIRLTY,BUY,,,,,,1.0,45,,Realty,PANIC,-4,BLOCKED,EXPIRED,2026-06-17,1694.8,Expired (16d > 15d),,,WEAK,OK
2026-06-01,19:09,EMA21_Bounce,21 EMA Bounce,ONGC,BUY,,,,,,1.0,45,,Oil Gas & Consumable Fuels,PANIC,-4,BLOCKED,EXPIRED,2026-06-17,245.0,Expired (16d > 15d),,,WEAK,OK
2026-06-01,19:09,EMA21_Bounce,21 EMA Bounce,OIL,BUY,,,,,,1.0,45,,Oil Gas & Consumable Fuels,PANIC,-4,BLOCKED,EXPIRED,2026-06-17,417.05,Expired (16d > 15d),,,WEAK,OK
2026-06-01,19:09,EMA21_Bounce,21 EMA Bounce,OLAELEC,BUY,,,,,,1.0,50,,Automobile and Auto Components,PANIC,-4,BLOCKED,EXPIRED,2026-06-17,42.67,Expired (16d > 15d),,,WEAK,OK
2026-06-01,19:09,EMA21_Bounce,21 EMA Bounce,OLECTRA,BUY,,,,,,1.0,50,,Automobile and Auto Components,PANIC,-4,BLOCKED,EXPIRED,2026-06-17,1354.9,Expired (16d > 15d),,,WEAK,OK
2026-06-01,19:09,EMA21_Bounce,21 EMA Bounce,PAYTM,BUY,,,,,,1.0,45,,Financial Services,PANIC,-4,BLOCKED,EXPIRED,2026-06-17,1120.1,Expired (16d > 15d),,,WEAK,OK
2026-06-01,19:09,EMA21_Bounce,21 EMA Bounce,ONESOURCE,BUY,,,,,,1.0,55,,Healthcare,PANIC,-4,BLOCKED,EXPIRED,2026-06-17,1617.1,Expired (16d > 15d),,,WEAK,OK
2026-06-01,19:09,EMA21_Bounce,21 EMA Bounce,OFSS,BUY,,,,,,1.0,50,,Information Technology,PANIC,-4,BLOCKED,EXPIRED,2026-06-17,9444.5,Expired (16d > 15d),,,WEAK,OK
2026-06-01,19:09,EMA21_Bounce,21 EMA Bounce,POLICYBZR,BUY,,,,,,1.0,45,,Financial Services,PANIC,-4,BLOCKED,EXPIRED,2026-06-17,1624.6,Expired (16d > 15d),,,WEAK,OK
2026-06-01,19:09,EMA21_Bounce,21 EMA Bounce,PCBL,BUY,,,,,,1.0,50,,Chemicals,PANIC,-4,BLOCKED,EXPIRED,2026-06-17,309.7,Expired (16d > 15d),,,WEAK,OK
2026-06-01,19:09,EMA21_Bounce,21 EMA Bounce,PGEL,BUY,,,,,,1.0,45,,Consumer Durables,PANIC,-4,BLOCKED,EXPIRED,2026-06-17,545.65,Expired (16d > 15d),,,WEAK,OK
2026-06-01,19:09,EMA21_Bounce,21 EMA Bounce,PIIND,BUY,,,,,,1.0,45,,Chemicals,PANIC,-4,BLOCKED,EXPIRED,2026-06-17,2835.2,Expired (16d > 15d),,,WEAK,OK
2026-06-01,19:09,EMA21_Bounce,21 EMA Bounce,PNBHOUSING,BUY,,,,,,1.0,45,,Financial Services,PANIC,-4,BLOCKED,EXPIRED,2026-06-17,1003.5,Expired (16d > 15d),,,WEAK,OK
2026-06-01,19:09,EMA21_Bounce,21 EMA Bounce,PTCIL,BUY,,,,,,1.0,50,,Capital Goods,PANIC,-4,BLOCKED,EXPIRED,2026-06-17,17771.0,Expired (16d > 15d),,,WEAK,OK
2026-06-01,19:09,EMA21_Bounce,21 EMA Bounce,PVRINOX,BUY,,,,,,1.0,45,,Media Entertainment & Publication,PANIC,-4,BLOCKED,EXPIRED,2026-06-17,960.7,Expired (16d > 15d),,,WEAK,OK
2026-06-01,19:09,EMA21_Bounce,21 EMA Bounce,PAGEIND,BUY,,,,,,1.0,45,,Textiles,PANIC,-4,BLOCKED,EXPIRED,2026-06-17,39300.0,Expired (16d > 15d),,,WEAK,OK
2026-06-01,19:09,EMA21_Bounce,21 EMA Bounce,PARADEEP,BUY,,,,,,1.0,50,,Chemicals,PANIC,-4,BLOCKED,EXPIRED,2026-06-17,134.09,Expired (16d > 15d),,,WEAK,OK
2026-06-01,19:09,EMA21_Bounce,21 EMA Bounce,PATANJALI,BUY,,,,,,1.0,55,,Fast Moving Consumer Goods,PANIC,-4,BLOCKED,EXPIRED,2026-06-17,419.0,Expired (16d > 15d),,,WEAK,OK
2026-06-01,19:09,EMA21_Bounce,21 EMA Bounce,PERSISTENT,BUY,,,,,,1.0,55,,Information Technology,PANIC,-4,BLOCKED,EXPIRED,2026-06-17,5045.0,Expired (16d > 15d),,,WEAK,OK
2026-06-01,19:09,EMA21_Bounce,21 EMA Bounce,PETRONET,BUY,,,,,,1.0,55,,Oil Gas & Consumable Fuels,PANIC,-4,BLOCKED,EXPIRED,2026-06-17,292.0,Expired (16d > 15d),,,WEAK,OK
2026-06-01,19:09,EMA21_Bounce,21 EMA Bounce,PFIZER,BUY,,,,,,1.0,45,,Healthcare,PANIC,-4,BLOCKED,EXPIRED,2026-06-17,4493.5,Expired (16d > 15d),,,WEAK,OK
2026-06-01,19:09,EMA21_Bounce,21 EMA Bounce,PHOENIXLTD,BUY,,,,,,1.0,50,,Realty,PANIC,-4,BLOCKED,EXPIRED,2026-06-17,1869.1,Expired (16d > 15d),,,WEAK,OK
2026-06-01,19:09,EMA21_Bounce,21 EMA Bounce,PWL,BUY,,,,,,1.0,50,,Consumer Services,PANIC,-4,BLOCKED,EXPIRED,2026-06-17,113.38,Expired (16d > 15d),,,WEAK,OK
2026-06-01,19:09,EMA21_Bounce,21 EMA Bounce,PIDILITIND,BUY,,,,,,1.0,45,,Chemicals,PANIC,-4,BLOCKED,EXPIRED,2026-06-17,1578.2,Expired (16d > 15d),,,WEAK,OK
2026-06-01,19:09,EMA21_Bounce,21 EMA Bounce,PINELABS,BUY,,,,,,1.0,50,,Financial Services,PANIC,-4,BLOCKED,EXPIRED,2026-06-17,152.12,Expired (16d > 15d),,,WEAK,OK
2026-06-01,19:09,EMA21_Bounce,21 EMA Bounce,PIRAMALFIN,BUY,,,,,,1.0,45,,Financial Services,PANIC,-4,BLOCKED,EXPIRED,2026-06-17,2013.2,Expired (16d > 15d),,,WEAK,OK
2026-06-01,19:09,EMA21_Bounce,21 EMA Bounce,PPLPHARMA,BUY,,,,,,1.0,45,,Healthcare,PANIC,-4,BLOCKED,EXPIRED,2026-06-17,163.35,Expired (16d > 15d),,,WEAK,OK
2026-06-01,19:09,EMA21_Bounce,21 EMA Bounce,POLYMED,BUY,,,,,,1.0,45,,Healthcare,PANIC,-4,BLOCKED,EXPIRED,2026-06-17,1537.6,Expired (16d > 15d),,,WEAK,OK
2026-06-01,19:09,EMA21_Bounce,21 EMA Bounce,POLYCAB,BUY,,,,,,1.0,45,,Capital Goods,PANIC,-4,BLOCKED,EXPIRED,2026-06-17,9926.5,Expired (16d > 15d),,,WEAK,OK
2026-06-01,19:09,EMA21_Bounce,21 EMA Bounce,POONAWALLA,BUY,,,,,,1.0,45,,Financial Services,PANIC,-4,BLOCKED,EXPIRED,2026-06-17,405.25,Expired (16d > 15d),,,WEAK,OK
2026-06-01,19:09,EMA21_Bounce,21 EMA Bounce,PFC,BUY,,,,,,1.0,45,,Financial Services,PANIC,-4,BLOCKED,EXPIRED,2026-06-17,431.75,Expired (16d > 15d),,,WEAK,OK
2026-06-01,19:09,EMA21_Bounce,21 EMA Bounce,POWERGRID,BUY,,,,,,1.0,50,,Power,PANIC,-4,BLOCKED,EXPIRED,2026-06-17,286.35,Expired (16d > 15d),,,WEAK,OK
2026-06-01,19:09,EMA21_Bounce,21 EMA Bounce,PREMIERENE,BUY,,,,,,1.0,45,,Capital Goods,PANIC,-4,BLOCKED,EXPIRED,2026-06-17,1055.8,Expired (16d > 15d),,,WEAK,OK
2026-06-01,19:09,EMA21_Bounce,21 EMA Bounce,PRESTIGE,BUY,,,,,,1.0,50,,Realty,PANIC,-4,BLOCKED,EXPIRED,2026-06-17,1521.5,Expired (16d > 15d),,,WEAK,OK
2026-06-01,19:09,EMA21_Bounce,21 EMA Bounce,PNB,BUY,,,,,,1.0,45,,Financial Services,PANIC,-4,BLOCKED,EXPIRED,2026-06-17,108.87,Expired (16d > 15d),,,WEAK,OK
2026-06-01,19:09,EMA21_Bounce,21 EMA Bounce,RRKABEL,BUY,,,,,,1.0,45,,Capital Goods,PANIC,-4,BLOCKED,EXPIRED,2026-06-17,2209.8,Expired (16d > 15d),,,WEAK,OK
2026-06-01,19:09,EMA21_Bounce,21 EMA Bounce,RBLBANK,BUY,,,,,,1.0,45,,Financial Services,PANIC,-4,BLOCKED,EXPIRED,2026-06-17,369.2,Expired (16d > 15d),,,WEAK,OK
2026-06-01,19:09,EMA21_Bounce,21 EMA Bounce,RECLTD,BUY,,,,,,1.0,45,,Financial Services,PANIC,-4,BLOCKED,EXPIRED,2026-06-17,358.75,Expired (16d > 15d),,,WEAK,OK
2026-06-01,19:09,EMA21_Bounce,21 EMA Bounce,RHIM,BUY,,,,,,1.0,55,,Capital Goods,PANIC,-4,BLOCKED,EXPIRED,2026-06-17,376.85,Expired (16d > 15d),,,WEAK,OK
2026-06-01,19:09,EMA21_Bounce,21 EMA Bounce,RITES,BUY,,,,,,1.0,45,,Construction,PANIC,-4,BLOCKED,EXPIRED,2026-06-17,212.1,Expired (16d > 15d),,,WEAK,OK
2026-06-01,19:09,EMA21_Bounce,21 EMA Bounce,RADICO,BUY,,,,,,1.0,50,,Fast Moving Consumer Goods,PANIC,-4,BLOCKED,EXPIRED,2026-06-17,3572.2,Expired (16d > 15d),,,WEAK,OK
2026-06-01,19:09,EMA21_Bounce,21 EMA Bounce,RVNL,BUY,,,,,,1.0,45,,Construction,PANIC,-4,BLOCKED,EXPIRED,2026-06-17,245.14,Expired (16d > 15d),,,WEAK,OK
2026-06-01,19:09,EMA21_Bounce,21 EMA Bounce,RAILTEL,BUY,,,,,,1.0,50,,Telecommunication,PANIC,-4,BLOCKED,EXPIRED,2026-06-17,323.95,Expired (16d > 15d),,,WEAK,OK
2026-06-01,19:09,EMA21_Bounce,21 EMA Bounce,RAINBOW,BUY,,,,,,1.0,45,,Healthcare,PANIC,-4,BLOCKED,EXPIRED,2026-06-17,1444.5,Expired (16d > 15d),,,WEAK,OK
2026-06-01,19:09,EMA21_Bounce,21 EMA Bounce,RKFORGE,BUY,,,,,,1.0,45,,Automobile and Auto Components,PANIC,-4,BLOCKED,EXPIRED,2026-06-17,584.0,Expired (16d > 15d),,,WEAK,OK
2026-06-01,19:09,EMA21_Bounce,21 EMA Bounce,REDINGTON,BUY,,,,,,1.0,55,,Services,PANIC,-4,BLOCKED,EXPIRED,2026-06-17,248.92,Expired (16d > 15d),,,WEAK,OK
2026-06-01,19:09,EMA21_Bounce,21 EMA Bounce,RELIANCE,BUY,,,,,,1.0,45,,Oil Gas & Consumable Fuels,PANIC,-4,BLOCKED,EXPIRED,2026-06-17,1332.7,Expired (16d > 15d),,,WEAK,OK
2026-06-01,19:09,EMA21_Bounce,21 EMA Bounce,RPOWER,BUY,,,,,,1.0,50,,Power,PANIC,-4,BLOCKED,EXPIRED,2026-06-17,26.85,Expired (16d > 15d),,,WEAK,OK
2026-06-01,19:09,EMA21_Bounce,21 EMA Bounce,SBFC,BUY,,,,,,1.0,50,,Financial Services,PANIC,-4,BLOCKED,EXPIRED,2026-06-17,92.16,Expired (16d > 15d),,,WEAK,OK
2026-06-01,19:09,EMA21_Bounce,21 EMA Bounce,SBICARD,BUY,,,,,,1.0,50,,Financial Services,PANIC,-4,BLOCKED,EXPIRED,2026-06-17,625.7,Expired (16d > 15d),,,WEAK,OK
2026-06-01,19:09,EMA21_Bounce,21 EMA Bounce,SBILIFE,BUY,,,,,,1.0,50,,Financial Services,PANIC,-4,BLOCKED,EXPIRED,2026-06-17,1793.6,Expired (16d > 15d),,,WEAK,OK
2026-06-01,19:09,EMA21_Bounce,21 EMA Bounce,SJVN,BUY,,,,,,1.0,50,,Power,PANIC,-4,BLOCKED,EXPIRED,2026-06-17,73.87,Expired (16d > 15d),,,WEAK,OK
2026-06-01,19:09,EMA21_Bounce,21 EMA Bounce,SRF,BUY,,,,,,1.0,50,,Chemicals,PANIC,-4,BLOCKED,EXPIRED,2026-06-17,2705.5,Expired (16d > 15d),,,WEAK,OK
2026-06-01,19:09,EMA21_Bounce,21 EMA Bounce,SAGILITY,BUY,,,,,,1.0,45,,Information Technology,PANIC,-4,BLOCKED,EXPIRED,2026-06-17,39.57,Expired (16d > 15d),,,WEAK,OK
2026-06-01,19:09,EMA21_Bounce,21 EMA Bounce,SAILIFE,BUY,,,,,,1.0,45,,Healthcare,PANIC,-4,BLOCKED,EXPIRED,2026-06-17,1213.5,Expired (16d > 15d),,,WEAK,OK
2026-06-01,19:09,EMA21_Bounce,21 EMA Bounce,SAMMAANCAP,BUY,,,,,,1.0,45,,Financial Services,PANIC,-4,BLOCKED,EXPIRED,2026-06-17,176.1,Expired (16d > 15d),,,WEAK,OK
2026-06-01,19:09,EMA21_Bounce,21 EMA Bounce,MOTHERSON,BUY,,,,,,1.0,50,,Automobile and Auto Components,PANIC,-4,BLOCKED,EXPIRED,2026-06-17,145.1,Expired (16d > 15d),,,WEAK,OK
2026-06-01,19:09,EMA21_Bounce,21 EMA Bounce,SAPPHIRE,BUY,,,,,,1.0,50,,Consumer Services,PANIC,-4,BLOCKED,EXPIRED,2026-06-17,182.24,Expired (16d > 15d),,,WEAK,OK
2026-06-01,19:09,EMA21_Bounce,21 EMA Bounce,SARDAEN,BUY,,,,,,1.0,45,,Metals & Mining,PANIC,-4,BLOCKED,EXPIRED,2026-06-17,523.0,Expired (16d > 15d),,,WEAK,OK
2026-06-01,19:09,EMA21_Bounce,21 EMA Bounce,SAREGAMA,BUY,,,,,,1.0,50,,Media Entertainment & Publication,PANIC,-4,BLOCKED,EXPIRED,2026-06-17,453.4,Expired (16d > 15d),,,WEAK,OK
2026-06-01,19:09,EMA21_Bounce,21 EMA Bounce,SCHAEFFLER,BUY,,,,,,1.0,45,,Automobile and Auto Components,PANIC,-4,BLOCKED,EXPIRED,2026-06-17,4197.1,Expired (16d > 15d),,,WEAK,OK
2026-06-01,19:09,EMA21_Bounce,21 EMA Bounce,SCHNEIDER,BUY,,,,,,1.0,50,,Capital Goods,PANIC,-4,BLOCKED,EXPIRED,2026-06-17,1266.6,Expired (16d > 15d),,,WEAK,OK
2026-06-01,19:09,EMA21_Bounce,21 EMA Bounce,SCI,BUY,,,,,,1.0,45,,Services,PANIC,-4,BLOCKED,EXPIRED,2026-06-17,310.65,Expired (16d > 15d),,,WEAK,OK
2026-06-01,19:09,EMA21_Bounce,21 EMA Bounce,SHREECEM,BUY,,,,,,1.0,55,,Construction Materials,PANIC,-4,BLOCKED,EXPIRED,2026-06-17,24970.0,Expired (16d > 15d),,,WEAK,OK
2026-06-01,19:09,EMA21_Bounce,21 EMA Bounce,SHRIRAMFIN,BUY,,,,,,1.0,50,,Financial Services,PANIC,-4,BLOCKED,EXPIRED,2026-06-17,1007.5,Expired (16d > 15d),,,WEAK,OK
2026-06-01,19:09,EMA21_Bounce,21 EMA Bounce,SHYAMMETL,BUY,,,,,,1.0,45,,Capital Goods,PANIC,-4,BLOCKED,EXPIRED,2026-06-17,955.55,Expired (16d > 15d),,,WEAK,OK
2026-06-01,19:09,EMA21_Bounce,21 EMA Bounce,ENRIN,BUY,,,,,,1.0,45,,Capital Goods,PANIC,-4,BLOCKED,EXPIRED,2026-06-17,3785.2,Expired (16d > 15d),,,WEAK,OK
2026-06-01,19:09,EMA21_Bounce,21 EMA Bounce,SIEMENS,BUY,,,,,,1.0,45,,Capital Goods,PANIC,-4,BLOCKED,EXPIRED,2026-06-17,3725.4,Expired (16d > 15d),,,WEAK,OK
2026-06-01,19:09,EMA21_Bounce,21 EMA Bounce,SIGNATURE,BUY,,,,,,1.0,50,,Realty,PANIC,-4,BLOCKED,EXPIRED,2026-06-17,792.35,Expired (16d > 15d),,,WEAK,OK
2026-06-01,19:09,EMA21_Bounce,21 EMA Bounce,SOBHA,BUY,,,,,,1.0,50,,Realty,PANIC,-4,BLOCKED,EXPIRED,2026-06-17,1415.2,Expired (16d > 15d),,,WEAK,OK
2026-06-01,19:09,EMA21_Bounce,21 EMA Bounce,SOLARINDS,BUY,,,,,,1.0,45,,Chemicals,PANIC,-4,BLOCKED,EXPIRED,2026-06-17,17457.0,Expired (16d > 15d),,,WEAK,OK
2026-06-01,19:09,EMA21_Bounce,21 EMA Bounce,SONACOMS,BUY,,,,,,1.0,45,,Automobile and Auto Components,PANIC,-4,BLOCKED,EXPIRED,2026-06-17,601.25,Expired (16d > 15d),,,WEAK,OK
2026-06-01,19:09,EMA21_Bounce,21 EMA Bounce,SONATSOFTW,BUY,,,,,,1.0,45,,Information Technology,PANIC,-4,BLOCKED,EXPIRED,2026-06-17,305.6,Expired (16d > 15d),,,WEAK,OK
2026-06-01,19:09,EMA21_Bounce,21 EMA Bounce,SBIN,BUY,,,,,,1.0,50,,Financial Services,PANIC,-4,BLOCKED,EXPIRED,2026-06-17,1026.5,Expired (16d > 15d),,,WEAK,OK
2026-06-01,19:09,EMA21_Bounce,21 EMA Bounce,SAIL,BUY,,,,,,1.0,45,,Metals & Mining,PANIC,-4,BLOCKED,EXPIRED,2026-06-17,179.58,Expired (16d > 15d),,,WEAK,OK
2026-06-01,19:09,EMA21_Bounce,21 EMA Bounce,SUMICHEM,BUY,,,,,,1.0,45,,Chemicals,PANIC,-4,BLOCKED,EXPIRED,2026-06-17,464.3,Expired (16d > 15d),,,WEAK,OK
2026-06-01,19:09,EMA21_Bounce,21 EMA Bounce,SUNPHARMA,BUY,,,,,,1.0,45,,Healthcare,PANIC,-4,BLOCKED,EXPIRED,2026-06-17,1820.4,Expired (16d > 15d),,,WEAK,OK
2026-06-01,19:09,EMA21_Bounce,21 EMA Bounce,SUNTV,BUY,,,,,,1.0,45,,Media Entertainment & Publication,PANIC,-4,BLOCKED,EXPIRED,2026-06-17,519.35,Expired (16d > 15d),,,WEAK,OK
2026-06-01,19:09,EMA21_Bounce,21 EMA Bounce,SUNDARMFIN,BUY,,,,,,1.0,45,,Financial Services,PANIC,-4,BLOCKED,EXPIRED,2026-06-17,4475.5,Expired (16d > 15d),,,WEAK,OK
2026-06-01,19:09,EMA21_Bounce,21 EMA Bounce,SUPREMEIND,BUY,,,,,,1.0,45,,Capital Goods,PANIC,-4,BLOCKED,EXPIRED,2026-06-17,3517.5,Expired (16d > 15d),,,WEAK,OK
2026-06-01,19:09,EMA21_Bounce,21 EMA Bounce,SPLPETRO,BUY,,,,,,1.0,45,,Chemicals,PANIC,-4,BLOCKED,EXPIRED,2026-06-17,713.15,Expired (16d > 15d),,,WEAK,OK
2026-06-01,19:09,EMA21_Bounce,21 EMA Bounce,SUZLON,BUY,,,,,,1.0,50,,Capital Goods,PANIC,-4,BLOCKED,EXPIRED,2026-06-17,59.27,Expired (16d > 15d),,,WEAK,OK
2026-06-01,19:09,EMA21_Bounce,21 EMA Bounce,SWANCORP,BUY,,,,,,1.0,50,,Chemicals,PANIC,-4,BLOCKED,EXPIRED,2026-06-17,316.05,Expired (16d > 15d),,,WEAK,OK
2026-06-01,19:09,EMA21_Bounce,21 EMA Bounce,SWIGGY,BUY,,,,,,1.0,50,,Consumer Services,PANIC,-4,BLOCKED,EXPIRED,2026-06-17,259.45,Expired (16d > 15d),,,WEAK,OK
2026-06-01,19:09,EMA21_Bounce,21 EMA Bounce,SYNGENE,BUY,,,,,,1.0,45,,Healthcare,PANIC,-4,BLOCKED,EXPIRED,2026-06-17,448.3,Expired (16d > 15d),,,WEAK,OK
2026-06-01,19:09,EMA21_Bounce,21 EMA Bounce,SYRMA,BUY,,,,,,1.0,50,,Capital Goods,PANIC,-4,BLOCKED,EXPIRED,2026-06-17,1298.3,Expired (16d > 15d),,,WEAK,OK
2026-06-01,19:09,EMA21_Bounce,21 EMA Bounce,TBOTEK,BUY,,,,,,1.0,50,,Consumer Services,PANIC,-4,BLOCKED,EXPIRED,2026-06-17,1455.6,Expired (16d > 15d),,,WEAK,OK
2026-06-01,19:09,EMA21_Bounce,21 EMA Bounce,TVSMOTOR,BUY,,,,,,1.0,45,,Automobile and Auto Components,PANIC,-4,BLOCKED,EXPIRED,2026-06-17,3448.7,Expired (16d > 15d),,,WEAK,OK
2026-06-01,19:09,EMA21_Bounce,21 EMA Bounce,TATACAP,BUY,,,,,,1.0,50,,Financial Services,PANIC,-4,BLOCKED,EXPIRED,2026-06-17,337.1,Expired (16d > 15d),,,WEAK,OK
2026-06-01,19:09,EMA21_Bounce,21 EMA Bounce,TATACHEM,BUY,,,,,,1.0,50,,Chemicals,PANIC,-4,BLOCKED,EXPIRED,2026-06-17,729.0,Expired (16d > 15d),,,WEAK,OK
2026-06-01,19:09,EMA21_Bounce,21 EMA Bounce,TATACOMM,BUY,,,,,,1.0,45,,Telecommunication,PANIC,-4,BLOCKED,EXPIRED,2026-06-17,1899.8,Expired (16d > 15d),,,WEAK,OK
2026-06-01,19:09,EMA21_Bounce,21 EMA Bounce,TCS,BUY,,,,,,1.0,55,,Information Technology,PANIC,-4,BLOCKED,EXPIRED,2026-06-17,2223.0,Expired (16d > 15d),,,WEAK,OK
2026-06-01,19:09,EMA21_Bounce,21 EMA Bounce,TATACONSUM,BUY,,,,,,1.0,45,,Fast Moving Consumer Goods,PANIC,-4,BLOCKED,EXPIRED,2026-06-17,1124.5,Expired (16d > 15d),,,WEAK,OK
2026-06-01,19:09,EMA21_Bounce,21 EMA Bounce,TATAELXSI,BUY,,,,,,1.0,45,,Information Technology,PANIC,-4,BLOCKED,EXPIRED,2026-06-17,4094.6,Expired (16d > 15d),,,WEAK,OK
2026-06-01,19:09,EMA21_Bounce,21 EMA Bounce,TATAINVEST,BUY,,,,,,1.0,45,,Financial Services,PANIC,-4,BLOCKED,EXPIRED,2026-06-17,675.65,Expired (16d > 15d),,,WEAK,OK
2026-06-01,19:09,EMA21_Bounce,21 EMA Bounce,TMCV,BUY,,,,,,1.0,45,,Capital Goods,PANIC,-4,BLOCKED,EXPIRED,2026-06-17,402.8,Expired (16d > 15d),,,WEAK,OK
2026-06-01,19:09,EMA21_Bounce,21 EMA Bounce,TMPV,BUY,,,,,,1.0,45,,Automobile and Auto Components,PANIC,-4,BLOCKED,EXPIRED,2026-06-17,360.95,Expired (16d > 15d),,,WEAK,OK
2026-06-01,19:09,EMA21_Bounce,21 EMA Bounce,TATAPOWER,BUY,,,,,,1.0,50,,Power,PANIC,-4,BLOCKED,EXPIRED,2026-06-17,401.5,Expired (16d > 15d),,,WEAK,OK
2026-06-01,19:09,EMA21_Bounce,21 EMA Bounce,TATASTEEL,BUY,,,,,,1.0,45,,Metals & Mining,PANIC,-4,BLOCKED,EXPIRED,2026-06-17,199.01,Expired (16d > 15d),,,WEAK,OK
2026-06-01,19:09,EMA21_Bounce,21 EMA Bounce,TATATECH,BUY,,,,,,1.0,45,,Information Technology,PANIC,-4,BLOCKED,EXPIRED,2026-06-17,773.55,Expired (16d > 15d),,,WEAK,OK
2026-06-01,19:09,EMA21_Bounce,21 EMA Bounce,TTML,BUY,,,,,,1.0,50,,Telecommunication,PANIC,-4,BLOCKED,EXPIRED,2026-06-17,45.47,Expired (16d > 15d),,,WEAK,OK
2026-06-01,19:09,EMA21_Bounce,21 EMA Bounce,TECHM,BUY,,,,,,1.0,55,,Information Technology,PANIC,-4,BLOCKED,EXPIRED,2026-06-17,1462.4,Expired (16d > 15d),,,WEAK,OK
2026-06-01,19:09,EMA21_Bounce,21 EMA Bounce,TECHNOE,BUY,,,,,,1.0,45,,Construction,PANIC,-4,BLOCKED,EXPIRED,2026-06-17,1085.0,Expired (16d > 15d),,,WEAK,OK
2026-06-01,19:09,EMA21_Bounce,21 EMA Bounce,TEGA,BUY,,,,,,1.0,50,,Capital Goods,PANIC,-4,BLOCKED,EXPIRED,2026-06-17,1833.5,Expired (16d > 15d),,,WEAK,OK
2026-06-01,19:09,EMA21_Bounce,21 EMA Bounce,TEJASNET,BUY,,,,,,1.0,50,,Telecommunication,PANIC,-4,BLOCKED,EXPIRED,2026-06-17,602.0,Expired (16d > 15d),,,WEAK,OK
2026-06-01,19:09,EMA21_Bounce,21 EMA Bounce,TENNIND,BUY,,,,,,1.0,50,,Automobile and Auto Components,PANIC,-4,BLOCKED,EXPIRED,2026-06-17,568.05,Expired (16d > 15d),,,WEAK,OK
2026-06-01,19:09,EMA21_Bounce,21 EMA Bounce,NIACL,BUY,,,,,,1.0,50,,Financial Services,PANIC,-4,BLOCKED,EXPIRED,2026-06-17,165.46,Expired (16d > 15d),,,WEAK,OK
2026-06-01,19:09,EMA21_Bounce,21 EMA Bounce,RAMCOCEM,BUY,,,,,,1.0,45,,Construction Materials,PANIC,-4,BLOCKED,EXPIRED,2026-06-17,893.85,Expired (16d > 15d),,,WEAK,OK
2026-06-01,19:09,EMA21_Bounce,21 EMA Bounce,THERMAX,BUY,,,,,,1.0,45,,Capital Goods,PANIC,-4,BLOCKED,EXPIRED,2026-06-17,4774.4,Expired (16d > 15d),,,WEAK,OK
2026-06-01,19:09,EMA21_Bounce,21 EMA Bounce,TIMKEN,BUY,,,,,,1.0,50,,Capital Goods,PANIC,-4,BLOCKED,EXPIRED,2026-06-17,3608.0,Expired (16d > 15d),,,WEAK,OK
2026-06-01,19:09,EMA21_Bounce,21 EMA Bounce,TITAGARH,BUY,,,,,,1.0,45,,Capital Goods,PANIC,-4,BLOCKED,EXPIRED,2026-06-17,920.4,Expired (16d > 15d),,,WEAK,OK
2026-06-01,19:09,EMA21_Bounce,21 EMA Bounce,TITAN,BUY,,,,,,1.0,45,,Consumer Durables,PANIC,-4,BLOCKED,EXPIRED,2026-06-17,4380.5,Expired (16d > 15d),,,WEAK,OK
2026-06-01,19:09,EMA21_Bounce,21 EMA Bounce,TORNTPHARM,BUY,,,,,,1.0,50,,Healthcare,PANIC,-4,BLOCKED,EXPIRED,2026-06-17,4442.8,Expired (16d > 15d),,,WEAK,OK
2026-06-01,19:09,EMA21_Bounce,21 EMA Bounce,TORNTPOWER,BUY,,,,,,1.0,50,,Power,PANIC,-4,BLOCKED,EXPIRED,2026-06-17,1407.3,Expired (16d > 15d),,,WEAK,OK
2026-06-01,19:09,EMA21_Bounce,21 EMA Bounce,TARIL,BUY,,,,,,1.0,50,,Capital Goods,PANIC,-4,BLOCKED,EXPIRED,2026-06-17,325.9,Expired (16d > 15d),,,WEAK,OK
2026-06-01,19:09,EMA21_Bounce,21 EMA Bounce,TRAVELFOOD,BUY,,,,,,1.0,45,,Consumer Services,PANIC,-4,BLOCKED,EXPIRED,2026-06-17,1317.5,Expired (16d > 15d),,,WEAK,OK
2026-06-01,19:09,EMA21_Bounce,21 EMA Bounce,TRENT,BUY,,,,,,1.0,50,,Consumer Services,PANIC,-4,BLOCKED,EXPIRED,2026-06-17,3102.8,Expired (16d > 15d),,,WEAK,OK
2026-06-01,19:09,EMA21_Bounce,21 EMA Bounce,TRIDENT,BUY,,,,,,1.0,50,,Textiles,PANIC,-4,BLOCKED,EXPIRED,2026-06-17,24.93,Expired (16d > 15d),,,WEAK,OK
2026-06-01,19:09,EMA21_Bounce,21 EMA Bounce,TRITURBINE,BUY,,,,,,1.0,45,,Capital Goods,PANIC,-4,BLOCKED,EXPIRED,2026-06-17,677.4,Expired (16d > 15d),,,WEAK,OK
2026-06-01,19:09,EMA21_Bounce,21 EMA Bounce,TIINDIA,BUY,,,,,,1.0,50,,Automobile and Auto Components,PANIC,-4,BLOCKED,EXPIRED,2026-06-17,3267.7,Expired (16d > 15d),,,WEAK,OK
2026-06-01,19:09,EMA21_Bounce,21 EMA Bounce,UCOBANK,BUY,,,,,,1.0,50,,Financial Services,PANIC,-4,BLOCKED,EXPIRED,2026-06-17,28.2,Expired (16d > 15d),,,WEAK,OK
2026-06-01,19:09,EMA21_Bounce,21 EMA Bounce,UNOMINDA,BUY,,,,,,1.0,45,,Automobile and Auto Components,PANIC,-4,BLOCKED,EXPIRED,2026-06-17,1088.0,Expired (16d > 15d),,,WEAK,OK
2026-06-01,19:09,EMA21_Bounce,21 EMA Bounce,UPL,BUY,,,,,,1.0,45,,Chemicals,PANIC,-4,BLOCKED,EXPIRED,2026-06-17,614.4,Expired (16d > 15d),,,WEAK,OK
2026-06-01,19:09,EMA21_Bounce,21 EMA Bounce,UTIAMC,BUY,,,,,,1.0,45,,Financial Services,PANIC,-4,BLOCKED,EXPIRED,2026-06-17,938.1,Expired (16d > 15d),,,WEAK,OK
2026-06-01,19:09,EMA21_Bounce,21 EMA Bounce,ULTRACEMCO,BUY,,,,,,1.0,50,,Construction Materials,PANIC,-4,BLOCKED,EXPIRED,2026-06-17,11373.0,Expired (16d > 15d),,,WEAK,OK
2026-06-01,19:09,EMA21_Bounce,21 EMA Bounce,UNIONBANK,BUY,,,,,,1.0,45,,Financial Services,PANIC,-4,BLOCKED,EXPIRED,2026-06-17,173.75,Expired (16d > 15d),,,WEAK,OK
2026-06-01,19:09,EMA21_Bounce,21 EMA Bounce,UBL,BUY,,,,,,1.0,45,,Fast Moving Consumer Goods,PANIC,-4,BLOCKED,EXPIRED,2026-06-17,1335.0,Expired (16d > 15d),,,WEAK,OK
2026-06-01,19:09,EMA21_Bounce,21 EMA Bounce,UNITDSPR,BUY,,,,,,1.0,50,,Fast Moving Consumer Goods,PANIC,-4,BLOCKED,EXPIRED,2026-06-17,1308.0,Expired (16d > 15d),,,WEAK,OK
2026-06-01,19:09,EMA21_Bounce,21 EMA Bounce,URBANCO,BUY,,,,,,1.0,55,,Consumer Services,PANIC,-4,BLOCKED,EXPIRED,2026-06-17,130.05,Expired (16d > 15d),,,WEAK,OK
2026-06-01,19:09,EMA21_Bounce,21 EMA Bounce,USHAMART,BUY,,,,,,1.0,45,,Capital Goods,PANIC,-4,BLOCKED,EXPIRED,2026-06-17,494.9,Expired (16d > 15d),,,WEAK,OK
2026-06-01,19:09,EMA21_Bounce,21 EMA Bounce,VTL,BUY,,,,,,1.0,50,,Textiles,PANIC,-4,BLOCKED,EXPIRED,2026-06-17,626.15,Expired (16d > 15d),,,WEAK,OK
2026-06-01,19:09,EMA21_Bounce,21 EMA Bounce,VBL,BUY,,,,,,1.0,45,,Fast Moving Consumer Goods,PANIC,-4,BLOCKED,EXPIRED,2026-06-17,544.05,Expired (16d > 15d),,,WEAK,OK
2026-06-01,19:09,EMA21_Bounce,21 EMA Bounce,VEDL,BUY,,,,,,1.0,45,,Metals & Mining,PANIC,-4,BLOCKED,EXPIRED,2026-06-17,306.5,Expired (16d > 15d),,,WEAK,OK
2026-06-01,19:09,EMA21_Bounce,21 EMA Bounce,VIJAYA,BUY,,,,,,1.0,50,,Healthcare,PANIC,-4,BLOCKED,EXPIRED,2026-06-17,1299.5,Expired (16d > 15d),,,WEAK,OK
2026-06-01,19:09,EMA21_Bounce,21 EMA Bounce,VMM,BUY,,,,,,1.0,50,,Consumer Services,PANIC,-4,BLOCKED,EXPIRED,2026-06-17,118.77,Expired (16d > 15d),,,WEAK,OK
2026-06-01,19:09,EMA21_Bounce,21 EMA Bounce,IDEA,BUY,,,,,,1.0,45,,Telecommunication,PANIC,-4,BLOCKED,EXPIRED,2026-06-17,14.92,Expired (16d > 15d),,,WEAK,OK
2026-06-01,19:09,EMA21_Bounce,21 EMA Bounce,VOLTAS,BUY,,,,,,1.0,45,,Consumer Durables,PANIC,-4,BLOCKED,EXPIRED,2026-06-17,1352.9,Expired (16d > 15d),,,WEAK,OK
2026-06-01,19:09,EMA21_Bounce,21 EMA Bounce,WAAREEENER,BUY,,,,,,1.0,50,,Capital Goods,PANIC,-4,BLOCKED,EXPIRED,2026-06-17,3078.6,Expired (16d > 15d),,,WEAK,OK
2026-06-01,19:09,EMA21_Bounce,21 EMA Bounce,WELCORP,BUY,,,,,,1.0,50,,Capital Goods,PANIC,-4,BLOCKED,EXPIRED,2026-06-17,1394.3,Expired (16d > 15d),,,WEAK,OK
2026-06-01,19:09,EMA21_Bounce,21 EMA Bounce,WELSPUNLIV,BUY,,,,,,1.0,55,,Textiles,PANIC,-4,BLOCKED,EXPIRED,2026-06-17,146.65,Expired (16d > 15d),,,WEAK,OK
2026-06-01,19:09,EMA21_Bounce,21 EMA Bounce,WHIRLPOOL,BUY,,,,,,1.0,50,,Consumer Durables,PANIC,-4,BLOCKED,EXPIRED,2026-06-17,787.25,Expired (16d > 15d),,,WEAK,OK
2026-06-01,19:09,EMA21_Bounce,21 EMA Bounce,WIPRO,BUY,,,,,,1.0,45,,Information Technology,PANIC,-4,BLOCKED,EXPIRED,2026-06-17,184.47,Expired (16d > 15d),,,WEAK,OK
2026-06-01,19:09,EMA21_Bounce,21 EMA Bounce,WOCKPHARMA,BUY,,,,,,1.0,50,,Healthcare,PANIC,-4,BLOCKED,EXPIRED,2026-06-17,2022.8,Expired (16d > 15d),,,WEAK,OK
2026-06-01,19:09,EMA21_Bounce,21 EMA Bounce,YESBANK,BUY,,,,,,1.0,45,,Financial Services,PANIC,-4,BLOCKED,EXPIRED,2026-06-17,25.11,Expired (16d > 15d),,,WEAK,OK
2026-06-01,19:09,EMA21_Bounce,21 EMA Bounce,ZFCVINDIA,BUY,,,,,,1.0,50,,Automobile and Auto Components,PANIC,-4,BLOCKED,EXPIRED,2026-06-17,15112.0,Expired (16d > 15d),,,WEAK,OK
2026-06-01,19:09,EMA21_Bounce,21 EMA Bounce,ZEEL,BUY,,,,,,1.0,50,,Media Entertainment & Publication,PANIC,-4,BLOCKED,EXPIRED,2026-06-17,109.97,Expired (16d > 15d),,,WEAK,OK
2026-06-01,19:09,EMA21_Bounce,21 EMA Bounce,ZENTEC,BUY,,,,,,1.0,45,,Capital Goods,PANIC,-4,BLOCKED,EXPIRED,2026-06-17,1887.4,Expired (16d > 15d),,,WEAK,OK
2026-06-01,19:09,EMA21_Bounce,21 EMA Bounce,ZENSARTECH,BUY,,,,,,1.0,50,,Information Technology,PANIC,-4,BLOCKED,EXPIRED,2026-06-17,461.5,Expired (16d > 15d),,,WEAK,OK
2026-06-01,19:09,EMA21_Bounce,21 EMA Bounce,ZYDUSLIFE,BUY,,,,,,1.0,45,,Healthcare,PANIC,-4,BLOCKED,EXPIRED,2026-06-17,1061.4,Expired (16d > 15d),,,WEAK,OK
2026-06-01,19:09,EMA21_Bounce,21 EMA Bounce,ZYDUSWELL,BUY,,,,,,1.0,50,,Fast Moving Consumer Goods,PANIC,-4,BLOCKED,EXPIRED,2026-06-17,506.2,Expired (16d > 15d),,,WEAK,OK
2026-06-01,19:09,EMA21_Bounce,21 EMA Bounce,ECLERX,BUY,,,,,,1.0,45,,Services,PANIC,-4,BLOCKED,EXPIRED,2026-06-17,1456.4,Expired (16d > 15d),,,WEAK,OK
2026-06-01,19:09,52WH_Breakout,52-Week High Breakout,ACMESOLAR,BUY,,,,,,1.0,37,,Power,PANIC,-4,BLOCKED,EXPIRED,2026-06-29,379.25,Expired (28d > 25d),,,WEAK,OK
2026-06-01,19:09,52WH_Breakout,52-Week High Breakout,AIAENG,BUY,,,,,,1.0,32,,Capital Goods,PANIC,-4,BLOCKED,EXPIRED,2026-06-29,4951.4,Expired (28d > 25d),,,WEAK,OK
2026-06-01,19:09,52WH_Breakout,52-Week High Breakout,AADHARHFC,BUY,,,,,,1.0,32,,Financial Services,PANIC,-4,BLOCKED,EXPIRED,2026-06-29,518.75,Expired (28d > 25d),,,WEAK,OK
2026-06-01,19:09,52WH_Breakout,52-Week High Breakout,ATGL,BUY,,,,,,1.0,32,,Oil Gas & Consumable Fuels,PANIC,-4,BLOCKED,EXPIRED,2026-06-29,731.65,Expired (28d > 25d),,,WEAK,OK
2026-06-01,19:09,52WH_Breakout,52-Week High Breakout,CPPLUS,BUY,,,,,,1.0,37,,Capital Goods,PANIC,-4,BLOCKED,EXPIRED,2026-06-29,3714.0,Expired (28d > 25d),,,WEAK,OK
2026-06-01,19:09,52WH_Breakout,52-Week High Breakout,AEGISLOG,BUY,,,,,,1.0,37,,Oil Gas & Consumable Fuels,PANIC,-4,BLOCKED,EXPIRED,2026-06-29,1174.1,Expired (28d > 25d),,,WEAK,OK
2026-06-01,19:09,52WH_Breakout,52-Week High Breakout,ANANDRATHI,BUY,,,,,,1.0,37,,Financial Services,PANIC,-4,BLOCKED,EXPIRED,2026-06-29,1988.7,Expired (28d > 25d),,,WEAK,OK
2026-06-01,19:09,52WH_Breakout,52-Week High Breakout,ANANTRAJ,BUY,,,,,,1.0,37,,Realty,PANIC,-4,BLOCKED,EXPIRED,2026-06-29,513.75,Expired (28d > 25d),,,WEAK,OK
2026-06-01,19:09,52WH_Breakout,52-Week High Breakout,ASIANPAINT,BUY,,,,,,1.0,32,,Consumer Durables,PANIC,-4,BLOCKED,EXPIRED,2026-06-29,2656.9,Expired (28d > 25d),,,WEAK,OK
2026-06-01,19:09,52WH_Breakout,52-Week High Breakout,BDL,BUY,,,,,,1.0,32,,Capital Goods,PANIC,-4,BLOCKED,EXPIRED,2026-06-29,1335.1,Expired (28d > 25d),,,WEAK,OK
2026-06-01,19:09,52WH_Breakout,52-Week High Breakout,CHENNPETRO,BUY,,,,,,1.0,32,,Oil Gas & Consumable Fuels,PANIC,-4,BLOCKED,EXPIRED,2026-06-29,1153.8,Expired (28d > 25d),,,WEAK,OK
2026-06-01,19:09,52WH_Breakout,52-Week High Breakout,CHOLAHLDNG,BUY,,,,,,1.0,32,,Financial Services,PANIC,-4,BLOCKED,EXPIRED,2026-06-29,1646.6,Expired (28d > 25d),,,WEAK,OK
2026-06-01,19:09,52WH_Breakout,52-Week High Breakout,CHOLAFIN,BUY,,,,,,1.0,32,,Financial Services,PANIC,-4,BLOCKED,EXPIRED,2026-06-29,1774.0,Expired (28d > 25d),,,WEAK,OK
2026-06-01,19:09,52WH_Breakout,52-Week High Breakout,COALINDIA,BUY,,,,,,1.0,32,,Oil Gas & Consumable Fuels,PANIC,-4,BLOCKED,EXPIRED,2026-06-29,444.85,Expired (28d > 25d),,,WEAK,OK
2026-06-01,19:09,52WH_Breakout,52-Week High Breakout,COLPAL,BUY,,,,,,1.0,32,,Fast Moving Consumer Goods,PANIC,-4,BLOCKED,EXPIRED,2026-06-29,1999.2,Expired (28d > 25d),,,WEAK,OK
2026-06-01,19:09,52WH_Breakout,52-Week High Breakout,CONCORDBIO,BUY,,,,,,1.0,32,,Healthcare,PANIC,-4,BLOCKED,EXPIRED,2026-06-29,1261.9,Expired (28d > 25d),,,WEAK,OK
2026-06-01,19:09,52WH_Breakout,52-Week High Breakout,CYIENT,BUY,,,,,,1.0,32,,Information Technology,PANIC,-4,BLOCKED,EXPIRED,2026-06-29,881.55,Expired (28d > 25d),,,WEAK,OK
2026-06-01,19:09,52WH_Breakout,52-Week High Breakout,DELHIVERY,BUY,,,,,,1.0,32,,Services,PANIC,-4,BLOCKED,EXPIRED,2026-06-29,463.55,Expired (28d > 25d),,,WEAK,OK
2026-06-01,19:09,52WH_Breakout,52-Week High Breakout,EIDPARRY,BUY,,,,,,1.0,32,,Fast Moving Consumer Goods,PANIC,-4,BLOCKED,EXPIRED,2026-06-29,714.0,Expired (28d > 25d),,,WEAK,OK
2026-06-01,19:09,52WH_Breakout,52-Week High Breakout,EIHOTEL,BUY,,,,,,1.0,32,,Consumer Services,PANIC,-4,BLOCKED,EXPIRED,2026-06-29,320.9,Expired (28d > 25d),,,WEAK,OK
2026-06-01,19:09,52WH_Breakout,52-Week High Breakout,FINCABLES,BUY,,,,,,1.0,32,,Capital Goods,PANIC,-4,BLOCKED,EXPIRED,2026-06-29,1179.2,Expired (28d > 25d),,,WEAK,OK
2026-06-01,19:09,52WH_Breakout,52-Week High Breakout,GVT&D,BUY,,,,,,1.0,32,,Capital Goods,PANIC,-4,BLOCKED,EXPIRED,2026-06-29,4956.5,Expired (28d > 25d),,,WEAK,OK
2026-06-01,19:09,52WH_Breakout,52-Week High Breakout,GLENMARK,BUY,,,,,,1.0,32,,Healthcare,PANIC,-4,BLOCKED,EXPIRED,2026-06-29,2186.6,Expired (28d > 25d),,,WEAK,OK
2026-06-01,19:09,52WH_Breakout,52-Week High Breakout,HCLTECH,BUY,,,,,,1.0,32,,Information Technology,PANIC,-4,BLOCKED,EXPIRED,2026-06-29,1102.4,Expired (28d > 25d),,,WEAK,OK
2026-06-01,19:09,52WH_Breakout,52-Week High Breakout,POWERINDIA,BUY,,,,,,1.0,32,,Capital Goods,PANIC,-4,BLOCKED,EXPIRED,2026-06-29,34975.0,Expired (28d > 25d),,,WEAK,OK
2026-06-01,19:09,52WH_Breakout,52-Week High Breakout,IFCI,BUY,,,,,,1.0,32,,Financial Services,PANIC,-4,BLOCKED,EXPIRED,2026-06-29,77.18,Expired (28d > 25d),,,WEAK,OK
2026-06-01,19:09,52WH_Breakout,52-Week High Breakout,INDHOTEL,BUY,,,,,,1.0,32,,Consumer Services,PANIC,-4,BLOCKED,EXPIRED,2026-06-29,707.05,Expired (28d > 25d),,,WEAK,OK
2026-06-01,19:09,52WH_Breakout,52-Week High Breakout,IREDA,BUY,,,,,,1.0,37,,Financial Services,PANIC,-4,BLOCKED,EXPIRED,2026-06-29,127.49,Expired (28d > 25d),,,WEAK,OK
2026-06-01,19:09,52WH_Breakout,52-Week High Breakout,INOXWIND,BUY,,,,,,1.0,37,,Capital Goods,PANIC,-4,BLOCKED,EXPIRED,2026-06-29,88.18,Expired (28d > 25d),,,WEAK,OK
2026-06-01,19:09,52WH_Breakout,52-Week High Breakout,JBCHEPHARM,BUY,,,,,,1.0,32,,Healthcare,PANIC,-4,BLOCKED,EXPIRED,2026-06-29,2303.2,Expired (28d > 25d),,,WEAK,OK
2026-06-01,19:09,52WH_Breakout,52-Week High Breakout,JKTYRE,BUY,,,,,,1.0,32,,Automobile and Auto Components,PANIC,-4,BLOCKED,EXPIRED,2026-06-29,388.6,Expired (28d > 25d),,,WEAK,OK
2026-06-01,19:09,52WH_Breakout,52-Week High Breakout,JMFINANCIL,BUY,,,,,,1.0,37,,Financial Services,PANIC,-4,BLOCKED,EXPIRED,2026-06-29,123.6,Expired (28d > 25d),,,WEAK,OK
2026-06-01,19:09,52WH_Breakout,52-Week High Breakout,JPPOWER,BUY,,,,,,1.0,37,,Power,PANIC,-4,BLOCKED,EXPIRED,2026-06-29,17.81,Expired (28d > 25d),,,WEAK,OK
2026-06-01,19:09,52WH_Breakout,52-Week High Breakout,JYOTICNC,BUY,,,,,,1.0,32,,Capital Goods,PANIC,-4,BLOCKED,EXPIRED,2026-06-29,785.45,Expired (28d > 25d),,,WEAK,OK
2026-06-01,19:09,52WH_Breakout,52-Week High Breakout,KPRMILL,BUY,,,,,,1.0,37,,Textiles,PANIC,-4,BLOCKED,EXPIRED,2026-06-29,1131.5,Expired (28d > 25d),,,WEAK,OK
2026-06-01,19:09,52WH_Breakout,52-Week High Breakout,KPIL,BUY,,,,,,1.0,32,,Construction,PANIC,-4,BLOCKED,EXPIRED,2026-06-29,1346.1,Expired (28d > 25d),,,WEAK,OK
2026-06-01,19:09,52WH_Breakout,52-Week High Breakout,KARURVYSYA,BUY,,,,,,1.0,32,,Financial Services,PANIC,-4,BLOCKED,EXPIRED,2026-06-29,298.85,Expired (28d > 25d),,,WEAK,OK
2026-06-01,19:09,52WH_Breakout,52-Week High Breakout,LTTS,BUY,,,,,,1.0,37,,Information Technology,PANIC,-4,BLOCKED,EXPIRED,2026-06-29,3129.8,Expired (28d > 25d),,,WEAK,OK
2026-06-01,19:09,52WH_Breakout,52-Week High Breakout,LTFOODS,BUY,,,,,,1.0,32,,Fast Moving Consumer Goods,PANIC,-4,BLOCKED,EXPIRED,2026-06-29,374.95,Expired (28d > 25d),,,WEAK,OK
2026-06-01,19:09,52WH_Breakout,52-Week High Breakout,LINDEINDIA,BUY,,,,,,1.0,32,,Chemicals,PANIC,-4,BLOCKED,EXPIRED,2026-06-29,7297.0,Expired (28d > 25d),,,WEAK,OK
2026-06-01,19:09,52WH_Breakout,52-Week High Breakout,MGL,BUY,,,,,,1.0,32,,Oil Gas & Consumable Fuels,PANIC,-4,BLOCKED,EXPIRED,2026-06-29,1142.1,Expired (28d > 25d),,,WEAK,OK
2026-06-01,19:09,52WH_Breakout,52-Week High Breakout,M&M,BUY,,,,,,1.0,32,,Automobile and Auto Components,PANIC,-4,BLOCKED,EXPIRED,2026-06-29,3093.0,Expired (28d > 25d),,,WEAK,OK
2026-06-01,19:09,52WH_Breakout,52-Week High Breakout,MSUMI,BUY,,,,,,1.0,32,,Automobile and Auto Components,PANIC,-4,BLOCKED,EXPIRED,2026-06-29,39.86,Expired (28d > 25d),,,WEAK,OK
2026-06-01,19:09,52WH_Breakout,52-Week High Breakout,NATCOPHARM,BUY,,,,,,1.0,37,,Healthcare,PANIC,-4,BLOCKED,EXPIRED,2026-06-29,919.5,Expired (28d > 25d),,,WEAK,OK
2026-06-01,19:09,52WH_Breakout,52-Week High Breakout,NBCC,BUY,,,,,,1.0,37,,Construction,PANIC,-4,BLOCKED,EXPIRED,2026-06-29,104.35,Expired (28d > 25d),,,WEAK,OK
2026-06-01,19:09,52WH_Breakout,52-Week High Breakout,NMDC,BUY,,,,,,1.0,37,,Metals & Mining,PANIC,-4,BLOCKED,EXPIRED,2026-06-29,85.45,Expired (28d > 25d),,,WEAK,OK
2026-06-01,19:09,52WH_Breakout,52-Week High Breakout,NSLNISP,BUY,,,,,,1.0,37,,Metals & Mining,PANIC,-4,BLOCKED,EXPIRED,2026-06-29,43.12,Expired (28d > 25d),,,WEAK,OK
2026-06-01,19:09,52WH_Breakout,52-Week High Breakout,NTPC,BUY,,,,,,1.0,32,,Power,PANIC,-4,BLOCKED,EXPIRED,2026-06-29,356.1,Expired (28d > 25d),,,WEAK,OK
2026-06-01,19:09,52WH_Breakout,52-Week High Breakout,NETWEB,BUY,,,,,,1.0,32,,Information Technology,PANIC,-4,BLOCKED,EXPIRED,2026-06-29,4454.8,Expired (28d > 25d),,,WEAK,OK
2026-06-01,19:09,52WH_Breakout,52-Week High Breakout,OLAELEC,BUY,,,,,,1.0,32,,Automobile and Auto Components,PANIC,-4,BLOCKED,EXPIRED,2026-06-29,40.38,Expired (28d > 25d),,,WEAK,OK
2026-06-01,19:09,52WH_Breakout,52-Week High Breakout,OLECTRA,BUY,,,,,,1.0,37,,Automobile and Auto Components,PANIC,-4,BLOCKED,EXPIRED,2026-06-29,1474.1,Expired (28d > 25d),,,WEAK,OK
2026-06-01,19:09,52WH_Breakout,52-Week High Breakout,PTCIL,BUY,,,,,,1.0,37,,Capital Goods,PANIC,-4,BLOCKED,EXPIRED,2026-06-29,17193.0,Expired (28d > 25d),,,WEAK,OK
2026-06-01,19:09,52WH_Breakout,52-Week High Breakout,PERSISTENT,BUY,,,,,,1.0,32,,Information Technology,PANIC,-4,BLOCKED,EXPIRED,2026-06-29,4298.5,Expired (28d > 25d),,,WEAK,OK
2026-06-01,19:09,52WH_Breakout,52-Week High Breakout,PETRONET,BUY,,,,,,1.0,32,,Oil Gas & Consumable Fuels,PANIC,-4,BLOCKED,EXPIRED,2026-06-29,281.25,Expired (28d > 25d),,,WEAK,OK
2026-06-01,19:09,52WH_Breakout,52-Week High Breakout,PHOENIXLTD,BUY,,,,,,1.0,32,,Realty,PANIC,-4,BLOCKED,EXPIRED,2026-06-29,1912.0,Expired (28d > 25d),,,WEAK,OK
2026-06-01,19:09,52WH_Breakout,52-Week High Breakout,RHIM,BUY,,,,,,1.0,37,,Capital Goods,PANIC,-4,BLOCKED,EXPIRED,2026-06-29,372.95,Expired (28d > 25d),,,WEAK,OK
2026-06-01,19:09,52WH_Breakout,52-Week High Breakout,REDINGTON,BUY,,,,,,1.0,37,,Services,PANIC,-4,BLOCKED,EXPIRED,2026-06-29,275.52,Expired (28d > 25d),,,WEAK,OK
2026-06-01,19:09,52WH_Breakout,52-Week High Breakout,SBILIFE,BUY,,,,,,1.0,32,,Financial Services,PANIC,-4,BLOCKED,EXPIRED,2026-06-29,1755.4,Expired (28d > 25d),,,WEAK,OK
2026-06-01,19:09,52WH_Breakout,52-Week High Breakout,SAREGAMA,BUY,,,,,,1.0,32,,Media Entertainment & Publication,PANIC,-4,BLOCKED,EXPIRED,2026-06-29,498.9,Expired (28d > 25d),,,WEAK,OK
2026-06-01,19:09,52WH_Breakout,52-Week High Breakout,SHREECEM,BUY,,,,,,1.0,32,,Construction Materials,PANIC,-4,BLOCKED,EXPIRED,2026-06-29,25145.0,Expired (28d > 25d),,,WEAK,OK
2026-06-01,19:09,52WH_Breakout,52-Week High Breakout,STARHEALTH,BUY,,,,,,1.0,32,,Financial Services,PANIC,-4,BLOCKED,EXPIRED,2026-06-29,584.75,Expired (28d > 25d),,,WEAK,OK
2026-06-01,19:09,52WH_Breakout,52-Week High Breakout,SUZLON,BUY,,,,,,1.0,32,,Capital Goods,PANIC,-4,BLOCKED,EXPIRED,2026-06-29,57.21,Expired (28d > 25d),,,WEAK,OK
2026-06-01,19:09,52WH_Breakout,52-Week High Breakout,TCS,BUY,,,,,,1.0,32,,Information Technology,PANIC,-4,BLOCKED,EXPIRED,2026-06-29,2097.9,Expired (28d > 25d),,,WEAK,OK
2026-06-01,19:09,52WH_Breakout,52-Week High Breakout,TECHM,BUY,,,,,,1.0,32,,Information Technology,PANIC,-4,BLOCKED,EXPIRED,2026-06-29,1433.8,Expired (28d > 25d),,,WEAK,OK
2026-06-01,19:09,52WH_Breakout,52-Week High Breakout,TEGA,BUY,,,,,,1.0,37,,Capital Goods,PANIC,-4,BLOCKED,EXPIRED,2026-06-29,1704.9,Expired (28d > 25d),,,WEAK,OK
2026-06-01,19:09,52WH_Breakout,52-Week High Breakout,TORNTPOWER,BUY,,,,,,1.0,32,,Power,PANIC,-4,BLOCKED,EXPIRED,2026-06-29,1418.0,Expired (28d > 25d),,,WEAK,OK
2026-06-01,19:09,52WH_Breakout,52-Week High Breakout,TRIDENT,BUY,,,,,,1.0,37,,Textiles,PANIC,-4,BLOCKED,EXPIRED,2026-06-29,25.88,Expired (28d > 25d),,,WEAK,OK
2026-06-01,19:09,52WH_Breakout,52-Week High Breakout,VTL,BUY,,,,,,1.0,32,,Textiles,PANIC,-4,BLOCKED,EXPIRED,2026-06-29,632.9,Expired (28d > 25d),,,WEAK,OK
2026-06-01,19:09,52WH_Breakout,52-Week High Breakout,WELSPUNLIV,BUY,,,,,,1.0,32,,Textiles,PANIC,-4,BLOCKED,EXPIRED,2026-06-29,162.04,Expired (28d > 25d),,,WEAK,OK
2026-06-01,19:09,52WH_Breakout,52-Week High Breakout,WHIRLPOOL,BUY,,,,,,1.0,32,,Consumer Durables,PANIC,-4,BLOCKED,EXPIRED,2026-06-29,800.3,Expired (28d > 25d),,,WEAK,OK
2026-06-01,19:09,52WH_Breakout,52-Week High Breakout,WOCKPHARMA,BUY,,,,,,1.0,37,,Healthcare,PANIC,-4,BLOCKED,EXPIRED,2026-06-29,1949.7,Expired (28d > 25d),,,WEAK,OK
2026-06-01,19:09,52WH_Breakout,52-Week High Breakout,ZEEL,BUY,,,,,,1.0,37,,Media Entertainment & Publication,PANIC,-4,BLOCKED,EXPIRED,2026-06-29,107.32,Expired (28d > 25d),,,WEAK,OK
2026-06-01,19:09,52WH_Breakout,52-Week High Breakout,ZENSARTECH,BUY,,,,,,1.0,32,,Information Technology,PANIC,-4,BLOCKED,EXPIRED,2026-06-29,433.4,Expired (28d > 25d),,,WEAK,OK
2026-06-01,19:09,Last30Min_ATH,Near 52W High (EOD),360ONE,BUY,,,,,,1.0,33,,Financial Services,PANIC,-4,BLOCKED,EXPIRED,2026-06-17,1136.9,Expired (16d > 15d),,,WEAK,OK
2026-06-01,19:09,Last30Min_ATH,Near 52W High (EOD),ACMESOLAR,BUY,,,,,,1.0,37,,Power,PANIC,-4,BLOCKED,EXPIRED,2026-06-17,331.8,Expired (16d > 15d),,,WEAK,OK
2026-06-01,19:09,Last30Min_ATH,Near 52W High (EOD),AIAENG,BUY,,,,,,1.0,37,,Capital Goods,PANIC,-4,BLOCKED,EXPIRED,2026-06-17,4501.6,Expired (16d > 15d),,,WEAK,OK
2026-06-01,19:09,Last30Min_ATH,Near 52W High (EOD),APLAPOLLO,BUY,,,,,,1.0,33,,Capital Goods,PANIC,-4,BLOCKED,EXPIRED,2026-06-17,1854.6,Expired (16d > 15d),,,WEAK,OK
2026-06-01,19:09,Last30Min_ATH,Near 52W High (EOD),AADHARHFC,BUY,,,,,,1.0,37,,Financial Services,PANIC,-4,BLOCKED,EXPIRED,2026-06-17,487.9,Expired (16d > 15d),,,WEAK,OK
2026-06-01,19:09,Last30Min_ATH,Near 52W High (EOD),ADANIPOWER,BUY,,,,,,1.0,33,,Power,PANIC,-4,BLOCKED,EXPIRED,2026-06-17,220.4,Expired (16d > 15d),,,WEAK,OK
2026-06-01,19:09,Last30Min_ATH,Near 52W High (EOD),ATGL,BUY,,,,,,1.0,37,,Oil Gas & Consumable Fuels,PANIC,-4,BLOCKED,EXPIRED,2026-06-17,702.65,Expired (16d > 15d),,,WEAK,OK
2026-06-01,19:09,Last30Min_ATH,Near 52W High (EOD),CPPLUS,BUY,,,,,,1.0,37,,Capital Goods,PANIC,-4,BLOCKED,EXPIRED,2026-06-17,3348.2,Expired (16d > 15d),,,WEAK,OK
2026-06-01,19:09,Last30Min_ATH,Near 52W High (EOD),AEGISLOG,BUY,,,,,,1.0,37,,Oil Gas & Consumable Fuels,PANIC,-4,BLOCKED,EXPIRED,2026-06-17,1006.95,Expired (16d > 15d),,,WEAK,OK
2026-06-01,19:09,Last30Min_ATH,Near 52W High (EOD),AJANTPHARM,BUY,,,,,,1.0,33,,Healthcare,PANIC,-4,BLOCKED,EXPIRED,2026-06-17,3079.4,Expired (16d > 15d),,,WEAK,OK
2026-06-01,19:09,Last30Min_ATH,Near 52W High (EOD),ALKEM,BUY,,,,,,1.0,33,,Healthcare,PANIC,-4,BLOCKED,EXPIRED,2026-06-17,5347.5,Expired (16d > 15d),,,WEAK,OK
2026-06-01,19:09,Last30Min_ATH,Near 52W High (EOD),ANANDRATHI,BUY,,,,,,1.0,37,,Financial Services,PANIC,-4,BLOCKED,EXPIRED,2026-06-17,1787.1,Expired (16d > 15d),,,WEAK,OK
2026-06-01,19:09,Last30Min_ATH,Near 52W High (EOD),ANANTRAJ,BUY,,,,,,1.0,37,,Realty,PANIC,-4,BLOCKED,EXPIRED,2026-06-17,530.9,Expired (16d > 15d),,,WEAK,OK
2026-06-01,19:09,Last30Min_ATH,Near 52W High (EOD),APARINDS,BUY,,,,,,1.0,33,,Capital Goods,PANIC,-4,BLOCKED,EXPIRED,2026-06-17,16103.0,Expired (16d > 15d),,,WEAK,OK
2026-06-01,19:09,Last30Min_ATH,Near 52W High (EOD),ASHOKLEY,BUY,,,,,,1.0,33,,Capital Goods,PANIC,-4,BLOCKED,EXPIRED,2026-06-17,159.57,Expired (16d > 15d),,,WEAK,OK
2026-06-01,19:09,Last30Min_ATH,Near 52W High (EOD),ASIANPAINT,BUY,,,,,,1.0,37,,Consumer Durables,PANIC,-4,BLOCKED,EXPIRED,2026-06-17,2738.0,Expired (16d > 15d),,,WEAK,OK
2026-06-01,19:09,Last30Min_ATH,Near 52W High (EOD),BAJAJ-AUTO,BUY,,,,,,1.0,33,,Automobile and Auto Components,PANIC,-4,BLOCKED,EXPIRED,2026-06-17,10042.0,Expired (16d > 15d),,,WEAK,OK
2026-06-01,19:09,Last30Min_ATH,Near 52W High (EOD),BAJAJHLDNG,BUY,,,,,,1.0,33,,Financial Services,PANIC,-4,BLOCKED,EXPIRED,2026-06-17,10500.0,Expired (16d > 15d),,,WEAK,OK
2026-06-01,19:09,Last30Min_ATH,Near 52W High (EOD),BANKBARODA,BUY,,,,,,1.0,33,,Financial Services,PANIC,-4,BLOCKED,EXPIRED,2026-06-17,281.85,Expired (16d > 15d),,,WEAK,OK
2026-06-01,19:09,Last30Min_ATH,Near 52W High (EOD),BATAINDIA,BUY,,,,,,1.0,33,,Consumer Durables,PANIC,-4,BLOCKED,EXPIRED,2026-06-17,678.5,Expired (16d > 15d),,,WEAK,OK
2026-06-01,19:09,Last30Min_ATH,Near 52W High (EOD),BDL,BUY,,,,,,1.0,37,,Capital Goods,PANIC,-4,BLOCKED,EXPIRED,2026-06-17,1309.8,Expired (16d > 15d),,,WEAK,OK
2026-06-01,19:09,Last30Min_ATH,Near 52W High (EOD),BEL,BUY,,,,,,1.0,33,,Capital Goods,PANIC,-4,BLOCKED,EXPIRED,2026-06-17,419.85,Expired (16d > 15d),,,WEAK,OK
2026-06-01,19:09,Last30Min_ATH,Near 52W High (EOD),BIKAJI,BUY,,,,,,1.0,33,,Fast Moving Consumer Goods,PANIC,-4,BLOCKED,EXPIRED,2026-06-17,670.0,Expired (16d > 15d),,,WEAK,OK
2026-06-01,19:09,Last30Min_ATH,Near 52W High (EOD),BOSCHLTD,BUY,,,,,,1.0,33,,Automobile and Auto Components,PANIC,-4,BLOCKED,EXPIRED,2026-06-17,39230.0,Expired (16d > 15d),,,WEAK,OK
2026-06-01,19:09,Last30Min_ATH,Near 52W High (EOD),CANFINHOME,BUY,,,,,,1.0,33,,Financial Services,PANIC,-4,BLOCKED,EXPIRED,2026-06-17,879.75,Expired (16d > 15d),,,WEAK,OK
2026-06-01,19:09,Last30Min_ATH,Near 52W High (EOD),CANBK,BUY,,,,,,1.0,33,,Financial Services,PANIC,-4,BLOCKED,EXPIRED,2026-06-17,135.24,Expired (16d > 15d),,,WEAK,OK
2026-06-01,19:09,Last30Min_ATH,Near 52W High (EOD),CANHLIFE,BUY,,,,,,1.0,33,,Financial Services,PANIC,-4,BLOCKED,EXPIRED,2026-06-17,138.18,Expired (16d > 15d),,,WEAK,OK
2026-06-01,19:09,Last30Min_ATH,Near 52W High (EOD),CGCL,BUY,,,,,,1.0,33,,Financial Services,PANIC,-4,BLOCKED,EXPIRED,2026-06-17,217.28,Expired (16d > 15d),,,WEAK,OK
2026-06-01,19:09,Last30Min_ATH,Near 52W High (EOD),CHENNPETRO,BUY,,,,,,1.0,37,,Oil Gas & Consumable Fuels,PANIC,-4,BLOCKED,EXPIRED,2026-06-17,1165.1,Expired (16d > 15d),,,WEAK,OK
2026-06-01,19:09,Last30Min_ATH,Near 52W High (EOD),CHOLAHLDNG,BUY,,,,,,1.0,37,,Financial Services,PANIC,-4,BLOCKED,EXPIRED,2026-06-17,1583.9,Expired (16d > 15d),,,WEAK,OK
2026-06-01,19:09,Last30Min_ATH,Near 52W High (EOD),CHOLAFIN,BUY,,,,,,1.0,37,,Financial Services,PANIC,-4,BLOCKED,EXPIRED,2026-06-17,1679.2,Expired (16d > 15d),,,WEAK,OK
2026-06-01,19:09,Last30Min_ATH,Near 52W High (EOD),COFORGE,BUY,,,,,,1.0,33,,Information Technology,PANIC,-4,BLOCKED,EXPIRED,2026-06-17,1465.7,Expired (16d > 15d),,,WEAK,OK
2026-06-01,19:09,Last30Min_ATH,Near 52W High (EOD),COLPAL,BUY,,,,,,1.0,37,,Fast Moving Consumer Goods,PANIC,-4,BLOCKED,EXPIRED,2026-06-17,2034.2,Expired (16d > 15d),,,WEAK,OK
2026-06-01,19:09,Last30Min_ATH,Near 52W High (EOD),CONCORDBIO,BUY,,,,,,1.0,37,,Healthcare,PANIC,-4,BLOCKED,EXPIRED,2026-06-17,1340.0,Expired (16d > 15d),,,WEAK,OK
2026-06-01,19:09,Last30Min_ATH,Near 52W High (EOD),COROMANDEL,BUY,,,,,,1.0,33,,Chemicals,PANIC,-4,BLOCKED,EXPIRED,2026-06-17,2035.9,Expired (16d > 15d),,,WEAK,OK
2026-06-01,19:09,Last30Min_ATH,Near 52W High (EOD),CUMMINSIND,BUY,,,,,,1.0,33,,Capital Goods,PANIC,-4,BLOCKED,EXPIRED,2026-06-17,5833.0,Expired (16d > 15d),,,WEAK,OK
2026-06-01,19:09,Last30Min_ATH,Near 52W High (EOD),CYIENT,BUY,,,,,,1.0,37,,Information Technology,PANIC,-4,BLOCKED,EXPIRED,2026-06-17,876.15,Expired (16d > 15d),,,WEAK,OK
2026-06-01,19:09,Last30Min_ATH,Near 52W High (EOD),DABUR,BUY,,,,,,1.0,33,,Fast Moving Consumer Goods,PANIC,-4,BLOCKED,EXPIRED,2026-06-17,429.0,Expired (16d > 15d),,,WEAK,OK
2026-06-01,19:09,Last30Min_ATH,Near 52W High (EOD),DELHIVERY,BUY,,,,,,1.0,37,,Services,PANIC,-4,BLOCKED,EXPIRED,2026-06-17,451.55,Expired (16d > 15d),,,WEAK,OK
2026-06-01,19:09,Last30Min_ATH,Near 52W High (EOD),EIDPARRY,BUY,,,,,,1.0,37,,Fast Moving Consumer Goods,PANIC,-4,BLOCKED,EXPIRED,2026-06-17,732.6,Expired (16d > 15d),,,WEAK,OK
2026-06-01,19:09,Last30Min_ATH,Near 52W High (EOD),EIHOTEL,BUY,,,,,,1.0,37,,Consumer Services,PANIC,-4,BLOCKED,EXPIRED,2026-06-17,314.9,Expired (16d > 15d),,,WEAK,OK
2026-06-01,19:09,Last30Min_ATH,Near 52W High (EOD),EICHERMOT,BUY,,,,,,1.0,33,,Automobile and Auto Components,PANIC,-4,BLOCKED,EXPIRED,2026-06-17,7509.0,Expired (16d > 15d),,,WEAK,OK
2026-06-01,19:09,Last30Min_ATH,Near 52W High (EOD),ELGIEQUIP,BUY,,,,,,1.0,33,,Capital Goods,PANIC,-4,BLOCKED,EXPIRED,2026-06-17,600.1,Expired (16d > 15d),,,WEAK,OK
2026-06-01,19:09,Last30Min_ATH,Near 52W High (EOD),EMMVEE,BUY,,,,,,1.0,33,,Capital Goods,PANIC,-4,BLOCKED,EXPIRED,2026-06-17,343.25,Expired (16d > 15d),,,WEAK,OK
2026-06-01,19:09,Last30Min_ATH,Near 52W High (EOD),FINCABLES,BUY,,,,,,1.0,37,,Capital Goods,PANIC,-4,BLOCKED,EXPIRED,2026-06-17,1120.0,Expired (16d > 15d),,,WEAK,OK
2026-06-01,19:09,Last30Min_ATH,Near 52W High (EOD),GVT&D,BUY,,,,,,1.0,37,,Capital Goods,PANIC,-4,BLOCKED,EXPIRED,2026-06-17,5152.5,Expired (16d > 15d),,,WEAK,OK
2026-06-01,19:09,Last30Min_ATH,Near 52W High (EOD),GICRE,BUY,,,,,,1.0,33,,Financial Services,PANIC,-4,BLOCKED,EXPIRED,2026-06-17,353.4,Expired (16d > 15d),,,WEAK,OK
2026-06-01,19:09,Last30Min_ATH,Near 52W High (EOD),GLENMARK,BUY,,,,,,1.0,37,,Healthcare,PANIC,-4,BLOCKED,EXPIRED,2026-06-17,2136.6,Expired (16d > 15d),,,WEAK,OK
2026-06-01,19:09,Last30Min_ATH,Near 52W High (EOD),GRAPHITE,BUY,,,,,,1.0,33,,Capital Goods,PANIC,-4,BLOCKED,EXPIRED,2026-06-17,662.25,Expired (16d > 15d),,,WEAK,OK
2026-06-01,19:09,Last30Min_ATH,Near 52W High (EOD),HCLTECH,BUY,,,,,,1.0,37,,Information Technology,PANIC,-4,BLOCKED,EXPIRED,2026-06-17,1166.8,Expired (16d > 15d),,,WEAK,OK
2026-06-01,19:09,Last30Min_ATH,Near 52W High (EOD),HDFCAMC,BUY,,,,,,1.0,33,,Financial Services,PANIC,-4,BLOCKED,EXPIRED,2026-06-17,2711.1,Expired (16d > 15d),,,WEAK,OK
2026-06-01,19:09,Last30Min_ATH,Near 52W High (EOD),HDFCBANK,BUY,,,,,,1.0,33,,Financial Services,PANIC,-4,BLOCKED,EXPIRED,2026-06-17,787.1,Expired (16d > 15d),,,WEAK,OK
2026-06-01,19:09,Last30Min_ATH,Near 52W High (EOD),HAVELLS,BUY,,,,,,1.0,33,,Consumer Durables,PANIC,-4,BLOCKED,EXPIRED,2026-06-17,1196.8,Expired (16d > 15d),,,WEAK,OK
2026-06-01,19:09,Last30Min_ATH,Near 52W High (EOD),HEROMOTOCO,BUY,,,,,,1.0,33,,Automobile and Auto Components,PANIC,-4,BLOCKED,EXPIRED,2026-06-17,5016.4,Expired (16d > 15d),,,WEAK,OK
2026-06-01,19:09,Last30Min_ATH,Near 52W High (EOD),HEXT,BUY,,,,,,1.0,33,,Information Technology,PANIC,-4,BLOCKED,EXPIRED,2026-06-17,503.15,Expired (16d > 15d),,,WEAK,OK
2026-06-01,19:09,Last30Min_ATH,Near 52W High (EOD),POWERINDIA,BUY,,,,,,1.0,37,,Capital Goods,PANIC,-4,BLOCKED,EXPIRED,2026-06-17,35950.0,Expired (16d > 15d),,,WEAK,OK
2026-06-01,19:09,Last30Min_ATH,Near 52W High (EOD),ICICIGI,BUY,,,,,,1.0,33,,Financial Services,PANIC,-4,BLOCKED,EXPIRED,2026-06-17,1790.5,Expired (16d > 15d),,,WEAK,OK
2026-06-01,19:09,Last30Min_ATH,Near 52W High (EOD),ICICIAMC,BUY,,,,,,1.0,33,,Financial Services,PANIC,-4,BLOCKED,EXPIRED,2026-06-17,3250.5,Expired (16d > 15d),,,WEAK,OK
2026-06-01,19:09,Last30Min_ATH,Near 52W High (EOD),ICICIPRULI,BUY,,,,,,1.0,33,,Financial Services,PANIC,-4,BLOCKED,EXPIRED,2026-06-17,503.65,Expired (16d > 15d),,,WEAK,OK
2026-06-01,19:09,Last30Min_ATH,Near 52W High (EOD),IFCI,BUY,,,,,,1.0,37,,Financial Services,PANIC,-4,BLOCKED,EXPIRED,2026-06-17,90.07,Expired (16d > 15d),,,WEAK,OK
2026-06-01,19:09,Last30Min_ATH,Near 52W High (EOD),ITC,BUY,,,,,,1.0,33,,Fast Moving Consumer Goods,PANIC,-4,BLOCKED,EXPIRED,2026-06-17,290.75,Expired (16d > 15d),,,WEAK,OK
2026-06-01,19:09,Last30Min_ATH,Near 52W High (EOD),INDHOTEL,BUY,,,,,,1.0,37,,Consumer Services,PANIC,-4,BLOCKED,EXPIRED,2026-06-17,699.1,Expired (16d > 15d),,,WEAK,OK
2026-06-01,19:09,Last30Min_ATH,Near 52W High (EOD),IOB,BUY,,,,,,1.0,33,,Financial Services,PANIC,-4,BLOCKED,EXPIRED,2026-06-17,35.58,Expired (16d > 15d),,,WEAK,OK
2026-06-01,19:09,Last30Min_ATH,Near 52W High (EOD),IREDA,BUY,,,,,,1.0,37,,Financial Services,PANIC,-4,BLOCKED,EXPIRED,2026-06-17,126.46,Expired (16d > 15d),,,WEAK,OK
2026-06-01,19:09,Last30Min_ATH,Near 52W High (EOD),IGL,BUY,,,,,,1.0,33,,Oil Gas & Consumable Fuels,PANIC,-4,BLOCKED,EXPIRED,2026-06-17,170.78,Expired (16d > 15d),,,WEAK,OK
2026-06-01,19:09,Last30Min_ATH,Near 52W High (EOD),INDUSTOWER,BUY,,,,,,1.0,33,,Telecommunication,PANIC,-4,BLOCKED,EXPIRED,2026-06-17,413.85,Expired (16d > 15d),,,WEAK,OK
2026-06-01,19:09,Last30Min_ATH,Near 52W High (EOD),INFY,BUY,,,,,,1.0,33,,Information Technology,PANIC,-4,BLOCKED,EXPIRED,2026-06-17,1157.7,Expired (16d > 15d),,,WEAK,OK
2026-06-01,19:09,Last30Min_ATH,Near 52W High (EOD),INOXWIND,BUY,,,,,,1.0,37,,Capital Goods,PANIC,-4,BLOCKED,EXPIRED,2026-06-17,91.0,Expired (16d > 15d),,,WEAK,OK
2026-06-01,19:09,Last30Min_ATH,Near 52W High (EOD),INTELLECT,BUY,,,,,,1.0,33,,Information Technology,PANIC,-4,BLOCKED,EXPIRED,2026-06-17,764.9,Expired (16d > 15d),,,WEAK,OK
2026-06-01,19:09,Last30Min_ATH,Near 52W High (EOD),INDIGO,BUY,,,,,,1.0,33,,Services,PANIC,-4,BLOCKED,EXPIRED,2026-06-17,4878.4,Expired (16d > 15d),,,WEAK,OK
2026-06-01,19:09,Last30Min_ATH,Near 52W High (EOD),JBCHEPHARM,BUY,,,,,,1.0,37,,Healthcare,PANIC,-4,BLOCKED,EXPIRED,2026-06-17,2195.6,Expired (16d > 15d),,,WEAK,OK
2026-06-01,19:09,Last30Min_ATH,Near 52W High (EOD),JKCEMENT,BUY,,,,,,1.0,33,,Construction Materials,PANIC,-4,BLOCKED,EXPIRED,2026-06-17,5440.0,Expired (16d > 15d),,,WEAK,OK
2026-06-01,19:09,Last30Min_ATH,Near 52W High (EOD),JBMA,BUY,,,,,,1.0,33,,Automobile and Auto Components,PANIC,-4,BLOCKED,EXPIRED,2026-06-17,692.9,Expired (16d > 15d),,,WEAK,OK
2026-06-01,19:09,Last30Min_ATH,Near 52W High (EOD),JKTYRE,BUY,,,,,,1.0,37,,Automobile and Auto Components,PANIC,-4,BLOCKED,EXPIRED,2026-06-17,394.15,Expired (16d > 15d),,,WEAK,OK
2026-06-01,19:09,Last30Min_ATH,Near 52W High (EOD),JMFINANCIL,BUY,,,,,,1.0,37,,Financial Services,PANIC,-4,BLOCKED,EXPIRED,2026-06-17,126.56,Expired (16d > 15d),,,WEAK,OK
2026-06-01,19:09,Last30Min_ATH,Near 52W High (EOD),JPPOWER,BUY,,,,,,1.0,37,,Power,PANIC,-4,BLOCKED,EXPIRED,2026-06-17,18.11,Expired (16d > 15d),,,WEAK,OK
2026-06-01,19:09,Last30Min_ATH,Near 52W High (EOD),J&KBANK,BUY,,,,,,1.0,33,,Financial Services,PANIC,-4,BLOCKED,EXPIRED,2026-06-17,162.95,Expired (16d > 15d),,,WEAK,OK
2026-06-01,19:09,Last30Min_ATH,Near 52W High (EOD),JSL,BUY,,,,,,1.0,33,,Metals & Mining,PANIC,-4,BLOCKED,EXPIRED,2026-06-17,727.9,Expired (16d > 15d),,,WEAK,OK
2026-06-01,19:09,Last30Min_ATH,Near 52W High (EOD),JUBLFOOD,BUY,,,,,,1.0,33,,Consumer Services,PANIC,-4,BLOCKED,EXPIRED,2026-06-17,423.15,Expired (16d > 15d),,,WEAK,OK
2026-06-01,19:09,Last30Min_ATH,Near 52W High (EOD),JYOTICNC,BUY,,,,,,1.0,37,,Capital Goods,PANIC,-4,BLOCKED,EXPIRED,2026-06-17,706.9,Expired (16d > 15d),,,WEAK,OK
2026-06-01,19:09,Last30Min_ATH,Near 52W High (EOD),KPRMILL,BUY,,,,,,1.0,37,,Textiles,PANIC,-4,BLOCKED,EXPIRED,2026-06-17,1043.25,Expired (16d > 15d),,,WEAK,OK
2026-06-01,19:09,Last30Min_ATH,Near 52W High (EOD),KPIL,BUY,,,,,,1.0,37,,Construction,PANIC,-4,BLOCKED,EXPIRED,2026-06-17,1369.3,Expired (16d > 15d),,,WEAK,OK
2026-06-01,19:09,Last30Min_ATH,Near 52W High (EOD),KARURVYSYA,BUY,,,,,,1.0,37,,Financial Services,PANIC,-4,BLOCKED,EXPIRED,2026-06-17,296.7,Expired (16d > 15d),,,WEAK,OK
2026-06-01,19:09,Last30Min_ATH,Near 52W High (EOD),KIRLOSENG,BUY,,,,,,1.0,33,,Capital Goods,PANIC,-4,BLOCKED,EXPIRED,2026-06-17,1988.7,Expired (16d > 15d),,,WEAK,OK
2026-06-01,19:09,Last30Min_ATH,Near 52W High (EOD),LTF,BUY,,,,,,1.0,33,,Financial Services,PANIC,-4,BLOCKED,EXPIRED,2026-06-17,294.15,Expired (16d > 15d),,,WEAK,OK
2026-06-01,19:09,Last30Min_ATH,Near 52W High (EOD),LTTS,BUY,,,,,,1.0,37,,Information Technology,PANIC,-4,BLOCKED,EXPIRED,2026-06-17,3453.8,Expired (16d > 15d),,,WEAK,OK
2026-06-01,19:09,Last30Min_ATH,Near 52W High (EOD),LTFOODS,BUY,,,,,,1.0,37,,Fast Moving Consumer Goods,PANIC,-4,BLOCKED,EXPIRED,2026-06-17,382.0,Expired (16d > 15d),,,WEAK,OK
2026-06-01,19:09,Last30Min_ATH,Near 52W High (EOD),LTM,BUY,,,,,,1.0,33,,Information Technology,PANIC,-4,BLOCKED,EXPIRED,2026-06-17,3995.8,Expired (16d > 15d),,,WEAK,OK
2026-06-01,19:09,Last30Min_ATH,Near 52W High (EOD),LINDEINDIA,BUY,,,,,,1.0,37,,Chemicals,PANIC,-4,BLOCKED,EXPIRED,2026-06-17,7029.0,Expired (16d > 15d),,,WEAK,OK
2026-06-01,19:09,Last30Min_ATH,Near 52W High (EOD),LLOYDSME,BUY,,,,,,1.0,33,,Metals & Mining,PANIC,-4,BLOCKED,EXPIRED,2026-06-17,1754.3,Expired (16d > 15d),,,WEAK,OK
2026-06-01,19:09,Last30Min_ATH,Near 52W High (EOD),MGL,BUY,,,,,,1.0,37,,Oil Gas & Consumable Fuels,PANIC,-4,BLOCKED,EXPIRED,2026-06-17,1208.9,Expired (16d > 15d),,,WEAK,OK
2026-06-01,19:09,Last30Min_ATH,Near 52W High (EOD),M&M,BUY,,,,,,1.0,37,,Automobile and Auto Components,PANIC,-4,BLOCKED,EXPIRED,2026-06-17,3132.9,Expired (16d > 15d),,,WEAK,OK
2026-06-01,19:09,Last30Min_ATH,Near 52W High (EOD),MFSL,BUY,,,,,,1.0,33,,Financial Services,PANIC,-4,BLOCKED,EXPIRED,2026-06-17,1631.8,Expired (16d > 15d),,,WEAK,OK
2026-06-01,19:09,Last30Min_ATH,Near 52W High (EOD),MAXHEALTH,BUY,,,,,,1.0,33,,Healthcare,PANIC,-4,BLOCKED,EXPIRED,2026-06-17,1026.15,Expired (16d > 15d),,,WEAK,OK
2026-06-01,19:09,Last30Min_ATH,Near 52W High (EOD),MSUMI,BUY,,,,,,1.0,37,,Automobile and Auto Components,PANIC,-4,BLOCKED,EXPIRED,2026-06-17,37.17,Expired (16d > 15d),,,WEAK,OK
2026-06-01,19:09,Last30Min_ATH,Near 52W High (EOD),MPHASIS,BUY,,,,,,1.0,33,,Information Technology,PANIC,-4,BLOCKED,EXPIRED,2026-06-17,2340.2,Expired (16d > 15d),,,WEAK,OK
2026-06-01,19:09,Last30Min_ATH,Near 52W High (EOD),NATCOPHARM,BUY,,,,,,1.0,37,,Healthcare,PANIC,-4,BLOCKED,EXPIRED,2026-06-17,867.1,Expired (16d > 15d),,,WEAK,OK
2026-06-01,19:09,Last30Min_ATH,Near 52W High (EOD),NBCC,BUY,,,,,,1.0,37,,Construction,PANIC,-4,BLOCKED,EXPIRED,2026-06-17,112.83,Expired (16d > 15d),,,WEAK,OK
2026-06-01,19:09,Last30Min_ATH,Near 52W High (EOD),NMDC,BUY,,,,,,1.0,37,,Metals & Mining,PANIC,-4,BLOCKED,EXPIRED,2026-06-17,88.0,Expired (16d > 15d),,,WEAK,OK
2026-06-01,19:09,Last30Min_ATH,Near 52W High (EOD),NSLNISP,BUY,,,,,,1.0,37,,Metals & Mining,PANIC,-4,BLOCKED,EXPIRED,2026-06-17,47.59,Expired (16d > 15d),,,WEAK,OK
2026-06-01,19:09,Last30Min_ATH,Near 52W High (EOD),NTPC,BUY,,,,,,1.0,37,,Power,PANIC,-4,BLOCKED,EXPIRED,2026-06-17,355.55,Expired (16d > 15d),,,WEAK,OK
2026-06-01,19:09,Last30Min_ATH,Near 52W High (EOD),NETWEB,BUY,,,,,,1.0,37,,Information Technology,PANIC,-4,BLOCKED,EXPIRED,2026-06-17,4911.5,Expired (16d > 15d),,,WEAK,OK
2026-06-01,19:09,Last30Min_ATH,Near 52W High (EOD),NAM-INDIA,BUY,,,,,,1.0,33,,Financial Services,PANIC,-4,BLOCKED,EXPIRED,2026-06-17,1153.7,Expired (16d > 15d),,,WEAK,OK
2026-06-01,19:09,Last30Min_ATH,Near 52W High (EOD),OLAELEC,BUY,,,,,,1.0,37,,Automobile and Auto Components,PANIC,-4,BLOCKED,EXPIRED,2026-06-17,42.67,Expired (16d > 15d),,,WEAK,OK
2026-06-01,19:09,Last30Min_ATH,Near 52W High (EOD),OLECTRA,BUY,,,,,,1.0,37,,Automobile and Auto Components,PANIC,-4,BLOCKED,EXPIRED,2026-06-17,1354.9,Expired (16d > 15d),,,WEAK,OK
2026-06-01,19:09,Last30Min_ATH,Near 52W High (EOD),ONESOURCE,BUY,,,,,,1.0,33,,Healthcare,PANIC,-4,BLOCKED,EXPIRED,2026-06-17,1617.1,Expired (16d > 15d),,,WEAK,OK
2026-06-01,19:09,Last30Min_ATH,Near 52W High (EOD),POLICYBZR,BUY,,,,,,1.0,33,,Financial Services,PANIC,-4,BLOCKED,EXPIRED,2026-06-17,1624.6,Expired (16d > 15d),,,WEAK,OK
2026-06-01,19:09,Last30Min_ATH,Near 52W High (EOD),PGEL,BUY,,,,,,1.0,33,,Consumer Durables,PANIC,-4,BLOCKED,EXPIRED,2026-06-17,545.65,Expired (16d > 15d),,,WEAK,OK
2026-06-01,19:09,Last30Min_ATH,Near 52W High (EOD),PTCIL,BUY,,,,,,1.0,37,,Capital Goods,PANIC,-4,BLOCKED,EXPIRED,2026-06-17,17771.0,Expired (16d > 15d),,,WEAK,OK
2026-06-01,19:09,Last30Min_ATH,Near 52W High (EOD),PAGEIND,BUY,,,,,,1.0,33,,Textiles,PANIC,-4,BLOCKED,EXPIRED,2026-06-17,39300.0,Expired (16d > 15d),,,WEAK,OK
2026-06-01,19:09,Last30Min_ATH,Near 52W High (EOD),PATANJALI,BUY,,,,,,1.0,33,,Fast Moving Consumer Goods,PANIC,-4,BLOCKED,EXPIRED,2026-06-17,419.0,Expired (16d > 15d),,,WEAK,OK
2026-06-01,19:09,Last30Min_ATH,Near 52W High (EOD),PERSISTENT,BUY,,,,,,1.0,37,,Information Technology,PANIC,-4,BLOCKED,EXPIRED,2026-06-17,5045.0,Expired (16d > 15d),,,WEAK,OK
2026-06-01,19:09,Last30Min_ATH,Near 52W High (EOD),PETRONET,BUY,,,,,,1.0,37,,Oil Gas & Consumable Fuels,PANIC,-4,BLOCKED,EXPIRED,2026-06-17,292.0,Expired (16d > 15d),,,WEAK,OK
2026-06-01,19:09,Last30Min_ATH,Near 52W High (EOD),PHOENIXLTD,BUY,,,,,,1.0,37,,Realty,PANIC,-4,BLOCKED,EXPIRED,2026-06-17,1869.1,Expired (16d > 15d),,,WEAK,OK
2026-06-01,19:09,Last30Min_ATH,Near 52W High (EOD),PWL,BUY,,,,,,1.0,33,,Consumer Services,PANIC,-4,BLOCKED,EXPIRED,2026-06-17,113.38,Expired (16d > 15d),,,WEAK,OK
2026-06-01,19:09,Last30Min_ATH,Near 52W High (EOD),PINELABS,BUY,,,,,,1.0,37,,Financial Services,PANIC,-4,BLOCKED,EXPIRED,2026-06-17,152.12,Expired (16d > 15d),,,WEAK,OK
2026-06-01,19:09,Last30Min_ATH,Near 52W High (EOD),POWERGRID,BUY,,,,,,1.0,33,,Power,PANIC,-4,BLOCKED,EXPIRED,2026-06-17,286.35,Expired (16d > 15d),,,WEAK,OK
2026-06-01,19:09,Last30Min_ATH,Near 52W High (EOD),RRKABEL,BUY,,,,,,1.0,33,,Capital Goods,PANIC,-4,BLOCKED,EXPIRED,2026-06-17,2209.8,Expired (16d > 15d),,,WEAK,OK
2026-06-01,19:09,Last30Min_ATH,Near 52W High (EOD),RHIM,BUY,,,,,,1.0,37,,Capital Goods,PANIC,-4,BLOCKED,EXPIRED,2026-06-17,376.85,Expired (16d > 15d),,,WEAK,OK
2026-06-01,19:09,Last30Min_ATH,Near 52W High (EOD),REDINGTON,BUY,,,,,,1.0,37,,Services,PANIC,-4,BLOCKED,EXPIRED,2026-06-17,248.92,Expired (16d > 15d),,,WEAK,OK
2026-06-01,19:09,Last30Min_ATH,Near 52W High (EOD),SBICARD,BUY,,,,,,1.0,33,,Financial Services,PANIC,-4,BLOCKED,EXPIRED,2026-06-17,625.7,Expired (16d > 15d),,,WEAK,OK
2026-06-01,19:09,Last30Min_ATH,Near 52W High (EOD),SBILIFE,BUY,,,,,,1.0,37,,Financial Services,PANIC,-4,BLOCKED,EXPIRED,2026-06-17,1793.6,Expired (16d > 15d),,,WEAK,OK
2026-06-01,19:09,Last30Min_ATH,Near 52W High (EOD),MOTHERSON,BUY,,,,,,1.0,33,,Automobile and Auto Components,PANIC,-4,BLOCKED,EXPIRED,2026-06-17,145.1,Expired (16d > 15d),,,WEAK,OK
2026-06-01,19:09,Last30Min_ATH,Near 52W High (EOD),SAREGAMA,BUY,,,,,,1.0,37,,Media Entertainment & Publication,PANIC,-4,BLOCKED,EXPIRED,2026-06-17,453.4,Expired (16d > 15d),,,WEAK,OK
2026-06-01,19:09,Last30Min_ATH,Near 52W High (EOD),SHREECEM,BUY,,,,,,1.0,37,,Construction Materials,PANIC,-4,BLOCKED,EXPIRED,2026-06-17,24970.0,Expired (16d > 15d),,,WEAK,OK
2026-06-01,19:09,Last30Min_ATH,Near 52W High (EOD),SHRIRAMFIN,BUY,,,,,,1.0,33,,Financial Services,PANIC,-4,BLOCKED,EXPIRED,2026-06-17,1007.5,Expired (16d > 15d),,,WEAK,OK
2026-06-01,19:09,Last30Min_ATH,Near 52W High (EOD),STARHEALTH,BUY,,,,,,1.0,37,,Financial Services,PANIC,-4,BLOCKED,EXPIRED,2026-06-17,533.7,Expired (16d > 15d),,,WEAK,OK
2026-06-01,19:09,Last30Min_ATH,Near 52W High (EOD),SUNDARMFIN,BUY,,,,,,1.0,33,,Financial Services,PANIC,-4,BLOCKED,EXPIRED,2026-06-17,4475.5,Expired (16d > 15d),,,WEAK,OK
2026-06-01,19:09,Last30Min_ATH,Near 52W High (EOD),SUPREMEIND,BUY,,,,,,1.0,33,,Capital Goods,PANIC,-4,BLOCKED,EXPIRED,2026-06-17,3517.5,Expired (16d > 15d),,,WEAK,OK
2026-06-01,19:09,Last30Min_ATH,Near 52W High (EOD),SPLPETRO,BUY,,,,,,1.0,33,,Chemicals,PANIC,-4,BLOCKED,EXPIRED,2026-06-17,713.15,Expired (16d > 15d),,,WEAK,OK
2026-06-01,19:09,Last30Min_ATH,Near 52W High (EOD),SUZLON,BUY,,,,,,1.0,37,,Capital Goods,PANIC,-4,BLOCKED,EXPIRED,2026-06-17,59.27,Expired (16d > 15d),,,WEAK,OK
2026-06-01,19:09,Last30Min_ATH,Near 52W High (EOD),SWANCORP,BUY,,,,,,1.0,33,,Chemicals,PANIC,-4,BLOCKED,EXPIRED,2026-06-17,316.05,Expired (16d > 15d),,,WEAK,OK
2026-06-01,19:09,Last30Min_ATH,Near 52W High (EOD),TCS,BUY,,,,,,1.0,37,,Information Technology,PANIC,-4,BLOCKED,EXPIRED,2026-06-17,2223.0,Expired (16d > 15d),,,WEAK,OK
2026-06-01,19:09,Last30Min_ATH,Near 52W High (EOD),TATAPOWER,BUY,,,,,,1.0,33,,Power,PANIC,-4,BLOCKED,EXPIRED,2026-06-17,401.5,Expired (16d > 15d),,,WEAK,OK
2026-06-01,19:09,Last30Min_ATH,Near 52W High (EOD),TECHM,BUY,,,,,,1.0,37,,Information Technology,PANIC,-4,BLOCKED,EXPIRED,2026-06-17,1462.4,Expired (16d > 15d),,,WEAK,OK
2026-06-01,19:09,Last30Min_ATH,Near 52W High (EOD),TEGA,BUY,,,,,,1.0,37,,Capital Goods,PANIC,-4,BLOCKED,EXPIRED,2026-06-17,1833.5,Expired (16d > 15d),,,WEAK,OK
2026-06-01,19:09,Last30Min_ATH,Near 52W High (EOD),TEJASNET,BUY,,,,,,1.0,33,,Telecommunication,PANIC,-4,BLOCKED,EXPIRED,2026-06-17,602.0,Expired (16d > 15d),,,WEAK,OK
2026-06-01,19:09,Last30Min_ATH,Near 52W High (EOD),TENNIND,BUY,,,,,,1.0,33,,Automobile and Auto Components,PANIC,-4,BLOCKED,EXPIRED,2026-06-17,568.05,Expired (16d > 15d),,,WEAK,OK
2026-06-01,19:09,Last30Min_ATH,Near 52W High (EOD),TORNTPHARM,BUY,,,,,,1.0,33,,Healthcare,PANIC,-4,BLOCKED,EXPIRED,2026-06-17,4442.8,Expired (16d > 15d),,,WEAK,OK
2026-06-01,19:09,Last30Min_ATH,Near 52W High (EOD),TORNTPOWER,BUY,,,,,,1.0,37,,Power,PANIC,-4,BLOCKED,EXPIRED,2026-06-17,1407.3,Expired (16d > 15d),,,WEAK,OK
2026-06-01,19:09,Last30Min_ATH,Near 52W High (EOD),TRIDENT,BUY,,,,,,1.0,37,,Textiles,PANIC,-4,BLOCKED,EXPIRED,2026-06-17,24.93,Expired (16d > 15d),,,WEAK,OK
2026-06-01,19:09,Last30Min_ATH,Near 52W High (EOD),ULTRACEMCO,BUY,,,,,,1.0,33,,Construction Materials,PANIC,-4,BLOCKED,EXPIRED,2026-06-17,11373.0,Expired (16d > 15d),,,WEAK,OK
2026-06-01,19:09,Last30Min_ATH,Near 52W High (EOD),URBANCO,BUY,,,,,,1.0,33,,Consumer Services,PANIC,-4,BLOCKED,EXPIRED,2026-06-17,130.05,Expired (16d > 15d),,,WEAK,OK
2026-06-01,19:09,Last30Min_ATH,Near 52W High (EOD),VTL,BUY,,,,,,1.0,37,,Textiles,PANIC,-4,BLOCKED,EXPIRED,2026-06-17,626.15,Expired (16d > 15d),,,WEAK,OK
2026-06-01,19:09,Last30Min_ATH,Near 52W High (EOD),WELCORP,BUY,,,,,,1.0,33,,Capital Goods,PANIC,-4,BLOCKED,EXPIRED,2026-06-17,1394.3,Expired (16d > 15d),,,WEAK,OK
2026-06-01,19:09,Last30Min_ATH,Near 52W High (EOD),WELSPUNLIV,BUY,,,,,,1.0,37,,Textiles,PANIC,-4,BLOCKED,EXPIRED,2026-06-17,146.65,Expired (16d > 15d),,,WEAK,OK
2026-06-01,19:09,Last30Min_ATH,Near 52W High (EOD),WHIRLPOOL,BUY,,,,,,1.0,37,,Consumer Durables,PANIC,-4,BLOCKED,EXPIRED,2026-06-17,787.25,Expired (16d > 15d),,,WEAK,OK
2026-06-01,19:09,Last30Min_ATH,Near 52W High (EOD),WIPRO,BUY,,,,,,1.0,33,,Information Technology,PANIC,-4,BLOCKED,EXPIRED,2026-06-17,184.47,Expired (16d > 15d),,,WEAK,OK
2026-06-01,19:09,Last30Min_ATH,Near 52W High (EOD),WOCKPHARMA,BUY,,,,,,1.0,37,,Healthcare,PANIC,-4,BLOCKED,EXPIRED,2026-06-17,2022.8,Expired (16d > 15d),,,WEAK,OK
2026-06-01,19:09,Last30Min_ATH,Near 52W High (EOD),YESBANK,BUY,,,,,,1.0,33,,Financial Services,PANIC,-4,BLOCKED,EXPIRED,2026-06-17,25.11,Expired (16d > 15d),,,WEAK,OK
2026-06-01,19:09,Last30Min_ATH,Near 52W High (EOD),ZEEL,BUY,,,,,,1.0,37,,Media Entertainment & Publication,PANIC,-4,BLOCKED,EXPIRED,2026-06-17,109.97,Expired (16d > 15d),,,WEAK,OK
2026-06-01,19:09,Last30Min_ATH,Near 52W High (EOD),ZENSARTECH,BUY,,,,,,1.0,37,,Information Technology,PANIC,-4,BLOCKED,EXPIRED,2026-06-17,461.5,Expired (16d > 15d),,,WEAK,OK
2026-06-01,19:09,Failed_Breakout_Short,Failed Breakout Short,ACMESOLAR,SHORT,,,,,,1.0,80,,Power,PANIC,-4,IDEAL,EXPIRED,2026-06-29,379.25,Expired (28d > 25d),,,WEAK,OK
2026-06-01,19:09,Failed_Breakout_Short,Failed Breakout Short,AIAENG,SHORT,,,,,,1.0,77,,Capital Goods,PANIC,-4,IDEAL,EXPIRED,2026-06-29,4951.4,Expired (28d > 25d),,,WEAK,OK
2026-06-01,19:09,Failed_Breakout_Short,Failed Breakout Short,CPPLUS,SHORT,,,,,,1.0,80,,Capital Goods,PANIC,-4,IDEAL,EXPIRED,2026-06-29,3714.0,Expired (28d > 25d),,,WEAK,OK
2026-06-01,19:09,Failed_Breakout_Short,Failed Breakout Short,AEGISLOG,SHORT,,,,,,1.0,80,,Oil Gas & Consumable Fuels,PANIC,-4,IDEAL,EXPIRED,2026-06-29,1174.1,Expired (28d > 25d),,,WEAK,OK
2026-06-01,19:09,Failed_Breakout_Short,Failed Breakout Short,COFORGE,SHORT,,,,,,1.0,77,,Information Technology,PANIC,-4,IDEAL,EXPIRED,2026-06-29,1491.4,Expired (28d > 25d),,,WEAK,OK
2026-06-01,19:09,Failed_Breakout_Short,Failed Breakout Short,ELGIEQUIP,SHORT,,,,,,1.0,77,,Capital Goods,PANIC,-4,IDEAL,EXPIRED,2026-06-29,608.3,Expired (28d > 25d),,,WEAK,OK
2026-06-01,19:09,Failed_Breakout_Short,Failed Breakout Short,EMMVEE,SHORT,,,,,,1.0,77,,Capital Goods,PANIC,-4,IDEAL,EXPIRED,2026-06-29,332.35,Expired (28d > 25d),,,WEAK,OK
2026-06-01,19:09,Failed_Breakout_Short,Failed Breakout Short,GVT&D,SHORT,,,,,,1.0,77,,Capital Goods,PANIC,-4,IDEAL,EXPIRED,2026-06-29,4956.5,Expired (28d > 25d),,,WEAK,OK
2026-06-01,19:09,Failed_Breakout_Short,Failed Breakout Short,HINDALCO,SHORT,,,,,,1.0,77,,Metals & Mining,PANIC,-4,IDEAL,EXPIRED,2026-06-29,963.8,Expired (28d > 25d),,,WEAK,OK
2026-06-01,19:09,Failed_Breakout_Short,Failed Breakout Short,POWERINDIA,SHORT,,,,,,1.0,77,,Capital Goods,PANIC,-4,IDEAL,EXPIRED,2026-06-29,34975.0,Expired (28d > 25d),,,WEAK,OK
2026-06-01,19:09,Failed_Breakout_Short,Failed Breakout Short,ICICIAMC,SHORT,,,,,,1.0,77,,Financial Services,PANIC,-4,IDEAL,EXPIRED,2026-06-29,3282.3,Expired (28d > 25d),,,WEAK,OK
2026-06-01,19:09,Failed_Breakout_Short,Failed Breakout Short,IFCI,SHORT,,,,,,1.0,77,,Financial Services,PANIC,-4,IDEAL,EXPIRED,2026-06-29,77.18,Expired (28d > 25d),,,WEAK,OK
2026-06-01,19:09,Failed_Breakout_Short,Failed Breakout Short,INFY,SHORT,,,,,,1.0,72,,Information Technology,PANIC,-4,IDEAL,EXPIRED,2026-06-29,1036.7,Expired (28d > 25d),,,WEAK,OK
2026-06-01,19:09,Failed_Breakout_Short,Failed Breakout Short,JPPOWER,SHORT,,,,,,1.0,80,,Power,PANIC,-4,IDEAL,EXPIRED,2026-06-29,17.81,Expired (28d > 25d),,,WEAK,OK
2026-06-01,19:09,Failed_Breakout_Short,Failed Breakout Short,KIRLOSENG,SHORT,,,,,,1.0,77,,Capital Goods,PANIC,-4,IDEAL,EXPIRED,2026-06-29,2441.1,Expired (28d > 25d),,,WEAK,OK
2026-06-01,19:09,Failed_Breakout_Short,Failed Breakout Short,LAURUSLABS,SHORT,,,,,,1.0,77,,Healthcare,PANIC,-4,IDEAL,EXPIRED,2026-06-29,1500.3,Expired (28d > 25d),,,WEAK,OK
2026-06-01,19:09,Failed_Breakout_Short,Failed Breakout Short,MPHASIS,SHORT,,,,,,1.0,72,,Information Technology,PANIC,-4,IDEAL,EXPIRED,2026-06-29,2207.8,Expired (28d > 25d),,,WEAK,OK
2026-06-01,19:09,Failed_Breakout_Short,Failed Breakout Short,NBCC,SHORT,,,,,,1.0,80,,Construction,PANIC,-4,IDEAL,EXPIRED,2026-06-29,104.35,Expired (28d > 25d),,,WEAK,OK
2026-06-01,19:09,Failed_Breakout_Short,Failed Breakout Short,NETWEB,SHORT,,,,,,1.0,80,,Information Technology,PANIC,-4,IDEAL,EXPIRED,2026-06-29,4454.8,Expired (28d > 25d),,,WEAK,OK
2026-06-01,19:09,Failed_Breakout_Short,Failed Breakout Short,OLAELEC,SHORT,,,,,,1.0,77,,Automobile and Auto Components,PANIC,-4,IDEAL,EXPIRED,2026-06-29,40.38,Expired (28d > 25d),,,WEAK,OK
2026-06-01,19:09,Failed_Breakout_Short,Failed Breakout Short,OFSS,SHORT,,,,,,1.0,77,,Information Technology,PANIC,-4,IDEAL,EXPIRED,2026-06-29,10874.5,Expired (28d > 25d),,,WEAK,OK
2026-06-01,19:09,Failed_Breakout_Short,Failed Breakout Short,PERSISTENT,SHORT,,,,,,1.0,72,,Information Technology,PANIC,-4,IDEAL,EXPIRED,2026-06-29,4298.5,Expired (28d > 25d),,,WEAK,OK
2026-06-01,19:09,Failed_Breakout_Short,Failed Breakout Short,RRKABEL,SHORT,,,,,,1.0,72,,Capital Goods,PANIC,-4,IDEAL,EXPIRED,2026-06-29,2502.3,Expired (28d > 25d),,,WEAK,OK
2026-06-01,19:09,Failed_Breakout_Short,Failed Breakout Short,SUZLON,SHORT,,,,,,1.0,77,,Capital Goods,PANIC,-4,IDEAL,EXPIRED,2026-06-29,57.21,Expired (28d > 25d),,,WEAK,OK
2026-06-01,19:09,Failed_Breakout_Short,Failed Breakout Short,TEGA,SHORT,,,,,,1.0,80,,Capital Goods,PANIC,-4,IDEAL,EXPIRED,2026-06-29,1704.9,Expired (28d > 25d),,,WEAK,OK
2026-06-01,19:09,Failed_Breakout_Short,Failed Breakout Short,WELCORP,SHORT,,,,,,1.0,72,,Capital Goods,PANIC,-4,IDEAL,EXPIRED,2026-06-29,1510.8,Expired (28d > 25d),,,WEAK,OK
2026-06-01,19:09,Failed_Breakout_Short,Failed Breakout Short,WIPRO,SHORT,,,,,,1.0,77,,Information Technology,PANIC,-4,IDEAL,EXPIRED,2026-06-29,175.48,Expired (28d > 25d),,,WEAK,OK
2026-06-01,19:09,Failed_Breakout_Short,Failed Breakout Short,WOCKPHARMA,SHORT,,,,,,1.0,80,,Healthcare,PANIC,-4,IDEAL,EXPIRED,2026-06-29,1949.7,Expired (28d > 25d),,,WEAK,OK
2026-06-02,14:43,EMA21_Bounce,21 EMA Bounce,STARHEALTH,BUY,533.7,533.7,511.69,566.72,586.25,2.4,50,91.0,Financial Services,PANIC,-5,BLOCKED,TARGET,2026-06-18,566.72,Target 1 Hit,6.19,91.9,ELITE,OK
2026-06-02,14:43,EMA21_Bounce,21 EMA Bounce,SONACOMS,BUY,611.35,611.35,582.61,654.46,695.99,2.9,50,94.0,Automobile and Auto Components,PANIC,-5,BLOCKED,STOPPED,2026-06-11,582.61,Stop Loss Hit,-4.7,88.5,ELITE,OK
2026-06-02,14:43,EMA21_Bounce,21 EMA Bounce,COALINDIA,BUY,472.15,472.15,455.33,497.38,514.2,2.5,50,85.0,Oil Gas & Consumable Fuels,PANIC,-5,BLOCKED,STOPPED,2026-06-10,455.33,Stop Loss Hit,-3.56,86.8,ELITE,OK
2026-06-02,14:43,EMA21_Bounce,21 EMA Bounce,OBEROIRLTY,BUY,1674.7,1674.7,1591.34,1799.74,1883.1,2.5,50,87.0,Realty,PANIC,-5,BLOCKED,STOPPED,2026-06-08,1591.34,Stop Loss Hit,-4.98,86.3,ELITE,OK
2026-06-02,14:43,EMA21_Bounce,21 EMA Bounce,NAVINFLUOR,BUY,7052.0,7052.0,6793.88,7439.18,7525.0,1.8,50,91.0,Chemicals,PANIC,-5,BLOCKED,STOPPED,2026-06-09,6793.88,Stop Loss Hit,-3.66,85.6,ELITE,OK
2026-06-02,14:43,EMA21_Bounce,21 EMA Bounce,NAM-INDIA,BUY,1089.9,1089.9,1045.47,1156.54,1200.97,2.5,50,100.0,Financial Services,PANIC,-5,BLOCKED,STOPPED,2026-06-03,1045.47,Stop Loss Hit,-4.08,85.0,ELITE,OK
2026-06-02,14:43,EMA21_Bounce,21 EMA Bounce,JSWSTEEL,BUY,1310.8,1310.8,1271.37,1369.95,1439.53,3.3,45,73.0,Metals & Mining,PANIC,-5,BLOCKED,STOPPED,2026-06-05,1271.37,Stop Loss Hit,-3.01,84.9,ELITE,OK
2026-06-02,14:43,EMA21_Bounce,21 EMA Bounce,SIEMENS,BUY,3729.7,3729.7,3562.23,3980.9,4148.37,2.5,50,84.0,Capital Goods,PANIC,-5,BLOCKED,STOPPED,2026-06-10,3562.23,Stop Loss Hit,-4.49,84.5,ELITE,OK
2026-06-02,14:43,EMA21_Bounce,21 EMA Bounce,APOLLOHOSP,BUY,8089.5,8089.5,7728.82,8630.52,8991.2,2.5,50,73.0,Healthcare,PANIC,-5,BLOCKED,EXPIRED,2026-06-18,8411.5,Expired (16d > 15d),3.98,80.9,ELITE,OK
2026-06-02,14:43,EMA21_Bounce,21 EMA Bounce,INDUSINDBK,BUY,912.5,912.5,880.21,960.94,993.23,2.5,50,56.0,Financial Services,PANIC,-5,BLOCKED,EXPIRED,2026-06-18,938.75,Expired (16d > 15d),2.88,78.7,STRONG,OK
2026-06-02,14:43,EMA21_Bounce,21 EMA Bounce,LT,BUY,4000.9,4000.9,3890.3,4166.8,4277.4,2.5,45,55.0,Construction,PANIC,-5,BLOCKED,STOPPED,2026-06-08,3890.3,Stop Loss Hit,-2.76,77.6,STRONG,OK
2026-06-02,14:43,EMA21_Bounce,21 EMA Bounce,FEDERALBNK,BUY,293.05,293.05,281.72,310.04,321.37,2.5,45,61.0,Financial Services,PANIC,-5,BLOCKED,TARGET,2026-06-09,310.04,Target 1 Hit,5.8,77.5,STRONG,OK
2026-06-02,14:43,EMA21_Bounce,21 EMA Bounce,KEI,BUY,5261.5,5261.5,4985.27,5675.84,6080.04,3.0,45,76.0,Capital Goods,PANIC,-5,BLOCKED,TARGET,2026-06-18,5675.84,Target 1 Hit,7.87,76.6,STRONG,OK
2026-06-02,14:43,EMA21_Bounce,21 EMA Bounce,EICHERMOT,BUY,7141.5,7141.5,6851.7,7576.2,7866.0,2.5,50,40.0,Automobile and Auto Components,PANIC,-5,BLOCKED,TARGET,2026-06-15,7576.2,Target 1 Hit,6.09,59.0,MODERATE,OK
2026-06-02,14:43,52WH_Breakout,52-Week High Breakout,NMDC,BUY,95.31,95.31,92.85,99.0,108.14,5.2,37,99.0,Metals & Mining,PANIC,-5,BLOCKED,STOPPED,2026-06-05,92.85,Stop Loss Hit,-2.58,53.0,MODERATE,OK
2026-06-02,14:43,Last30Min_ATH,Near 52W High (EOD),COALINDIA,BUY,472.15,472.15,463.3,485.42,491.25,2.2,33,85.0,Oil Gas & Consumable Fuels,PANIC,-5,BLOCKED,STOPPED,2026-06-09,463.3,Stop Loss Hit,-1.87,43.8,WEAK,OK
2026-06-02,14:43,Last30Min_ATH,Near 52W High (EOD),CGPOWER,BUY,907.7,907.7,883.05,944.68,1071.41,6.6,33,100.0,Capital Goods,PANIC,-5,BLOCKED,TARGET,2026-06-04,944.68,Target 1 Hit,4.07,43.0,WEAK,OK
2026-06-02,14:43,Last30Min_ATH,Near 52W High (EOD),NAM-INDIA,BUY,1089.9,1089.9,1061.6,1132.35,1160.65,2.5,33,100.0,Financial Services,PANIC,-5,BLOCKED,STOPPED,2026-06-03,1061.6,Stop Loss Hit,-2.6,42.0,WEAK,OK
2026-06-02,14:43,Last30Min_ATH,Near 52W High (EOD),APOLLOHOSP,BUY,8089.5,8089.5,7816.0,8499.75,8773.25,2.5,33,73.0,Healthcare,PANIC,-5,BLOCKED,TARGET,2026-06-09,8499.75,Target 1 Hit,5.07,37.9,WEAK,OK
2026-06-02,14:43,Failed_Breakout_Short,Failed Breakout Short,YESBANK,SHORT,22.83,22.83,23.95,21.15,20.03,2.5,72,86.0,Financial Services,PANIC,-5,IDEAL,STOPPED,2026-06-15,23.95,Stop Loss Hit,-4.91,70.9,STRONG,OK
2026-06-02,14:43,Failed_Breakout_Short,Failed Breakout Short,LAURUSLABS,SHORT,1382.6,1382.6,1406.74,1346.39,1322.25,2.5,77,100.0,Healthcare,PANIC,-5,IDEAL,STOPPED,2026-06-04,1406.74,Stop Loss Hit,-1.75,64.2,MODERATE,OK
2026-06-03,15:25,VCP,VCP (Minervini v2),ADANIPORTS,BUY,1803.8,1842.8,1735.58,2182.27,2731.57,8.0,42,100.0,Services,PANIC,-5,BLOCKED,EXPIRED,2026-06-29,1776.1,Expired (26d > 25d),-3.62,45.2,WEAK,OK
2026-06-03,15:25,VCP,VCP (Minervini v2),JSWSTEEL,BUY,1312.9,1328.0,1252.01,1467.36,1692.86,4.8,41,74.0,Metals & Mining,PANIC,-5,BLOCKED,STOPPED,2026-06-23,1252.01,Stop Loss Hit,-5.72,39.2,WEAK,OK
2026-06-03,15:25,EMA21_Bounce,21 EMA Bounce,GRASIM,BUY,3101.6,3101.6,3004.21,3247.68,3471.84,3.8,45,90.0,Construction Materials,PANIC,-5,BLOCKED,EXPIRED,2026-06-19,3149.5,Expired (16d > 15d),1.54,89.8,ELITE,OK
2026-06-03,15:25,EMA21_Bounce,21 EMA Bounce,APOLLOHOSP,BUY,8290.5,8290.5,8016.54,8701.44,9038.59,2.7,55,79.0,Healthcare,PANIC,-5,BLOCKED,EXPIRED,2026-06-19,8489.5,Expired (16d > 15d),2.4,83.3,ELITE,OK
2026-06-03,15:25,EMA21_Bounce,21 EMA Bounce,COALINDIA,BUY,472.3,472.3,456.46,496.06,511.9,2.5,45,88.0,Oil Gas & Consumable Fuels,PANIC,-5,BLOCKED,STOPPED,2026-06-10,456.46,Stop Loss Hit,-3.35,79.6,STRONG,OK
2026-06-03,15:25,EMA21_Bounce,21 EMA Bounce,TATASTEEL,BUY,211.89,211.89,205.03,222.18,229.04,2.5,45,67.0,Metals & Mining,PANIC,-5,BLOCKED,STOPPED,2026-06-05,205.03,Stop Loss Hit,-3.24,72.3,STRONG,OK
2026-06-03,15:25,52WH_Breakout,52-Week High Breakout,IDEA,BUY,14.85,14.85,14.21,15.81,19.0,6.5,37,100.0,Telecommunication,PANIC,-5,BLOCKED,STOPPED,2026-06-09,14.21,Stop Loss Hit,-4.31,52.2,MODERATE,OK
2026-06-03,15:25,Last30Min_ATH,Near 52W High (EOD),APOLLOHOSP,BUY,8290.5,8290.5,8109.5,8562.0,9038.59,4.1,35,79.0,Healthcare,PANIC,-5,BLOCKED,TARGET,2026-06-10,8562.0,Target 1 Hit,3.27,40.3,WEAK,OK
2026-06-03,15:25,Failed_Breakout_Short,Failed Breakout Short,TECHM,SHORT,1472.3,1472.3,1602.94,1276.34,1145.7,2.5,77,85.0,Information Technology,PANIC,-5,IDEAL,EXPIRED,2026-06-29,1433.8,Expired (26d > 25d),2.61,73.9,STRONG,OK
2026-06-03,15:25,Failed_Breakout_Short,Failed Breakout Short,PERSISTENT,SHORT,5097.5,5097.5,5665.75,4245.12,3676.87,2.5,77,85.0,Information Technology,PANIC,-5,IDEAL,EXPIRED,2026-06-29,4298.5,Expired (26d > 25d),15.67,70.9,STRONG,OK
2026-06-03,15:25,Failed_Breakout_Short,Failed Breakout Short,TATAELXSI,SHORT,4347.0,4347.0,4576.73,4002.41,3772.68,2.5,77,62.0,Information Technology,PANIC,-5,IDEAL,TARGET,2026-06-11,4002.41,Target 1 Hit,7.93,69.2,STRONG,OK
2026-06-03,15:25,Failed_Breakout_Short,Failed Breakout Short,TCS,SHORT,2241.7,2241.7,2477.88,1887.43,1651.25,2.5,75,40.0,Information Technology,PANIC,-5,IDEAL,EXPIRED,2026-06-29,2097.9,Expired (26d > 25d),6.41,67.5,STRONG,OK
2026-06-03,15:25,Failed_Breakout_Short,Failed Breakout Short,HCLTECH,SHORT,1179.0,1179.0,1265.4,1049.4,963.0,2.5,72,42.0,Information Technology,PANIC,-5,IDEAL,EXPIRED,2026-06-29,1102.4,Expired (26d > 25d),6.5,64.7,MODERATE,OK
2026-06-03,18:10,EMA21_Bounce,21 EMA Bounce,NIVABUPA,BUY,84.03,84.03,81.21,88.26,91.08,2.5,45,90.0,Financial Services,PANIC,-5,BLOCKED,STOPPED,2026-06-08,81.21,Stop Loss Hit,-3.36,89.8,ELITE,OK
2026-06-03,18:10,EMA21_Bounce,21 EMA Bounce,BELRISE,BUY,219.54,219.54,211.06,232.26,240.74,2.5,45,100.0,Automobile and Auto Components,PANIC,-5,BLOCKED,STOPPED,2026-06-08,211.06,Stop Loss Hit,-3.86,88.3,ELITE,OK
2026-06-03,18:10,EMA21_Bounce,21 EMA Bounce,ICICIAMC,BUY,3342.9,3342.9,3168.7,3604.2,3778.4,2.5,50,83.0,Financial Services,PANIC,-5,BLOCKED,EXPIRED,2026-06-19,3429.0,Expired (16d > 15d),2.58,85.7,ELITE,OK
2026-06-03,18:10,EMA21_Bounce,21 EMA Bounce,ZYDUSWELL,BUY,502.65,502.65,480.48,535.9,558.07,2.5,50,100.0,Fast Moving Consumer Goods,PANIC,-5,BLOCKED,EXPIRED,2026-06-19,512.35,Expired (16d > 15d),1.93,84.6,ELITE,OK
2026-06-03,18:10,EMA21_Bounce,21 EMA Bounce,ANANDRATHI,BUY,1785.2,1785.2,1698.63,1915.05,2001.62,2.5,50,94.0,Financial Services,PANIC,-5,BLOCKED,EXPIRED,2026-06-19,1867.5,Expired (16d > 15d),4.61,84.4,ELITE,OK
2026-06-03,18:10,EMA21_Bounce,21 EMA Bounce,SAILIFE,BUY,1137.7,1137.7,1082.85,1219.98,1274.83,2.5,50,95.0,Healthcare,PANIC,-5,BLOCKED,TARGET,2026-06-09,1219.98,Target 1 Hit,7.23,83.8,ELITE,OK
2026-06-03,18:10,EMA21_Bounce,21 EMA Bounce,ABSLAMC,BUY,1033.3,1033.3,984.46,1106.56,1155.4,2.5,50,98.0,Financial Services,PANIC,-5,BLOCKED,TARGET,2026-06-10,1106.56,Target 1 Hit,7.09,83.7,ELITE,OK
2026-06-03,18:10,EMA21_Bounce,21 EMA Bounce,OIL,BUY,490.95,490.95,480.35,506.85,517.4,2.5,45,68.0,Oil Gas & Consumable Fuels,PANIC,-5,BLOCKED,STOPPED,2026-06-08,480.35,Stop Loss Hit,-2.16,83.6,ELITE,OK
2026-06-03,18:10,EMA21_Bounce,21 EMA Bounce,PIRAMALFIN,BUY,1928.8,1928.8,1860.36,2031.46,2099.9,2.5,50,88.0,Financial Services,PANIC,-5,BLOCKED,TARGET,2026-06-05,2031.46,Target 1 Hit,5.32,82.5,ELITE,OK
2026-06-03,18:10,EMA21_Bounce,21 EMA Bounce,MAHABANK,BUY,79.7,79.7,77.22,83.42,85.9,2.5,50,88.0,Financial Services,PANIC,-5,BLOCKED,TARGET,2026-06-09,83.42,Target 1 Hit,4.67,77.4,STRONG,OK
2026-06-03,18:10,EMA21_Bounce,21 EMA Bounce,BHARATFORG,BUY,1936.5,1936.5,1871.16,2034.51,2044.0,1.6,50,72.0,Automobile and Auto Components,PANIC,-5,BLOCKED,TARGET,2026-06-15,2034.51,Target 1 Hit,5.06,73.9,STRONG,OK
2026-06-03,18:10,EMA21_Bounce,21 EMA Bounce,NYKAA,BUY,269.4,269.4,260.26,283.11,292.25,2.5,45,74.0,Consumer Services,PANIC,-5,BLOCKED,STOPPED,2026-06-08,260.26,Stop Loss Hit,-3.39,73.5,STRONG,OK
2026-06-03,18:10,EMA21_Bounce,21 EMA Bounce,BANKINDIA,BUY,139.92,139.92,132.99,150.31,157.24,2.5,50,34.0,Financial Services,PANIC,-5,BLOCKED,TARGET,2026-06-15,150.31,Target 1 Hit,7.43,63.1,MODERATE,OK
2026-06-03,18:10,52WH_Breakout,52-Week High Breakout,RRKABEL,BUY,2155.9,2155.9,2087.98,2696.4,3571.0,8.0,37,100.0,Capital Goods,PANIC,-5,BLOCKED,STOPPED,2026-06-11,2087.98,Stop Loss Hit,-3.15,49.5,WEAK,OK
2026-06-03,18:10,52WH_Breakout,52-Week High Breakout,J&KBANK,BUY,148.65,148.65,142.73,173.77,214.42,8.0,37,100.0,Financial Services,PANIC,-5,BLOCKED,EXPIRED,2026-06-29,159.64,Expired (26d > 25d),7.39,49.4,WEAK,OK
2026-06-03,18:10,52WH_Breakout,52-Week High Breakout,WELCORP,BUY,1413.6,1413.6,1374.99,1818.14,2472.74,8.0,32,100.0,Capital Goods,PANIC,-5,BLOCKED,STOPPED,2026-06-08,1374.99,Stop Loss Hit,-2.73,48.8,WEAK,OK
2026-06-03,18:10,52WH_Breakout,52-Week High Breakout,IFCI,BUY,80.42,80.42,70.65,95.07,101.44,2.2,42,100.0,Financial Services,PANIC,-5,BLOCKED,STOPPED,2026-06-11,70.65,Stop Loss Hit,-12.15,47.0,WEAK,OK
2026-06-03,18:10,52WH_Breakout,52-Week High Breakout,ATHERENERG,BUY,1022.05,1022.05,983.59,1079.74,1251.61,6.0,37,100.0,Automobile and Auto Components,PANIC,-5,BLOCKED,STOPPED,2026-06-04,983.59,Stop Loss Hit,-3.76,45.0,WEAK,OK
2026-06-03,18:10,52WH_Breakout,52-Week High Breakout,CPPLUS,BUY,3369.2,3369.2,3206.92,4494.76,6316.06,8.0,37,100.0,Capital Goods,PANIC,-5,BLOCKED,EXPIRED,2026-06-29,3714.0,Expired (26d > 25d),10.23,40.5,WEAK,OK
2026-06-03,18:10,52WH_Breakout,52-Week High Breakout,CHENNPETRO,BUY,1189.8,1189.8,1126.82,1284.27,1392.06,3.2,42,100.0,Oil Gas & Consumable Fuels,PANIC,-5,BLOCKED,STOPPED,2026-06-12,1126.82,Stop Loss Hit,-5.29,40.2,WEAK,OK
2026-06-03,18:10,Last30Min_ATH,Near 52W High (EOD),RRKABEL,BUY,2155.9,2155.9,2020.1,2696.4,3571.0,8.0,39,100.0,Capital Goods,PANIC,-5,BLOCKED,EXPIRED,2026-06-19,2321.1,Expired (16d > 15d),7.66,49.5,WEAK,OK
2026-06-03,18:10,Last30Min_ATH,Near 52W High (EOD),J&KBANK,BUY,148.65,148.65,141.92,173.77,214.42,8.0,39,100.0,Financial Services,PANIC,-5,BLOCKED,EXPIRED,2026-06-19,163.56,Expired (16d > 15d),10.03,49.4,WEAK,OK
2026-06-03,18:10,Last30Min_ATH,Near 52W High (EOD),WELCORP,BUY,1413.6,1413.6,1373.4,1818.14,2472.74,8.0,39,100.0,Capital Goods,PANIC,-5,BLOCKED,STOPPED,2026-06-08,1373.4,Stop Loss Hit,-2.84,48.8,WEAK,OK
2026-06-03,18:10,Last30Min_ATH,Near 52W High (EOD),SOLARINDS,BUY,18577.0,18577.0,18285.0,19015.0,22641.59,8.0,35,100.0,Chemicals,PANIC,-5,BLOCKED,STOPPED,2026-06-04,18285.0,Stop Loss Hit,-1.57,48.2,WEAK,OK
2026-06-03,18:10,Last30Min_ATH,Near 52W High (EOD),JINDALSAW,BUY,250.87,250.87,237.0,271.68,308.51,4.2,37,100.0,Capital Goods,PANIC,-5,BLOCKED,STOPPED,2026-06-08,237.0,Stop Loss Hit,-5.53,45.2,WEAK,OK
2026-06-03,18:10,Last30Min_ATH,Near 52W High (EOD),CPPLUS,BUY,3369.2,3369.2,3114.1,4494.76,6316.06,8.0,39,100.0,Capital Goods,PANIC,-5,BLOCKED,EXPIRED,2026-06-19,3637.8,Expired (16d > 15d),7.97,40.5,WEAK,OK
2026-06-03,18:10,Last30Min_ATH,Near 52W High (EOD),EMMVEE,BUY,327.7,327.7,311.05,352.67,415.54,5.3,35,100.0,Capital Goods,PANIC,-5,BLOCKED,EXPIRED,2026-06-19,332.1,Expired (16d > 15d),1.34,39.0,WEAK,OK
2026-06-03,18:10,Last30Min_ATH,Near 52W High (EOD),RBLBANK,BUY,348.2,348.2,337.05,364.92,385.77,3.4,35,89.0,Financial Services,PANIC,-5,BLOCKED,TARGET,2026-06-11,364.92,Target 1 Hit,4.8,38.2,WEAK,OK
2026-06-03,18:10,Failed_Breakout_Short,Failed Breakout Short,PTCIL,SHORT,18919.0,18919.0,20074.14,17186.29,16031.15,2.5,77,77.0,Capital Goods,PANIC,-5,IDEAL,TARGET,2026-06-29,17186.29,Target 1 Hit,9.16,76.5,STRONG,OK
2026-06-03,18:10,Failed_Breakout_Short,Failed Breakout Short,LTM,SHORT,4052.7,4052.7,4402.64,3527.79,3177.85,2.5,75,53.0,Information Technology,PANIC,-5,IDEAL,EXPIRED,2026-06-29,3686.1,Expired (26d > 25d),9.05,69.4,STRONG,OK
2026-06-03,18:10,Failed_Breakout_Short,Failed Breakout Short,COFORGE,SHORT,1420.9,1420.9,1571.39,1195.16,1044.67,2.5,77,100.0,Information Technology,PANIC,-5,IDEAL,EXPIRED,2026-06-29,1491.4,Expired (26d > 25d),-4.96,68.9,STRONG,OK
2026-06-03,18:10,Failed_Breakout_Short,Failed Breakout Short,MPHASIS,SHORT,2288.5,2288.5,2453.23,2041.4,1876.67,2.5,77,69.0,Information Technology,PANIC,-5,IDEAL,EXPIRED,2026-06-29,2207.8,Expired (26d > 25d),3.53,66.8,STRONG,OK
2026-06-04,13:53,EMA21_Bounce,21 EMA Bounce,SONACOMS,BUY,601.15,601.15,587.47,621.67,621.8,1.5,45,100.0,Automobile and Auto Components,PANIC,-6,BLOCKED,STOPPED,2026-06-08,587.47,Stop Loss Hit,-2.28,91.7,ELITE,OK
2026-06-04,13:53,EMA21_Bounce,21 EMA Bounce,STARHEALTH,BUY,526.25,526.25,514.19,544.34,556.4,2.5,45,93.0,Financial Services,PANIC,-6,BLOCKED,STOPPED,2026-06-08,514.19,Stop Loss Hit,-2.29,90.5,ELITE,OK
2026-06-04,13:53,EMA21_Bounce,21 EMA Bounce,BSE,BUY,4033.4,4033.4,3856.49,4298.9,4446.8,2.3,50,100.0,Financial Services,PANIC,-6,BLOCKED,STOPPED,2026-06-05,3856.49,Stop Loss Hit,-4.39,86.8,ELITE,OK
2026-06-04,13:53,EMA21_Bounce,21 EMA Bounce,BAJAJ-AUTO,BUY,10362.0,10362.0,10059.23,10816.16,11118.93,2.5,55,82.0,Automobile and Auto Components,PANIC,-6,BLOCKED,STOPPED,2026-06-12,10059.23,Stop Loss Hit,-2.92,86.3,ELITE,OK
2026-06-04,13:53,EMA21_Bounce,21 EMA Bounce,NAVINFLUOR,BUY,7090.5,7090.5,6910.71,7360.18,7525.0,2.4,50,97.0,Chemicals,PANIC,-6,BLOCKED,STOPPED,2026-06-08,6910.71,Stop Loss Hit,-2.54,86.0,ELITE,OK
2026-06-04,13:53,EMA21_Bounce,21 EMA Bounce,BIOCON,BUY,416.05,416.05,401.2,438.33,440.0,1.6,45,84.0,Healthcare,PANIC,-6,BLOCKED,EXPIRED,2026-06-22,421.1,Expired (18d > 15d),1.21,85.0,ELITE,OK
2026-06-04,13:53,EMA21_Bounce,21 EMA Bounce,AUROPHARMA,BUY,1463.6,1463.6,1412.86,1539.71,1550.0,1.7,45,100.0,Healthcare,PANIC,-6,BLOCKED,STOPPED,2026-06-15,1412.86,Stop Loss Hit,-3.47,84.7,ELITE,OK
2026-06-04,13:53,EMA21_Bounce,21 EMA Bounce,INDUSTOWER,BUY,430.45,430.45,420.17,445.87,456.15,2.5,50,59.0,Telecommunication,PANIC,-6,BLOCKED,STOPPED,2026-06-09,420.17,Stop Loss Hit,-2.39,83.6,ELITE,OK
2026-06-04,13:53,EMA21_Bounce,21 EMA Bounce,KEI,BUY,5296.0,5296.0,5106.11,5580.84,6135.86,4.4,45,77.0,Capital Goods,PANIC,-6,BLOCKED,TARGET,2026-06-17,5580.84,Target 1 Hit,5.38,75.1,STRONG,OK
2026-06-04,13:53,52WH_Breakout,52-Week High Breakout,NAM-INDIA,BUY,1129.1,1129.1,1106.14,1163.54,1334.77,8.0,37,100.0,Financial Services,PANIC,-6,BLOCKED,STOPPED,2026-06-05,1106.14,Stop Loss Hit,-2.03,48.9,WEAK,OK
2026-06-04,13:53,Last30Min_ATH,Near 52W High (EOD),BAJAJ-AUTO,BUY,10362.0,10362.0,10178.0,10638.0,10750.0,2.1,33,82.0,Automobile and Auto Components,PANIC,-6,BLOCKED,STOPPED,2026-06-08,10178.0,Stop Loss Hit,-1.78,43.3,WEAK,OK
2026-06-04,13:53,Failed_Breakout_Short,Failed Breakout Short,NMDC,SHORT,94.7,94.7,98.32,89.27,85.65,2.5,72,100.0,Metals & Mining,PANIC,-6,IDEAL,TARGET,2026-06-08,89.27,Target 1 Hit,5.73,68.9,STRONG,OK
2026-06-04,16:34,EMA21_Bounce,21 EMA Bounce,EMCURE,BUY,1745.2,1745.2,1662.6,1869.1,1951.7,2.5,50,100.0,Healthcare,PANIC,-6,BLOCKED,EXPIRED,2026-06-22,1791.0,Expired (18d > 15d),2.62,93.8,ELITE,OK
2026-06-04,16:34,EMA21_Bounce,21 EMA Bounce,GMDCLTD,BUY,676.85,676.85,656.91,708.2,746.45,3.5,50,100.0,Metals & Mining,PANIC,-6,BLOCKED,STOPPED,2026-06-05,656.91,Stop Loss Hit,-2.95,90.5,ELITE,OK
2026-06-04,16:34,EMA21_Bounce,21 EMA Bounce,PWL,BUY,106.46,106.46,86.73,136.05,155.78,2.5,50,100.0,Consumer Services,PANIC,-6,BLOCKED,EXPIRED,2026-06-22,126.16,Expired (18d > 15d),18.5,90.0,ELITE,OK
2026-06-04,16:34,EMA21_Bounce,21 EMA Bounce,IGIL,BUY,362.0,362.0,347.5,383.75,384.95,1.6,45,88.0,Services,PANIC,-6,BLOCKED,EXPIRED,2026-06-22,358.55,Expired (18d > 15d),-0.95,88.6,ELITE,OK
2026-06-04,16:34,EMA21_Bounce,21 EMA Bounce,ONESOURCE,BUY,1837.9,1837.9,1766.47,1945.04,2016.47,2.5,50,100.0,Healthcare,PANIC,-6,BLOCKED,STOPPED,2026-06-08,1766.47,Stop Loss Hit,-3.89,87.5,ELITE,OK
2026-06-04,16:34,EMA21_Bounce,21 EMA Bounce,CARBORUNIV,BUY,1028.6,1028.6,989.0,1088.0,1166.4,3.5,45,100.0,Capital Goods,PANIC,-6,BLOCKED,TARGET,2026-06-17,1088.0,Target 1 Hit,5.77,85.5,ELITE,OK
2026-06-04,16:34,EMA21_Bounce,21 EMA Bounce,RADICO,BUY,3502.4,3502.4,3401.47,3653.8,3679.0,1.7,50,100.0,Fast Moving Consumer Goods,PANIC,-6,BLOCKED,TARGET,2026-06-18,3653.8,Target 1 Hit,4.32,85.5,ELITE,OK
2026-06-04,16:34,EMA21_Bounce,21 EMA Bounce,ABSLAMC,BUY,1034.2,1034.2,1005.47,1077.3,1082.25,1.7,50,100.0,Financial Services,PANIC,-6,BLOCKED,TARGET,2026-06-10,1077.3,Target 1 Hit,4.17,83.3,ELITE,OK
2026-06-04,16:34,EMA21_Bounce,21 EMA Bounce,PIRAMALFIN,BUY,1965.4,1965.4,1890.05,2078.43,2153.78,2.5,45,84.0,Financial Services,PANIC,-6,BLOCKED,TARGET,2026-06-15,2078.43,Target 1 Hit,5.75,83.3,ELITE,OK
2026-06-04,16:34,EMA21_Bounce,21 EMA Bounce,ASTERDM,BUY,738.05,738.05,715.49,771.89,794.45,2.5,45,92.0,Healthcare,PANIC,-6,BLOCKED,TARGET,2026-06-08,771.89,Target 1 Hit,4.59,80.5,ELITE,OK
2026-06-04,16:34,EMA21_Bounce,21 EMA Bounce,ENGINERSIN,BUY,237.67,237.67,219.63,264.73,282.77,2.5,45,100.0,Construction,PANIC,-6,BLOCKED,EXPIRED,2026-06-22,258.5,Expired (18d > 15d),8.76,79.2,STRONG,OK
2026-06-04,16:34,EMA21_Bounce,21 EMA Bounce,KIMS,BUY,764.9,764.9,711.74,844.64,897.8,2.5,50,81.0,Healthcare,PANIC,-6,BLOCKED,EXPIRED,2026-06-22,806.15,Expired (18d > 15d),5.39,79.1,STRONG,OK
2026-06-04,16:34,EMA21_Bounce,21 EMA Bounce,TIINDIA,BUY,3098.4,3098.4,2976.38,3281.43,3403.45,2.5,45,88.0,Automobile and Auto Components,PANIC,-6,BLOCKED,STOPPED,2026-06-11,2976.38,Stop Loss Hit,-3.94,79.1,STRONG,OK
2026-06-04,16:34,EMA21_Bounce,21 EMA Bounce,BHARATFORG,BUY,1937.5,1937.5,1892.46,2005.06,2044.0,2.4,50,74.0,Automobile and Auto Components,PANIC,-6,BLOCKED,STOPPED,2026-06-08,1892.46,Stop Loss Hit,-2.32,77.4,STRONG,OK
2026-06-04,16:34,EMA21_Bounce,21 EMA Bounce,LENSKART,BUY,513.05,513.05,501.35,532.5,533.2,1.7,45,60.0,Consumer Services,PANIC,-6,BLOCKED,STOPPED,2026-06-05,501.35,Stop Loss Hit,-2.28,77.1,STRONG,OK
2026-06-04,16:34,EMA21_Bounce,21 EMA Bounce,ANURAS,BUY,1348.2,1348.2,1302.83,1416.26,1461.63,2.5,45,85.0,Chemicals,PANIC,-6,BLOCKED,STOPPED,2026-06-08,1302.83,Stop Loss Hit,-3.37,76.9,STRONG,OK
2026-06-04,16:34,EMA21_Bounce,21 EMA Bounce,MAHABANK,BUY,79.9,79.9,78.0,82.75,84.65,2.5,45,98.0,Financial Services,PANIC,-6,BLOCKED,STOPPED,2026-06-08,78.0,Stop Loss Hit,-2.38,76.9,STRONG,OK
2026-06-04,16:34,EMA21_Bounce,21 EMA Bounce,TIMKEN,BUY,3571.3,3571.3,3440.74,3767.14,3897.7,2.5,50,85.0,Capital Goods,PANIC,-6,BLOCKED,TARGET,2026-06-22,3767.14,Target 1 Hit,5.48,76.8,STRONG,OK
2026-06-04,16:34,52WH_Breakout,52-Week High Breakout,USHAMART,BUY,519.8,519.8,509.45,535.32,606.2,8.0,32,100.0,Capital Goods,PANIC,-6,BLOCKED,STOPPED,2026-06-05,509.45,Stop Loss Hit,-1.99,48.2,WEAK,OK
2026-06-04,16:34,52WH_Breakout,52-Week High Breakout,RRKABEL,BUY,2223.0,2223.0,2126.39,2804.97,3746.67,8.0,37,100.0,Capital Goods,PANIC,-6,BLOCKED,STOPPED,2026-06-08,2126.39,Stop Loss Hit,-4.35,48.0,WEAK,OK
2026-06-04,16:34,52WH_Breakout,52-Week High Breakout,CEMPRO,BUY,1127.3,1127.3,1062.77,1512.93,2136.93,8.0,37,100.0,Construction,PANIC,-6,BLOCKED,EXPIRED,2026-06-30,1298.7,Expired (26d > 25d),15.2,46.5,WEAK,OK
2026-06-04,16:34,52WH_Breakout,52-Week High Breakout,JINDALSAW,BUY,260.0,260.0,247.81,278.28,323.28,5.2,37,100.0,Capital Goods,PANIC,-6,BLOCKED,STOPPED,2026-06-08,247.81,Stop Loss Hit,-4.69,45.3,WEAK,OK
2026-06-04,16:34,52WH_Breakout,52-Week High Breakout,IFCI,BUY,81.98,81.98,80.26,84.56,103.97,8.0,42,100.0,Financial Services,PANIC,-6,BLOCKED,STOPPED,2026-06-05,80.26,Stop Loss Hit,-2.1,44.0,WEAK,OK
2026-06-04,16:34,52WH_Breakout,52-Week High Breakout,ACMESOLAR,BUY,345.85,345.85,331.18,425.89,555.4,8.0,37,100.0,Power,PANIC,-6,BLOCKED,STOPPED,2026-06-17,331.18,Stop Loss Hit,-4.24,40.6,WEAK,OK
2026-06-04,16:34,52WH_Breakout,52-Week High Breakout,CPPLUS,BUY,3537.6,3537.6,3296.11,4767.23,6756.93,8.0,37,100.0,Capital Goods,PANIC,-6,BLOCKED,STOPPED,2026-06-11,3296.11,Stop Loss Hit,-6.83,40.5,WEAK,OK
2026-06-04,16:34,Last30Min_ATH,Near 52W High (EOD),EMCURE,BUY,1745.2,1745.2,1686.1,1833.85,1892.95,2.5,33,100.0,Healthcare,PANIC,-6,BLOCKED,STOPPED,2026-06-11,1686.1,Stop Loss Hit,-3.39,50.8,MODERATE,OK
2026-06-04,16:34,Last30Min_ATH,Near 52W High (EOD),TATATECH,BUY,748.35,748.35,720.0,790.88,897.26,5.3,33,100.0,Information Technology,PANIC,-6,BLOCKED,STOPPED,2026-06-11,720.0,Stop Loss Hit,-3.79,50.0,MODERATE,OK
2026-06-04,16:34,Last30Min_ATH,Near 52W High (EOD),RRKABEL,BUY,2223.0,2223.0,2116.1,2804.97,3746.67,8.0,39,100.0,Capital Goods,PANIC,-6,BLOCKED,STOPPED,2026-06-08,2116.1,Stop Loss Hit,-4.81,48.0,WEAK,OK
2026-06-04,16:34,Last30Min_ATH,Near 52W High (EOD),HSCL,BUY,642.0,642.0,602.0,702.0,778.93,3.4,39,100.0,Chemicals,PANIC,-6,BLOCKED,TARGET,2026-06-10,702.0,Target 1 Hit,9.35,47.2,WEAK,OK
2026-06-04,16:34,Last30Min_ATH,Near 52W High (EOD),CEMPRO,BUY,1127.3,1127.3,1016.7,1512.93,2136.93,8.0,39,100.0,Construction,PANIC,-6,BLOCKED,EXPIRED,2026-06-22,1273.2,Expired (18d > 15d),12.94,46.5,WEAK,OK
2026-06-04,16:34,Last30Min_ATH,Near 52W High (EOD),APARINDS,BUY,13709.0,13709.0,13428.0,14130.5,16708.15,8.0,33,100.0,Capital Goods,PANIC,-6,BLOCKED,TARGET,2026-06-05,14130.5,Target 1 Hit,3.07,43.5,WEAK,OK
2026-06-04,16:34,Last30Min_ATH,Near 52W High (EOD),RBLBANK,BUY,353.75,353.75,345.35,394.75,461.1,8.0,35,95.0,Financial Services,PANIC,-6,BLOCKED,STOPPED,2026-06-08,345.35,Stop Loss Hit,-2.37,43.4,WEAK,OK
2026-06-04,16:34,Last30Min_ATH,Near 52W High (EOD),ACMESOLAR,BUY,345.85,345.85,325.1,425.89,555.4,8.0,39,100.0,Power,PANIC,-6,BLOCKED,EXPIRED,2026-06-22,349.85,Expired (18d > 15d),1.16,40.6,WEAK,OK
2026-06-04,16:34,Last30Min_ATH,Near 52W High (EOD),CPPLUS,BUY,3537.6,3537.6,3246.1,4767.23,6756.93,8.0,39,100.0,Capital Goods,PANIC,-6,BLOCKED,EXPIRED,2026-06-22,3631.6,Expired (18d > 15d),2.66,40.5,WEAK,OK
2026-06-04,16:34,Last30Min_ATH,Near 52W High (EOD),VTL,BUY,631.6,631.6,612.9,659.65,707.64,4.1,33,99.0,Textiles,PANIC,-6,BLOCKED,STOPPED,2026-06-10,612.9,Stop Loss Hit,-2.96,39.0,WEAK,OK
2026-06-04,16:34,Last30Min_ATH,Near 52W High (EOD),NETWEB,BUY,4934.2,4934.2,4665.0,6110.93,8015.03,8.0,35,100.0,Information Technology,PANIC,-6,BLOCKED,STOPPED,2026-06-05,4665.0,Stop Loss Hit,-5.46,37.5,WEAK,OK
2026-06-04,16:34,Last30Min_ATH,Near 52W High (EOD),KIMS,BUY,764.9,764.9,725.4,824.15,863.65,2.5,33,81.0,Healthcare,PANIC,-6,BLOCKED,EXPIRED,2026-06-22,806.15,Expired (18d > 15d),5.39,36.1,WEAK,OK
2026-06-04,16:34,Last30Min_ATH,Near 52W High (EOD),IPCALAB,BUY,1614.0,1614.0,1538.1,1727.85,1737.6,1.6,33,83.0,Healthcare,PANIC,-6,BLOCKED,STOPPED,2026-06-17,1538.1,Stop Loss Hit,-4.7,33.2,WEAK,OK
2026-06-04,16:34,Failed_Breakout_Short,Failed Breakout Short,NEWGEN,SHORT,496.55,496.55,544.44,424.71,376.82,2.5,72,72.0,Information Technology,PANIC,-6,IDEAL,EXPIRED,2026-06-30,471.55,Expired (26d > 25d),5.03,74.1,STRONG,OK
2026-06-04,16:34,Failed_Breakout_Short,Failed Breakout Short,ATHERENERG,SHORT,988.15,988.15,1059.64,880.91,809.42,2.5,72,100.0,Automobile and Auto Components,PANIC,-6,IDEAL,STOPPED,2026-06-08,1059.64,Stop Loss Hit,-7.23,65.9,STRONG,OK
2026-06-04,16:34,Failed_Breakout_Short,Failed Breakout Short,THELEELA,SHORT,417.9,417.9,432.64,395.79,381.05,2.5,75,53.0,Consumer Services,PANIC,-6,IDEAL,STOPPED,2026-06-15,432.64,Stop Loss Hit,-3.53,62.4,MODERATE,OK
2026-06-05,13:48,VCP,VCP (Minervini v2),ADANIPORTS,BUY,1824.2,1842.8,1735.58,2182.27,2731.57,8.0,44,100.0,Services,PANIC,-6,BLOCKED,EXPIRED,2026-07-01,1848.2,Expired (26d > 25d),0.29,46.8,WEAK,OK
2026-06-05,13:48,EMA21_Bounce,21 EMA Bounce,ABCAPITAL,BUY,357.5,357.5,348.14,371.54,380.9,2.5,50,80.0,Financial Services,PANIC,-6,BLOCKED,STOPPED,2026-06-08,348.14,Stop Loss Hit,-2.62,87.7,ELITE,OK
2026-06-05,13:48,EMA21_Bounce,21 EMA Bounce,ADANIPOWER,BUY,232.6,232.6,224.62,254.2,291.37,7.4,45,100.0,Power,PANIC,-6,BLOCKED,STOPPED,2026-06-08,224.62,Stop Loss Hit,-3.43,85.5,ELITE,OK
2026-06-05,13:48,EMA21_Bounce,21 EMA Bounce,TORNTPHARM,BUY,4420.9,4420.9,4260.42,4661.62,4822.1,2.5,50,66.0,Healthcare,PANIC,-6,BLOCKED,TARGET,2026-06-12,4661.62,Target 1 Hit,5.45,68.8,STRONG,OK
2026-06-05,13:48,52WH_Breakout,52-Week High Breakout,ADANIENT,BUY,3048.2,3048.2,2985.97,3848.63,5143.83,8.0,37,100.0,Metals & Mining,PANIC,-6,BLOCKED,STOPPED,2026-06-08,2985.97,Stop Loss Hit,-2.04,52.2,MODERATE,OK
2026-06-05,13:48,Last30Min_ATH,Near 52W High (EOD),ADANIENT,BUY,3048.2,3048.2,2921.8,3848.63,5143.83,8.0,39,100.0,Metals & Mining,PANIC,-6,BLOCKED,STOPPED,2026-06-10,2921.8,Stop Loss Hit,-4.15,52.2,MODERATE,OK
2026-06-05,13:48,Last30Min_ATH,Near 52W High (EOD),YESBANK,BUY,23.3,23.3,22.72,24.17,24.3,1.7,33,92.0,Financial Services,PANIC,-6,BLOCKED,STOPPED,2026-06-10,22.72,Stop Loss Hit,-2.49,50.8,MODERATE,OK
2026-06-05,13:48,Last30Min_ATH,Near 52W High (EOD),ADANIGREEN,BUY,1525.7,1525.7,1430.1,1973.32,2697.62,8.0,39,100.0,Power,PANIC,-6,BLOCKED,EXPIRED,2026-06-22,1549.9,Expired (17d > 15d),1.59,48.8,WEAK,OK
2026-06-05,13:48,Failed_Breakout_Short,Failed Breakout Short,CGPOWER,SHORT,937.85,937.85,960.44,903.96,881.37,2.5,77,100.0,Capital Goods,PANIC,-6,IDEAL,TARGET,2026-06-08,903.96,Target 1 Hit,3.61,65.9,STRONG,OK
2026-06-05,16:15,EMA21_Bounce,21 EMA Bounce,GROWW,BUY,196.09,196.09,186.69,210.19,214.36,1.9,45,100.0,Financial Services,PANIC,-6,BLOCKED,EXPIRED,2026-06-22,197.63,Expired (17d > 15d),0.79,92.8,ELITE,OK
2026-06-05,16:15,EMA21_Bounce,21 EMA Bounce,IGIL,BUY,368.4,368.4,351.69,393.46,410.17,2.5,45,85.0,Services,PANIC,-6,BLOCKED,STOPPED,2026-06-11,351.69,Stop Loss Hit,-4.54,91.0,ELITE,OK
2026-06-05,16:15,EMA21_Bounce,21 EMA Bounce,NIVABUPA,BUY,82.42,82.42,80.69,85.25,86.46,2.3,50,89.0,Financial Services,PANIC,-6,BLOCKED,TARGET,2026-06-10,85.25,Target 1 Hit,3.43,89.8,ELITE,OK
2026-06-05,16:15,EMA21_Bounce,21 EMA Bounce,PIRAMALFIN,BUY,1977.4,1977.4,1909.28,2079.58,2147.7,2.5,50,81.0,Financial Services,PANIC,-6,BLOCKED,STOPPED,2026-06-11,1909.28,Stop Loss Hit,-3.44,85.7,ELITE,OK
2026-06-05,16:15,EMA21_Bounce,21 EMA Bounce,ZYDUSWELL,BUY,504.6,504.6,484.12,535.32,555.8,2.5,50,100.0,Fast Moving Consumer Goods,PANIC,-6,BLOCKED,TARGET,2026-06-09,535.32,Target 1 Hit,6.09,82.5,ELITE,OK
2026-06-05,16:15,EMA21_Bounce,21 EMA Bounce,ABSLAMC,BUY,1048.8,1048.8,1012.36,1103.46,1139.9,2.5,45,97.0,Financial Services,PANIC,-6,BLOCKED,TARGET,2026-06-10,1103.46,Target 1 Hit,5.21,81.6,ELITE,OK
2026-06-05,16:15,EMA21_Bounce,21 EMA Bounce,TIMKEN,BUY,3643.6,3643.6,3521.98,3826.03,4036.4,3.2,45,79.0,Capital Goods,PANIC,-6,BLOCKED,STOPPED,2026-06-09,3521.98,Stop Loss Hit,-3.34,81.2,ELITE,OK
2026-06-05,16:15,EMA21_Bounce,21 EMA Bounce,ASTERDM,BUY,754.0,754.0,726.22,795.67,823.45,2.5,50,93.0,Healthcare,PANIC,-6,BLOCKED,TARGET,2026-06-09,795.67,Target 1 Hit,5.53,80.8,ELITE,OK
2026-06-05,16:15,EMA21_Bounce,21 EMA Bounce,GICRE,BUY,392.95,392.95,382.27,408.97,419.65,2.5,50,76.0,Financial Services,PANIC,-6,BLOCKED,STOPPED,2026-06-10,382.27,Stop Loss Hit,-2.72,79.9,STRONG,OK
2026-06-05,16:15,EMA21_Bounce,21 EMA Bounce,FINCABLES,BUY,1057.5,1057.5,985.41,1165.64,1172.8,1.6,50,92.0,Capital Goods,PANIC,-6,BLOCKED,STOPPED,2026-06-11,985.41,Stop Loss Hit,-6.82,78.7,STRONG,OK
2026-06-05,16:15,EMA21_Bounce,21 EMA Bounce,AMBER,BUY,7822.0,7822.0,7461.3,8363.05,8723.75,2.5,45,62.0,Consumer Durables,PANIC,-6,BLOCKED,STOPPED,2026-06-11,7461.3,Stop Loss Hit,-4.61,73.5,STRONG,OK
2026-06-05,16:15,EMA21_Bounce,21 EMA Bounce,BHARATFORG,BUY,1929.8,1929.8,1894.23,1983.15,2018.72,2.5,50,65.0,Automobile and Auto Components,PANIC,-6,BLOCKED,STOPPED,2026-06-08,1894.23,Stop Loss Hit,-1.84,72.8,STRONG,OK
2026-06-05,16:15,EMA21_Bounce,21 EMA Bounce,BANKINDIA,BUY,141.46,141.46,137.32,147.67,151.81,2.5,45,40.0,Financial Services,PANIC,-6,BLOCKED,TARGET,2026-06-09,147.67,Target 1 Hit,4.39,72.7,STRONG,OK
2026-06-05,16:15,EMA21_Bounce,21 EMA Bounce,JBCHEPHARM,BUY,2169.3,2169.3,2096.02,2279.22,2352.5,2.5,50,72.0,Healthcare,PANIC,-6,BLOCKED,TARGET,2026-06-12,2279.22,Target 1 Hit,5.07,70.9,STRONG,OK
2026-06-05,16:15,52WH_Breakout,52-Week High Breakout,ACUTAAS,BUY,3328.3,3328.3,3128.43,4110.87,5377.17,8.0,37,100.0,Healthcare,PANIC,-6,BLOCKED,STOPPED,2026-06-11,3128.43,Stop Loss Hit,-6.01,48.0,WEAK,OK
2026-06-05,16:15,52WH_Breakout,52-Week High Breakout,HSCL,BUY,685.05,685.05,631.13,765.93,848.59,3.0,37,100.0,Chemicals,PANIC,-6,BLOCKED,STOPPED,2026-06-24,631.13,Stop Loss Hit,-7.87,48.0,WEAK,OK
2026-06-05,16:15,52WH_Breakout,52-Week High Breakout,ACMESOLAR,BUY,356.65,356.65,340.48,443.36,583.67,8.0,37,100.0,Power,PANIC,-6,BLOCKED,STOPPED,2026-06-10,340.48,Stop Loss Hit,-4.53,42.1,WEAK,OK
2026-06-05,16:15,Last30Min_ATH,Near 52W High (EOD),TATATECH,BUY,771.2,771.2,750.0,803.0,934.23,7.7,39,100.0,Information Technology,PANIC,-6,BLOCKED,STOPPED,2026-06-09,750.0,Stop Loss Hit,-2.75,51.5,MODERATE,OK
2026-06-05,16:15,Last30Min_ATH,Near 52W High (EOD),ACUTAAS,BUY,3328.3,3328.3,3161.7,4110.87,5377.17,8.0,39,100.0,Healthcare,PANIC,-6,BLOCKED,STOPPED,2026-06-10,3161.7,Stop Loss Hit,-5.01,48.0,WEAK,OK
2026-06-05,16:15,Last30Min_ATH,Near 52W High (EOD),ADANIENSOL,BUY,1579.0,1579.0,1527.0,1996.68,2672.53,8.0,35,100.0,Power,PANIC,-6,BLOCKED,STOPPED,2026-06-10,1527.0,Stop Loss Hit,-3.29,45.8,WEAK,OK
2026-06-05,16:15,Last30Min_ATH,Near 52W High (EOD),EMMVEE,BUY,334.35,334.35,325.0,348.38,420.18,8.0,33,100.0,Capital Goods,PANIC,-6,BLOCKED,STOPPED,2026-06-08,325.0,Stop Loss Hit,-2.8,43.0,WEAK,OK
2026-06-05,16:15,Last30Min_ATH,Near 52W High (EOD),ACMESOLAR,BUY,356.65,356.65,339.85,443.36,583.67,8.0,39,100.0,Power,PANIC,-6,BLOCKED,STOPPED,2026-06-10,339.85,Stop Loss Hit,-4.71,42.1,WEAK,OK
2026-06-05,16:15,Failed_Breakout_Short,Failed Breakout Short,IFCI,SHORT,79.6,79.6,84.47,72.29,67.42,2.5,77,100.0,Financial Services,PANIC,-6,IDEAL,TARGET,2026-06-10,72.29,Target 1 Hit,9.18,73.9,STRONG,OK
2026-06-05,16:15,Failed_Breakout_Short,Failed Breakout Short,MMTC,SHORT,68.03,68.03,72.04,62.01,58.0,2.5,77,100.0,Services,PANIC,-6,IDEAL,STOPPED,2026-06-15,72.04,Stop Loss Hit,-5.89,68.9,STRONG,OK
2026-06-05,16:15,Failed_Breakout_Short,Failed Breakout Short,TEJASNET,SHORT,576.2,576.2,638.5,482.75,420.45,2.5,77,96.0,Telecommunication,PANIC,-6,IDEAL,STOPPED,2026-06-19,638.5,Stop Loss Hit,-10.81,67.9,STRONG,OK
2026-06-05,16:15,Failed_Breakout_Short,Failed Breakout Short,JINDALSAW,SHORT,250.57,250.57,270.52,220.64,200.69,2.5,77,100.0,Capital Goods,PANIC,-6,IDEAL,EXPIRED,2026-07-01,260.25,Expired (26d > 25d),-3.86,64.3,MODERATE,OK
2026-06-05,16:15,Failed_Breakout_Short,Failed Breakout Short,RBLBANK,SHORT,351.35,351.35,359.64,338.92,330.63,2.5,77,89.0,Financial Services,PANIC,-6,IDEAL,STOPPED,2026-06-09,359.64,Stop Loss Hit,-2.36,63.3,MODERATE,OK
2026-06-08,14:43,VCP,VCP (Minervini v2),ADANIPORTS,BUY,1805.0,1842.8,1735.58,2182.27,2731.57,8.0,44,100.0,Services,PANIC,-7,BLOCKED,EXPIRED,2026-07-06,1864.4,Expired (28d > 25d),1.17,46.5,WEAK,OK
2026-06-08,14:43,EMA21_Bounce,21 EMA Bounce,METROPOLIS,BUY,529.65,529.65,510.57,558.27,565.0,1.9,50,98.0,Pharma,PANIC,-7,BLOCKED,TARGET,2026-06-17,558.27,Target 1 Hit,5.4,89.8,ELITE,OK
2026-06-08,14:43,EMA21_Bounce,21 EMA Bounce,APOLLOHOSP,BUY,8358.5,8358.5,8062.76,8802.11,9097.85,2.5,45,78.0,Healthcare,PANIC,-7,BLOCKED,EXPIRED,2026-06-24,8573.5,Expired (16d > 15d),2.57,81.1,ELITE,OK
2026-06-08,14:43,EMA21_Bounce,21 EMA Bounce,TORNTPHARM,BUY,4410.4,4410.4,4286.41,4596.38,4720.37,2.5,50,66.0,Healthcare,PANIC,-7,BLOCKED,TARGET,2026-06-11,4596.38,Target 1 Hit,4.22,69.9,STRONG,OK
2026-06-08,14:43,Failed_Breakout_Short,Failed Breakout Short,NAM-INDIA,SHORT,1055.2,1055.2,1156.49,903.27,801.98,2.5,72,100.0,Financial Services,PANIC,-7,IDEAL,STOPPED,2026-06-16,1156.49,Stop Loss Hit,-9.6,68.5,STRONG,OK
2026-06-08,14:43,Failed_Breakout_Short,Failed Breakout Short,CGPOWER,SHORT,903.4,903.4,960.91,817.14,759.63,2.5,77,100.0,Capital Goods,PANIC,-7,IDEAL,STOPPED,2026-06-17,960.91,Stop Loss Hit,-6.37,63.9,MODERATE,OK
2026-06-08,14:43,Failed_Breakout_Short,Failed Breakout Short,LAURUSLABS,SHORT,1404.7,1404.7,1465.88,1312.93,1251.75,2.5,72,100.0,Healthcare,PANIC,-7,IDEAL,STOPPED,2026-06-23,1465.88,Stop Loss Hit,-4.36,63.9,MODERATE,OK
2026-06-08,14:43,Failed_Breakout_Short,Failed Breakout Short,CANBK,SHORT,131.91,131.91,137.57,123.42,117.76,2.5,72,42.0,Financial Services,PANIC,-7,IDEAL,STOPPED,2026-06-09,137.57,Stop Loss Hit,-4.29,53.8,MODERATE,OK
2026-06-08,16:58,VCP,VCP (Minervini v2),WELSPUNLIV,BUY,142.39,146.0,136.61,160.08,170.04,2.6,45,98.0,Textiles,PANIC,-7,BLOCKED,STOPPED,2026-06-11,136.61,Stop Loss Hit,-6.43,47.5,WEAK,OK
2026-06-08,16:58,EMA21_Bounce,21 EMA Bounce,VBL,BUY,522.15,522.15,505.05,547.8,564.9,2.5,50,95.0,Fast Moving Consumer Goods,PANIC,-7,BLOCKED,TARGET,2026-06-17,547.8,Target 1 Hit,4.91,91.1,ELITE,OK
2026-06-08,16:58,EMA21_Bounce,21 EMA Bounce,WELSPUNLIV,BUY,142.39,142.39,136.07,151.87,158.19,2.5,50,98.0,Textiles,PANIC,-7,BLOCKED,STOPPED,2026-06-11,136.07,Stop Loss Hit,-4.44,90.5,ELITE,OK
2026-06-08,16:58,EMA21_Bounce,21 EMA Bounce,CARBORUNIV,BUY,1054.5,1054.5,1003.88,1130.43,1166.4,2.2,45,100.0,Capital Goods,PANIC,-7,BLOCKED,STOPPED,2026-06-10,1003.88,Stop Loss Hit,-4.8,85.5,ELITE,OK
2026-06-08,16:58,EMA21_Bounce,21 EMA Bounce,RADICO,BUY,3484.9,3484.9,3382.46,3638.56,3741.0,2.5,45,100.0,Fast Moving Consumer Goods,PANIC,-7,BLOCKED,TARGET,2026-06-15,3638.56,Target 1 Hit,4.41,85.5,ELITE,OK
2026-06-08,16:58,EMA21_Bounce,21 EMA Bounce,BELRISE,BUY,215.72,215.72,207.12,228.62,237.22,2.5,45,80.0,Automobile and Auto Components,PANIC,-7,BLOCKED,TARGET,2026-06-09,228.62,Target 1 Hit,5.98,84.8,ELITE,OK
2026-06-08,16:58,EMA21_Bounce,21 EMA Bounce,NEULANDLAB,BUY,16964.0,16964.0,16144.5,18193.25,19012.75,2.5,50,100.0,Healthcare,PANIC,-7,BLOCKED,TARGET,2026-06-23,18193.25,Target 1 Hit,7.25,84.8,ELITE,OK
2026-06-08,16:58,EMA21_Bounce,21 EMA Bounce,ABSLAMC,BUY,1044.2,1044.2,1008.33,1098.01,1133.88,2.5,50,87.0,Financial Services,PANIC,-7,BLOCKED,TARGET,2026-06-10,1098.01,Target 1 Hit,5.15,82.8,ELITE,OK
2026-06-08,16:58,EMA21_Bounce,21 EMA Bounce,ANTHEM,BUY,773.1,773.1,738.41,825.14,859.83,2.5,45,94.0,Healthcare,PANIC,-7,BLOCKED,EXPIRED,2026-06-24,769.1,Expired (16d > 15d),-0.52,82.5,ELITE,OK
2026-06-08,16:58,EMA21_Bounce,21 EMA Bounce,MAHABANK,BUY,79.61,79.61,76.87,83.72,86.46,2.5,50,92.0,Financial Services,PANIC,-7,BLOCKED,TARGET,2026-06-09,83.72,Target 1 Hit,5.16,80.9,ELITE,OK
2026-06-08,16:58,EMA21_Bounce,21 EMA Bounce,ENGINERSIN,BUY,239.37,239.37,227.07,257.82,270.12,2.5,50,95.0,Construction,PANIC,-7,BLOCKED,STOPPED,2026-06-11,227.07,Stop Loss Hit,-5.14,79.3,STRONG,OK
2026-06-08,16:58,EMA21_Bounce,21 EMA Bounce,BANKINDIA,BUY,140.08,140.08,137.3,144.25,147.03,2.5,45,42.0,Financial Services,PANIC,-7,BLOCKED,TARGET,2026-06-09,144.25,Target 1 Hit,2.98,74.7,STRONG,OK
2026-06-08,16:58,EMA21_Bounce,21 EMA Bounce,JBCHEPHARM,BUY,2172.8,2172.8,2101.92,2279.12,2350.0,2.5,50,74.0,Healthcare,PANIC,-7,BLOCKED,TARGET,2026-06-12,2279.12,Target 1 Hit,4.89,73.3,STRONG,OK
2026-06-08,16:58,EMA21_Bounce,21 EMA Bounce,AMBER,BUY,7750.0,7750.0,7478.59,8157.12,8277.5,1.9,45,58.0,Consumer Durables,PANIC,-7,BLOCKED,STOPPED,2026-06-11,7478.59,Stop Loss Hit,-3.5,70.9,STRONG,OK
2026-06-08,16:58,52WH_Breakout,52-Week High Breakout,KIMS,BUY,801.2,801.2,783.74,827.39,918.87,6.7,42,83.0,Healthcare,PANIC,-7,BLOCKED,STOPPED,2026-06-09,783.74,Stop Loss Hit,-2.18,38.0,WEAK,OK
2026-06-08,16:58,Last30Min_ATH,Near 52W High (EOD),TATATECH,BUY,779.6,779.6,761.45,947.82,1220.02,8.0,39,100.0,Information Technology,PANIC,-7,BLOCKED,STOPPED,2026-06-09,761.45,Stop Loss Hit,-2.33,53.0,MODERATE,OK
2026-06-08,16:58,Failed_Breakout_Short,Failed Breakout Short,TTML,SHORT,43.48,43.48,48.58,35.83,30.73,2.5,72,79.0,Telecommunication,PANIC,-7,IDEAL,EXPIRED,2026-07-06,42.25,Expired (28d > 25d),2.83,71.7,STRONG,OK
2026-06-08,16:58,Failed_Breakout_Short,Failed Breakout Short,ANANTRAJ,SHORT,537.3,537.3,605.53,434.95,366.72,2.5,72,81.0,Realty,PANIC,-7,IDEAL,EXPIRED,2026-07-06,550.9,Expired (28d > 25d),-2.53,71.5,STRONG,OK
2026-06-08,16:58,Failed_Breakout_Short,Failed Breakout Short,EMCURE,SHORT,1719.6,1719.6,1811.74,1581.39,1489.25,2.5,72,100.0,Healthcare,PANIC,-7,IDEAL,STOPPED,2026-06-10,1811.74,Stop Loss Hit,-5.36,70.9,STRONG,OK
2026-06-08,16:58,Failed_Breakout_Short,Failed Breakout Short,RPOWER,SHORT,27.25,27.25,29.28,24.2,22.17,2.5,72,100.0,Power,PANIC,-7,IDEAL,TARGET,2026-06-29,24.2,Target 1 Hit,11.19,70.9,STRONG,OK
2026-06-09,13:37,VCP,VCP (Minervini v2),ADANIPORTS,BUY,1826.4,1842.8,1735.58,2182.27,2731.57,8.0,41,100.0,Services,PANIC,-6,BLOCKED,EXPIRED,2026-07-06,1864.4,Expired (27d > 25d),1.17,45.4,WEAK,OK
2026-06-09,13:37,EMA21_Bounce,21 EMA Bounce,SONACOMS,BUY,601.85,601.85,580.88,633.31,654.28,2.5,50,100.0,Automobile and Auto Components,PANIC,-6,BLOCKED,STOPPED,2026-06-11,580.88,Stop Loss Hit,-3.48,93.0,ELITE,OK
2026-06-09,13:37,EMA21_Bounce,21 EMA Bounce,GRASIM,BUY,3095.5,3095.5,3020.2,3208.45,3283.75,2.5,45,93.0,Construction Materials,PANIC,-6,BLOCKED,EXPIRED,2026-06-25,3126.6,Expired (16d > 15d),1.0,91.8,ELITE,OK
2026-06-09,13:37,EMA21_Bounce,21 EMA Bounce,STARHEALTH,BUY,521.4,521.4,508.59,540.62,553.43,2.5,50,95.0,Financial Services,PANIC,-6,BLOCKED,TARGET,2026-06-17,540.62,Target 1 Hit,3.69,90.8,ELITE,OK
2026-06-09,13:37,EMA21_Bounce,21 EMA Bounce,NAM-INDIA,BUY,1084.8,1084.8,1035.42,1158.87,1208.25,2.5,55,100.0,Financial Services,PANIC,-6,BLOCKED,TARGET,2026-06-18,1158.87,Target 1 Hit,6.83,90.3,ELITE,OK
2026-06-09,13:37,EMA21_Bounce,21 EMA Bounce,PHOENIXLTD,BUY,1754.1,1754.1,1706.69,1825.21,1872.62,2.5,50,81.0,Realty,PANIC,-6,BLOCKED,TARGET,2026-06-15,1825.21,Target 1 Hit,4.05,87.5,ELITE,OK
2026-06-09,13:37,EMA21_Bounce,21 EMA Bounce,BHEL,BUY,396.55,396.55,379.17,422.62,440.0,2.5,45,100.0,Capital Goods,PANIC,-6,BLOCKED,STOPPED,2026-06-10,379.17,Stop Loss Hit,-4.38,86.8,ELITE,OK
2026-06-09,13:37,EMA21_Bounce,21 EMA Bounce,INDUSINDBK,BUY,922.8,922.8,885.47,978.79,1016.12,2.5,50,72.0,Financial Services,PANIC,-6,BLOCKED,STOPPED,2026-06-10,885.47,Stop Loss Hit,-4.05,81.0,ELITE,OK
2026-06-09,13:37,EMA21_Bounce,21 EMA Bounce,DIVISLAB,BUY,6753.0,6753.0,6456.79,7197.32,7493.53,2.5,50,76.0,Healthcare,PANIC,-6,BLOCKED,EXPIRED,2026-06-25,6713.5,Expired (16d > 15d),-0.58,80.6,ELITE,OK
2026-06-09,13:37,EMA21_Bounce,21 EMA Bounce,NESTLEIND,BUY,1410.4,1410.4,1385.99,1447.02,1470.0,2.4,50,91.0,Fast Moving Consumer Goods,PANIC,-6,BLOCKED,TARGET,2026-06-10,1447.02,Target 1 Hit,2.6,80.3,ELITE,OK
2026-06-09,13:37,EMA21_Bounce,21 EMA Bounce,AXISBANK,BUY,1292.4,1292.4,1259.23,1342.16,1375.33,2.5,45,63.0,Financial Services,PANIC,-6,BLOCKED,TARGET,2026-06-12,1342.16,Target 1 Hit,3.85,77.8,STRONG,OK
2026-06-09,13:37,EMA21_Bounce,21 EMA Bounce,BIOCON,BUY,416.35,416.35,405.09,433.24,436.9,1.8,45,76.0,Healthcare,PANIC,-6,BLOCKED,EXPIRED,2026-06-25,416.15,Expired (16d > 15d),-0.05,76.4,STRONG,OK
2026-06-09,13:37,EMA21_Bounce,21 EMA Bounce,KEI,BUY,5281.0,5281.0,5057.26,5616.61,5840.35,2.5,50,83.0,Capital Goods,PANIC,-6,BLOCKED,TARGET,2026-06-17,5616.61,Target 1 Hit,6.36,74.7,STRONG,OK
2026-06-09,13:37,EMA21_Bounce,21 EMA Bounce,LICHSGFIN,BUY,552.75,552.75,533.65,581.4,600.5,2.5,50,83.0,Financial Services,PANIC,-6,BLOCKED,STOPPED,2026-06-11,533.65,Stop Loss Hit,-3.46,74.4,STRONG,OK
2026-06-09,13:37,EMA21_Bounce,21 EMA Bounce,COALINDIA,BUY,466.9,466.9,451.66,489.76,505.0,2.5,50,76.0,Oil Gas & Consumable Fuels,PANIC,-6,BLOCKED,STOPPED,2026-06-10,451.66,Stop Loss Hit,-3.26,73.1,STRONG,OK
2026-06-09,13:37,EMA21_Bounce,21 EMA Bounce,EICHERMOT,BUY,7203.0,7203.0,6965.82,7558.77,7795.95,2.5,45,61.0,Automobile and Auto Components,PANIC,-6,BLOCKED,TARGET,2026-06-15,7558.77,Target 1 Hit,4.94,71.7,STRONG,OK
2026-06-09,13:37,EMA21_Bounce,21 EMA Bounce,TORNTPHARM,BUY,4472.9,4472.9,4333.91,4681.38,4820.37,2.5,50,67.0,Healthcare,PANIC,-6,BLOCKED,EXPIRED,2026-06-25,4516.2,Expired (16d > 15d),0.97,70.1,STRONG,OK
2026-06-09,13:37,EMA21_Bounce,21 EMA Bounce,SCHAEFFLER,BUY,4081.0,4081.0,3945.88,4283.68,4418.8,2.5,50,60.0,Automobile and Auto Components,PANIC,-6,BLOCKED,STOPPED,2026-06-11,3945.88,Stop Loss Hit,-3.31,68.9,STRONG,OK
2026-06-09,13:37,52WH_Breakout,52-Week High Breakout,APOLLOHOSP,BUY,8524.0,8524.0,8402.16,9416.39,10860.39,8.0,37,81.0,Healthcare,PANIC,-6,BLOCKED,STOPPED,2026-06-15,8402.16,Stop Loss Hit,-1.43,38.7,WEAK,OK
2026-06-09,13:37,Last30Min_ATH,Near 52W High (EOD),SONACOMS,BUY,601.85,601.85,588.5,621.88,635.23,2.5,33,100.0,Automobile and Auto Components,PANIC,-6,BLOCKED,STOPPED,2026-06-10,588.5,Stop Loss Hit,-2.22,50.0,MODERATE,OK
2026-06-09,13:37,Last30Min_ATH,Near 52W High (EOD),BANDHANBNK,BUY,206.94,206.94,203.71,212.48,212.66,1.8,33,100.0,Financial Services,PANIC,-6,BLOCKED,STOPPED,2026-06-10,203.71,Stop Loss Hit,-1.56,43.1,WEAK,OK
2026-06-09,13:37,Last30Min_ATH,Near 52W High (EOD),APOLLOHOSP,BUY,8524.0,8524.0,8365.5,9416.39,10860.39,8.0,39,81.0,Healthcare,PANIC,-6,BLOCKED,EXPIRED,2026-06-25,8592.0,Expired (16d > 15d),0.8,38.7,WEAK,OK
2026-06-09,13:37,Last30Min_ATH,Near 52W High (EOD),DIVISLAB,BUY,6753.0,6753.0,6535.0,7080.0,7298.0,2.5,37,76.0,Healthcare,PANIC,-6,BLOCKED,EXPIRED,2026-06-25,6713.5,Expired (16d > 15d),-0.58,37.6,WEAK,OK
2026-06-09,16:20,VCP,VCP (Minervini v2),WELSPUNLIV,BUY,142.44,146.0,136.61,160.08,170.04,2.6,45,100.0,Textiles,PANIC,-6,BLOCKED,STOPPED,2026-06-11,136.61,Stop Loss Hit,-6.43,47.5,WEAK,OK
2026-06-09,16:20,VCP,VCP (Minervini v2),VBL,BUY,529.75,544.4,504.42,645.9,810.14,6.6,42,100.0,Fast Moving Consumer Goods,PANIC,-6,BLOCKED,STOPPED,2026-06-22,504.42,Stop Loss Hit,-7.34,45.8,WEAK,OK
2026-06-09,16:20,VCP,VCP (Minervini v2),EMCURE,BUY,1744.6,1796.7,1658.66,2003.76,2029.44,1.7,41,92.0,Healthcare,PANIC,-6,BLOCKED,EXPIRED,2026-07-06,1835.0,Expired (27d > 25d),2.13,42.8,WEAK,OK
2026-06-09,16:20,EMA21_Bounce,21 EMA Bounce,CUB,BUY,256.4,256.4,242.86,276.71,290.25,2.5,55,70.0,Financial Services,PANIC,-6,BLOCKED,STOPPED,2026-06-10,242.86,Stop Loss Hit,-5.28,91.1,ELITE,OK
2026-06-09,16:20,EMA21_Bounce,21 EMA Bounce,VBL,BUY,529.75,529.75,514.33,552.88,568.3,2.5,50,100.0,Fast Moving Consumer Goods,PANIC,-6,BLOCKED,TARGET,2026-06-17,552.88,Target 1 Hit,4.37,90.8,ELITE,OK
2026-06-09,16:20,EMA21_Bounce,21 EMA Bounce,GROWW,BUY,195.25,195.25,185.84,209.36,214.36,2.0,45,100.0,Financial Services,PANIC,-6,BLOCKED,EXPIRED,2026-06-25,199.79,Expired (16d > 15d),2.33,90.5,ELITE,OK
2026-06-09,16:20,EMA21_Bounce,21 EMA Bounce,USHAMART,BUY,496.05,496.05,479.28,521.21,527.5,1.9,45,100.0,Capital Goods,PANIC,-6,BLOCKED,STOPPED,2026-06-10,479.28,Stop Loss Hit,-3.38,90.5,ELITE,OK
2026-06-09,16:20,EMA21_Bounce,21 EMA Bounce,ABSLAMC,BUY,1062.4,1062.4,1019.06,1127.41,1170.75,2.5,50,100.0,Financial Services,PANIC,-6,BLOCKED,TARGET,2026-06-15,1127.41,Target 1 Hit,6.12,90.3,ELITE,OK
2026-06-09,16:20,EMA21_Bounce,21 EMA Bounce,NIVABUPA,BUY,83.27,83.27,80.39,87.59,90.47,2.5,50,95.0,Financial Services,PANIC,-6,BLOCKED,TARGET,2026-06-18,87.59,Target 1 Hit,5.19,89.8,ELITE,OK
2026-06-09,16:20,EMA21_Bounce,21 EMA Bounce,NUVAMA,BUY,1556.8,1556.8,1494.14,1650.79,1713.45,2.5,45,100.0,Financial Services,PANIC,-6,BLOCKED,TARGET,2026-06-15,1650.79,Target 1 Hit,6.04,89.8,ELITE,OK
2026-06-09,16:20,EMA21_Bounce,21 EMA Bounce,SUZLON,BUY,55.23,55.23,53.53,57.78,59.48,2.5,45,100.0,Capital Goods,PANIC,-6,BLOCKED,STOPPED,2026-06-11,53.53,Stop Loss Hit,-3.08,89.8,ELITE,OK
2026-06-09,16:20,EMA21_Bounce,21 EMA Bounce,MMTC,BUY,66.88,66.88,64.25,70.82,73.45,2.5,45,100.0,Services,PANIC,-6,BLOCKED,STOPPED,2026-06-11,64.25,Stop Loss Hit,-3.93,89.0,ELITE,OK
2026-06-09,16:20,EMA21_Bounce,21 EMA Bounce,ANGELONE,BUY,337.55,337.55,320.77,362.72,379.5,2.5,50,100.0,Financial Services,PANIC,-6,BLOCKED,EXPIRED,2026-06-25,335.25,Expired (16d > 15d),-0.68,88.7,ELITE,OK
2026-06-09,16:20,EMA21_Bounce,21 EMA Bounce,NH,BUY,1934.3,1934.3,1872.37,2027.2,2089.13,2.5,50,82.0,Healthcare,PANIC,-6,BLOCKED,STOPPED,2026-06-11,1872.37,Stop Loss Hit,-3.2,87.3,ELITE,OK
2026-06-09,16:20,EMA21_Bounce,21 EMA Bounce,TRITURBINE,BUY,673.2,673.2,644.41,716.39,738.0,2.3,50,100.0,Capital Goods,PANIC,-6,BLOCKED,STOPPED,2026-06-11,644.41,Stop Loss Hit,-4.28,87.1,ELITE,OK
2026-06-09,16:20,EMA21_Bounce,21 EMA Bounce,ENRIN,BUY,3547.5,3547.5,3418.15,3741.52,3818.9,2.1,50,100.0,Capital Goods,PANIC,-6,BLOCKED,STOPPED,2026-06-10,3418.15,Stop Loss Hit,-3.65,86.5,ELITE,OK
2026-06-09,16:20,EMA21_Bounce,21 EMA Bounce,GVT&D,BUY,4931.0,4931.0,4663.11,5332.84,5600.73,2.5,50,100.0,Capital Goods,PANIC,-6,BLOCKED,TARGET,2026-06-19,5332.84,Target 1 Hit,8.15,86.0,ELITE,OK
2026-06-09,16:20,EMA21_Bounce,21 EMA Bounce,TIINDIA,BUY,3105.5,3105.5,2994.8,3271.55,3382.25,2.5,55,100.0,Automobile and Auto Components,PANIC,-6,BLOCKED,STOPPED,2026-06-11,2994.8,Stop Loss Hit,-3.56,85.3,ELITE,OK
2026-06-09,16:20,EMA21_Bounce,21 EMA Bounce,JINDALSAW,BUY,239.81,239.81,230.86,253.24,262.19,2.5,45,100.0,Capital Goods,PANIC,-6,BLOCKED,STOPPED,2026-06-10,230.86,Stop Loss Hit,-3.73,84.5,ELITE,OK
2026-06-09,16:20,EMA21_Bounce,21 EMA Bounce,LALPATHLAB,BUY,1575.8,1575.8,1519.15,1660.77,1717.42,2.5,45,93.0,Healthcare,PANIC,-6,BLOCKED,TARGET,2026-06-16,1660.77,Target 1 Hit,5.39,83.5,ELITE,OK
2026-06-09,16:20,EMA21_Bounce,21 EMA Bounce,NYKAA,BUY,267.05,267.05,256.99,282.14,292.2,2.5,45,76.0,Consumer Services,PANIC,-6,BLOCKED,TARGET,2026-06-17,282.14,Target 1 Hit,5.65,83.2,ELITE,OK
2026-06-09,16:20,EMA21_Bounce,21 EMA Bounce,PWL,BUY,106.26,106.26,99.89,115.82,122.19,2.5,45,100.0,Consumer Services,PANIC,-6,BLOCKED,TARGET,2026-06-19,115.82,Target 1 Hit,9.0,83.0,ELITE,OK
2026-06-09,16:20,EMA21_Bounce,21 EMA Bounce,KPIL,BUY,1306.5,1306.5,1239.02,1407.72,1475.2,2.5,45,100.0,Construction,PANIC,-6,BLOCKED,TARGET,2026-06-19,1407.72,Target 1 Hit,7.75,82.6,ELITE,OK
2026-06-09,16:20,EMA21_Bounce,21 EMA Bounce,PIRAMALFIN,BUY,1993.7,1993.7,1916.2,2109.95,2187.45,2.5,45,89.0,Financial Services,PANIC,-6,BLOCKED,STOPPED,2026-06-11,1916.2,Stop Loss Hit,-3.89,81.6,ELITE,OK
2026-06-09,16:20,EMA21_Bounce,21 EMA Bounce,BHARATFORG,BUY,1925.4,1925.4,1881.84,1990.74,2034.3,2.5,50,69.0,Automobile and Auto Components,PANIC,-6,BLOCKED,STOPPED,2026-06-10,1881.84,Stop Loss Hit,-2.26,75.4,STRONG,OK
2026-06-09,16:20,EMA21_Bounce,21 EMA Bounce,LGEINDIA,BUY,1541.5,1541.5,1491.7,1616.2,1666.0,2.5,50,63.0,Consumer Durables,PANIC,-6,BLOCKED,TARGET,2026-06-19,1616.2,Target 1 Hit,4.85,74.3,STRONG,OK
2026-06-09,16:20,EMA21_Bounce,21 EMA Bounce,JBCHEPHARM,BUY,2210.2,2210.2,2121.65,2343.02,2431.57,2.5,45,77.0,Healthcare,PANIC,-6,BLOCKED,EXPIRED,2026-06-25,2243.9,Expired (16d > 15d),1.52,73.7,STRONG,OK
2026-06-09,16:20,52WH_Breakout,52-Week High Breakout,CEMPRO,BUY,1203.8,1203.8,1118.1,1636.71,2337.21,8.0,37,100.0,Construction,PANIC,-6,BLOCKED,STOPPED,2026-06-12,1118.1,Stop Loss Hit,-7.12,49.5,WEAK,OK
2026-06-09,16:20,52WH_Breakout,52-Week High Breakout,BELRISE,BUY,234.73,234.73,219.61,272.56,333.78,6.6,37,100.0,Automobile and Auto Components,PANIC,-6,BLOCKED,STOPPED,2026-06-11,219.61,Stop Loss Hit,-6.44,48.1,WEAK,OK
2026-06-09,16:20,52WH_Breakout,52-Week High Breakout,J&KBANK,BUY,156.98,156.98,149.62,187.25,236.23,8.0,42,100.0,Financial Services,PANIC,-6,BLOCKED,EXPIRED,2026-07-06,163.72,Expired (27d > 25d),4.29,48.0,WEAK,OK
2026-06-09,16:20,52WH_Breakout,52-Week High Breakout,DATAPATTNS,BUY,4558.5,4558.5,4223.9,5060.4,5583.39,3.1,42,100.0,Capital Goods,PANIC,-6,BLOCKED,STOPPED,2026-06-11,4223.9,Stop Loss Hit,-7.34,46.5,WEAK,OK
2026-06-09,16:20,52WH_Breakout,52-Week High Breakout,MAHABANK,BUY,83.97,83.97,80.47,98.71,122.57,8.0,37,100.0,Financial Services,PANIC,-6,BLOCKED,EXPIRED,2026-07-06,86.51,Expired (27d > 25d),3.02,43.3,WEAK,OK
2026-06-09,16:20,52WH_Breakout,52-Week High Breakout,ASTERDM,BUY,790.35,790.35,773.29,815.94,907.27,6.9,37,100.0,Healthcare,PANIC,-6,BLOCKED,TARGET,2026-06-10,815.94,Target 1 Hit,3.24,42.5,WEAK,OK
2026-06-09,16:20,Last30Min_ATH,Near 52W High (EOD),CEMPRO,BUY,1203.8,1203.8,1104.5,1636.71,2337.21,8.0,39,100.0,Construction,PANIC,-6,BLOCKED,EXPIRED,2026-06-25,1213.4,Expired (16d > 15d),0.8,49.5,WEAK,OK
2026-06-09,16:20,Last30Min_ATH,Near 52W High (EOD),BELRISE,BUY,234.73,234.73,221.28,272.56,333.78,7.4,39,100.0,Automobile and Auto Components,PANIC,-6,BLOCKED,STOPPED,2026-06-11,221.28,Stop Loss Hit,-5.73,48.1,WEAK,OK
2026-06-09,16:20,Last30Min_ATH,Near 52W High (EOD),J&KBANK,BUY,156.98,156.98,148.3,187.25,236.23,8.0,39,100.0,Financial Services,PANIC,-6,BLOCKED,EXPIRED,2026-06-25,158.4,Expired (16d > 15d),0.9,48.0,WEAK,OK
2026-06-09,16:20,Last30Min_ATH,Near 52W High (EOD),RBLBANK,BUY,361.0,361.0,345.95,406.48,480.08,7.9,35,100.0,Financial Services,PANIC,-6,BLOCKED,EXPIRED,2026-06-25,371.05,Expired (16d > 15d),2.78,47.2,WEAK,OK
2026-06-09,16:20,Last30Min_ATH,Near 52W High (EOD),HSCL,BUY,679.5,679.5,647.4,727.65,839.61,5.0,33,100.0,Chemicals,PANIC,-6,BLOCKED,STOPPED,2026-06-23,647.4,Stop Loss Hit,-4.72,45.0,WEAK,OK
2026-06-09,16:20,Last30Min_ATH,Near 52W High (EOD),MAHABANK,BUY,83.97,83.97,79.6,98.71,122.57,8.0,39,100.0,Financial Services,PANIC,-6,BLOCKED,EXPIRED,2026-06-25,88.71,Expired (16d > 15d),5.64,43.3,WEAK,OK
2026-06-09,16:20,Last30Min_ATH,Near 52W High (EOD),CHENNPETRO,BUY,1226.4,1226.4,1185.1,1451.28,1815.16,8.0,35,100.0,Oil Gas & Consumable Fuels,PANIC,-6,BLOCKED,STOPPED,2026-06-10,1185.1,Stop Loss Hit,-3.37,41.3,WEAK,OK
2026-06-09,16:20,Failed_Breakout_Short,Failed Breakout Short,ZYDUSWELL,SHORT,509.25,509.25,540.81,461.91,430.35,2.5,72,100.0,Fast Moving Consumer Goods,PANIC,-6,IDEAL,STOPPED,2026-06-22,540.81,Stop Loss Hit,-6.2,67.4,STRONG,OK
2026-06-09,16:20,Failed_Breakout_Short,Failed Breakout Short,KIMS,SHORT,781.6,781.6,818.77,725.84,688.67,2.5,72,88.0,Healthcare,PANIC,-6,IDEAL,STOPPED,2026-06-30,818.77,Stop Loss Hit,-4.76,58.1,MODERATE,OK
2026-06-10,14:17,VCP,VCP (Minervini v2),ADANIPORTS,BUY,1821.2,1857.8,1736.47,2206.54,2770.84,7.5,41,100.0,Services,PANIC,-6,BLOCKED,EXPIRED,2026-07-06,1864.4,Expired (26d > 25d),0.36,43.8,WEAK,OK
2026-06-10,14:17,EMA21_Bounce,21 EMA Bounce,PHOENIXLTD,BUY,1765.7,1765.7,1726.58,1824.38,1863.5,2.5,50,84.0,Realty,PANIC,-6,BLOCKED,STOPPED,2026-06-11,1726.58,Stop Loss Hit,-2.22,93.1,ELITE,OK
2026-06-10,14:17,EMA21_Bounce,21 EMA Bounce,STARHEALTH,BUY,524.4,524.4,514.75,538.88,548.53,2.5,50,93.0,Financial Services,PANIC,-6,BLOCKED,TARGET,2026-06-17,538.88,Target 1 Hit,2.76,90.7,ELITE,OK
2026-06-10,14:17,EMA21_Bounce,21 EMA Bounce,NAVINFLUOR,BUY,7046.5,7046.5,6678.59,7598.36,7966.27,2.5,55,76.0,Chemicals,PANIC,-6,BLOCKED,TARGET,2026-06-22,7598.36,Target 1 Hit,7.83,87.7,ELITE,OK
2026-06-10,14:17,EMA21_Bounce,21 EMA Bounce,NESTLEIND,BUY,1438.3,1438.3,1395.24,1502.89,1545.95,2.5,45,92.0,Fast Moving Consumer Goods,PANIC,-6,BLOCKED,STOPPED,2026-06-12,1395.24,Stop Loss Hit,-2.99,84.1,ELITE,OK
2026-06-10,14:17,EMA21_Bounce,21 EMA Bounce,AUROPHARMA,BUY,1453.6,1453.6,1418.24,1506.64,1542.0,2.5,45,86.0,Healthcare,PANIC,-6,BLOCKED,STOPPED,2026-06-15,1418.24,Stop Loss Hit,-2.43,83.8,ELITE,OK
2026-06-10,14:17,EMA21_Bounce,21 EMA Bounce,AXISBANK,BUY,1314.5,1314.5,1265.96,1387.31,1391.0,1.6,50,60.0,Financial Services,PANIC,-6,BLOCKED,TARGET,2026-06-25,1387.31,Target 1 Hit,5.54,82.5,ELITE,OK
2026-06-10,14:17,EMA21_Bounce,21 EMA Bounce,MARICO,BUY,819.9,819.9,801.08,848.13,866.95,2.5,50,68.0,Fast Moving Consumer Goods,PANIC,-6,BLOCKED,STOPPED,2026-06-17,801.08,Stop Loss Hit,-2.3,76.5,STRONG,OK
2026-06-10,14:17,EMA21_Bounce,21 EMA Bounce,EICHERMOT,BUY,7219.5,7219.5,7063.98,7452.78,7608.3,2.5,45,52.0,Automobile and Auto Components,PANIC,-6,BLOCKED,TARGET,2026-06-15,7452.78,Target 1 Hit,3.23,73.2,STRONG,OK
2026-06-10,14:17,Failed_Breakout_Short,Failed Breakout Short,PNB,SHORT,107.17,107.17,111.25,101.05,96.97,2.5,72,42.0,Financial Services,PANIC,-6,IDEAL,EXPIRED,2026-07-06,104.29,Expired (26d > 25d),2.69,59.2,MODERATE,OK
2026-06-10,14:17,Failed_Breakout_Short,Failed Breakout Short,CANBK,SHORT,133.46,133.46,139.43,124.51,118.54,2.5,72,48.0,Financial Services,PANIC,-6,IDEAL,EXPIRED,2026-07-06,126.46,Expired (26d > 25d),5.25,58.4,MODERATE,OK
2026-06-10,16:49,EMA21_Bounce,21 EMA Bounce,FACT,BUY,901.35,901.35,865.95,954.45,989.85,2.5,50,87.0,Chemicals,PANIC,-6,BLOCKED,TARGET,2026-06-16,954.45,Target 1 Hit,5.89,96.0,ELITE,OK
2026-06-10,16:49,EMA21_Bounce,21 EMA Bounce,NIVABUPA,BUY,84.19,84.19,81.49,88.24,90.94,2.5,50,100.0,Financial Services,PANIC,-6,BLOCKED,TARGET,2026-06-18,88.24,Target 1 Hit,4.81,92.5,ELITE,OK
2026-06-10,16:49,EMA21_Bounce,21 EMA Bounce,SHYAMMETL,BUY,968.85,968.85,939.94,1012.21,1014.0,1.6,45,100.0,Capital Goods,PANIC,-6,BLOCKED,STOPPED,2026-06-25,939.94,Stop Loss Hit,-2.98,90.5,ELITE,OK
2026-06-10,16:49,EMA21_Bounce,21 EMA Bounce,ZFCVINDIA,BUY,14714.0,14714.0,14061.61,15692.58,16344.97,2.5,50,70.0,Automobile and Auto Components,PANIC,-6,BLOCKED,TARGET,2026-06-18,15692.58,Target 1 Hit,6.65,81.5,ELITE,OK
2026-06-10,16:49,EMA21_Bounce,21 EMA Bounce,FLUOROCHEM,BUY,3641.0,3641.0,3490.46,3866.81,4017.35,2.5,45,81.0,Chemicals,PANIC,-6,BLOCKED,TARGET,2026-06-18,3866.81,Target 1 Hit,6.2,81.2,ELITE,OK
2026-06-10,16:49,EMA21_Bounce,21 EMA Bounce,BHARATFORG,BUY,1949.2,1949.2,1853.48,2092.78,2188.5,2.5,50,72.0,Automobile and Auto Components,PANIC,-6,BLOCKED,TARGET,2026-06-22,2092.78,Target 1 Hit,7.37,80.8,ELITE,OK
2026-06-10,16:49,EMA21_Bounce,21 EMA Bounce,AJANTPHARM,BUY,3074.9,3074.9,2933.11,3287.58,3429.37,2.5,50,65.0,Healthcare,PANIC,-6,BLOCKED,EXPIRED,2026-06-25,3180.4,Expired (16d > 15d),3.43,76.0,STRONG,OK
2026-06-10,16:49,EMA21_Bounce,21 EMA Bounce,LGEINDIA,BUY,1540.4,1540.4,1510.53,1585.21,1615.08,2.5,50,56.0,Consumer Durables,PANIC,-6,BLOCKED,STOPPED,2026-06-12,1510.53,Stop Loss Hit,-1.94,73.1,STRONG,OK
2026-06-10,16:49,52WH_Breakout,52-Week High Breakout,CEMPRO,BUY,1237.1,1237.1,1172.17,1334.49,1690.59,7.0,37,100.0,Construction,PANIC,-6,BLOCKED,STOPPED,2026-06-12,1172.17,Stop Loss Hit,-5.25,48.0,WEAK,OK
2026-06-10,16:49,52WH_Breakout,52-Week High Breakout,ABSLAMC,BUY,1110.3,1110.3,1072.04,1167.69,1260.6,3.9,37,88.0,Financial Services,PANIC,-6,BLOCKED,STOPPED,2026-06-11,1072.04,Stop Loss Hit,-3.45,41.9,WEAK,OK
2026-06-10,16:49,52WH_Breakout,52-Week High Breakout,ASTERDM,BUY,812.9,812.9,794.92,839.87,943.75,7.3,37,100.0,Healthcare,PANIC,-6,BLOCKED,STOPPED,2026-06-15,794.92,Stop Loss Hit,-2.21,40.0,WEAK,OK
2026-06-10,16:49,Last30Min_ATH,Near 52W High (EOD),ABSLAMC,BUY,1110.3,1110.3,1062.5,1182.0,1260.6,3.1,39,88.0,Financial Services,PANIC,-6,BLOCKED,STOPPED,2026-06-11,1062.5,Stop Loss Hit,-4.31,41.9,WEAK,OK
2026-06-10,16:49,Failed_Breakout_Short,Failed Breakout Short,CHENNPETRO,SHORT,1184.3,1184.3,1262.87,1066.45,987.88,2.5,77,100.0,Oil Gas & Consumable Fuels,PANIC,-6,IDEAL,EXPIRED,2026-07-06,1120.4,Expired (26d > 25d),5.4,73.2,STRONG,OK
2026-06-10,16:49,Failed_Breakout_Short,Failed Breakout Short,JSWINFRA,SHORT,278.6,278.6,291.05,259.93,247.48,2.5,75,72.0,Services,PANIC,-6,IDEAL,STOPPED,2026-06-12,291.05,Stop Loss Hit,-4.47,67.8,STRONG,OK
2026-06-10,16:49,Failed_Breakout_Short,Failed Breakout Short,DEEPAKFERT,SHORT,1494.9,1494.9,1573.19,1377.46,1299.17,2.5,77,100.0,Chemicals,PANIC,-6,IDEAL,STOPPED,2026-06-12,1573.19,Stop Loss Hit,-5.24,65.9,STRONG,OK
2026-06-10,16:49,Failed_Breakout_Short,Failed Breakout Short,UCOBANK,SHORT,25.75,25.75,26.51,24.61,23.85,2.5,72,55.0,Financial Services,PANIC,-6,IDEAL,STOPPED,2026-06-15,26.51,Stop Loss Hit,-2.95,63.7,MODERATE,OK
2026-06-11,14:29,EMA21_Bounce,21 EMA Bounce,GRASIM,BUY,3089.5,3089.5,3018.61,3195.84,3197.5,1.5,45,83.0,Construction Materials,PANIC,-6,BLOCKED,TARGET,2026-06-17,3195.84,Target 1 Hit,3.44,89.7,ELITE,OK
2026-06-11,14:29,EMA21_Bounce,21 EMA Bounce,NAVINFLUOR,BUY,7157.0,7157.0,6872.79,7583.32,8078.13,3.2,50,84.0,Chemicals,PANIC,-6,BLOCKED,TARGET,2026-06-22,7583.32,Target 1 Hit,5.96,83.0,ELITE,OK
2026-06-11,14:29,EMA21_Bounce,21 EMA Bounce,EICHERMOT,BUY,7179.5,7179.5,6993.23,7458.91,7645.18,2.5,50,55.0,Automobile and Auto Components,PANIC,-6,BLOCKED,TARGET,2026-06-15,7458.91,Target 1 Hit,3.89,80.8,ELITE,OK
2026-06-11,14:29,EMA21_Bounce,21 EMA Bounce,AUROPHARMA,BUY,1464.1,1464.1,1437.86,1503.46,1513.4,1.9,50,82.0,Healthcare,PANIC,-6,BLOCKED,STOPPED,2026-06-15,1437.86,Stop Loss Hit,-1.79,80.1,ELITE,OK
2026-06-11,14:29,EMA21_Bounce,21 EMA Bounce,JSWSTEEL,BUY,1282.3,1282.3,1248.05,1333.68,1367.93,2.5,50,75.0,Metals & Mining,PANIC,-6,BLOCKED,STOPPED,2026-06-23,1248.05,Stop Loss Hit,-2.67,79.4,STRONG,OK
2026-06-11,14:29,EMA21_Bounce,21 EMA Bounce,BIOCON,BUY,415.95,415.95,407.34,428.86,436.9,2.4,45,68.0,Healthcare,PANIC,-6,BLOCKED,STOPPED,2026-06-17,407.34,Stop Loss Hit,-2.07,73.1,STRONG,OK
2026-06-11,14:29,EMA21_Bounce,21 EMA Bounce,DIVISLAB,BUY,6655.5,6655.5,6545.59,6960.5,6968.0,2.8,45,66.0,Healthcare,PANIC,-6,BLOCKED,STOPPED,2026-06-29,6545.59,Stop Loss Hit,-1.65,72.2,STRONG,OK
2026-06-11,14:29,Last30Min_ATH,Near 52W High (EOD),NAVINFLUOR,BUY,7157.0,7157.0,6987.5,7525.0,8078.13,5.4,33,84.0,Chemicals,PANIC,-6,BLOCKED,TARGET,2026-06-19,7525.0,Target 1 Hit,5.14,40.0,WEAK,OK
2026-06-11,14:29,Last30Min_ATH,Near 52W High (EOD),JSWSTEEL,BUY,1282.3,1282.3,1261.0,1314.25,1335.55,2.5,33,75.0,Metals & Mining,PANIC,-6,BLOCKED,TARGET,2026-06-15,1314.25,Target 1 Hit,2.49,36.4,WEAK,OK
2026-06-11,14:29,Last30Min_ATH,Near 52W High (EOD),TORNTPHARM,BUY,4572.2,4572.2,4431.1,4783.85,5010.22,3.1,37,64.0,Healthcare,PANIC,-6,BLOCKED,STOPPED,2026-06-17,4431.1,Stop Loss Hit,-3.09,32.1,WEAK,OK
2026-06-11,14:29,Failed_Breakout_Short,Failed Breakout Short,INDHOTEL,SHORT,655.7,655.7,684.35,612.73,584.08,2.5,72,67.0,Consumer Services,PANIC,-6,IDEAL,STOPPED,2026-06-15,684.35,Stop Loss Hit,-4.37,68.5,STRONG,OK
2026-06-11,14:29,Failed_Breakout_Short,Failed Breakout Short,ADANIPORTS,SHORT,1787.1,1787.1,1869.29,1663.81,1581.62,2.5,72,100.0,Services,PANIC,-6,IDEAL,STOPPED,2026-07-01,1869.29,Stop Loss Hit,-4.6,65.6,STRONG,OK
2026-06-11,14:29,Failed_Breakout_Short,Failed Breakout Short,RECLTD,SHORT,336.85,336.85,357.24,306.27,285.88,2.5,72,61.0,Financial Services,PANIC,-6,IDEAL,STOPPED,2026-06-16,357.24,Stop Loss Hit,-6.05,62.4,MODERATE,OK
2026-06-11,14:29,Failed_Breakout_Short,Failed Breakout Short,CANBK,SHORT,131.52,131.52,139.48,119.58,111.62,2.5,72,46.0,Financial Services,PANIC,-6,IDEAL,EXPIRED,2026-07-07,125.03,Expired (26d > 25d),4.93,60.5,MODERATE,OK
2026-06-11,17:08,EMA21_Bounce,21 EMA Bounce,CUB,BUY,256.8,256.8,249.33,268.0,275.47,2.5,50,65.0,Financial Services,PANIC,-6,BLOCKED,STOPPED,2026-06-12,249.33,Stop Loss Hit,-2.91,91.2,ELITE,OK
2026-06-11,17:08,EMA21_Bounce,21 EMA Bounce,NEULANDLAB,BUY,16973.0,16973.0,16471.43,17725.36,18226.93,2.5,50,100.0,Healthcare,PANIC,-6,BLOCKED,TARGET,2026-06-23,17725.36,Target 1 Hit,4.43,89.5,ELITE,OK
2026-06-11,17:08,EMA21_Bounce,21 EMA Bounce,VIJAYA,BUY,1279.2,1279.2,1231.44,1375.0,1379.3,2.1,50,100.0,Healthcare,PANIC,-6,BLOCKED,TARGET,2026-06-19,1375.0,Target 1 Hit,7.49,87.5,ELITE,OK
2026-06-11,17:08,EMA21_Bounce,21 EMA Bounce,LALPATHLAB,BUY,1593.5,1593.5,1531.18,1686.98,1749.3,2.5,50,84.0,Healthcare,PANIC,-6,BLOCKED,TARGET,2026-06-16,1686.98,Target 1 Hit,5.87,86.0,ELITE,OK
2026-06-11,17:08,EMA21_Bounce,21 EMA Bounce,GRANULES,BUY,763.15,763.15,739.45,798.7,822.4,2.5,50,100.0,Healthcare,PANIC,-6,BLOCKED,STOPPED,2026-06-17,739.45,Stop Loss Hit,-3.11,85.5,ELITE,OK
2026-06-11,17:08,EMA21_Bounce,21 EMA Bounce,ANTHEM,BUY,780.05,780.05,746.56,830.28,863.77,2.5,50,98.0,Healthcare,PANIC,-6,BLOCKED,EXPIRED,2026-06-29,775.0,Expired (18d > 15d),-0.65,83.5,ELITE,OK
2026-06-11,17:08,EMA21_Bounce,21 EMA Bounce,FLUOROCHEM,BUY,3680.5,3680.5,3552.14,3873.04,3874.9,1.5,45,84.0,Chemicals,PANIC,-6,BLOCKED,TARGET,2026-06-18,3873.04,Target 1 Hit,5.23,80.0,ELITE,OK
2026-06-11,17:08,EMA21_Bounce,21 EMA Bounce,BALRAMCHIN,BUY,548.55,548.55,525.74,582.76,605.57,2.5,55,69.0,Fast Moving Consumer Goods,PANIC,-6,BLOCKED,STOPPED,2026-06-29,525.74,Stop Loss Hit,-4.16,76.8,STRONG,OK
2026-06-11,17:08,EMA21_Bounce,21 EMA Bounce,VTL,BUY,614.45,614.45,596.85,640.85,658.45,2.5,55,82.0,Textiles,PANIC,-6,BLOCKED,TARGET,2026-06-15,640.85,Target 1 Hit,4.3,76.4,STRONG,OK
2026-06-11,17:08,52WH_Breakout,52-Week High Breakout,APARINDS,BUY,14551.0,14551.0,13929.43,15483.36,18070.51,5.7,37,100.0,Capital Goods,PANIC,-6,BLOCKED,TARGET,2026-06-15,15483.36,Target 1 Hit,6.41,46.5,WEAK,OK
2026-06-11,17:08,Last30Min_ATH,Near 52W High (EOD),JBCHEPHARM,BUY,2252.7,2252.7,2181.1,2360.1,2480.18,3.2,35,70.0,Healthcare,PANIC,-6,BLOCKED,STOPPED,2026-06-17,2181.1,Stop Loss Hit,-3.18,31.5,WEAK,OK
2026-06-11,17:08,Failed_Breakout_Short,Failed Breakout Short,JSWINFRA,SHORT,275.45,275.45,290.9,252.28,236.83,2.5,72,69.0,Services,PANIC,-6,IDEAL,STOPPED,2026-06-12,290.9,Stop Loss Hit,-5.61,66.7,STRONG,OK
2026-06-11,17:08,Failed_Breakout_Short,Failed Breakout Short,CCL,SHORT,1133.1,1133.1,1249.43,958.6,842.27,2.5,72,75.0,Fast Moving Consumer Goods,PANIC,-6,IDEAL,EXPIRED,2026-07-07,1192.2,Expired (26d > 25d),-5.22,65.8,STRONG,OK
2026-06-11,17:08,Failed_Breakout_Short,Failed Breakout Short,DATAPATTNS,SHORT,4205.0,4205.0,4786.71,3332.44,2750.73,2.5,72,100.0,Capital Goods,PANIC,-6,IDEAL,STOPPED,2026-06-17,4786.71,Stop Loss Hit,-13.83,63.9,MODERATE,OK
2026-06-11,17:08,Failed_Breakout_Short,Failed Breakout Short,HSCL,SHORT,680.05,680.05,717.1,624.47,587.42,2.5,77,100.0,Chemicals,PANIC,-6,IDEAL,STOPPED,2026-06-18,717.1,Stop Loss Hit,-5.45,63.9,MODERATE,OK
2026-06-11,17:08,Failed_Breakout_Short,Failed Breakout Short,BANKINDIA,SHORT,141.38,141.38,150.45,127.78,118.71,2.5,72,46.0,Financial Services,PANIC,-6,IDEAL,STOPPED,2026-06-15,150.45,Stop Loss Hit,-6.42,63.5,MODERATE,OK
2026-06-11,17:08,Failed_Breakout_Short,Failed Breakout Short,EMCURE,SHORT,1683.3,1683.3,1835.14,1455.54,1303.7,2.5,72,73.0,Healthcare,PANIC,-6,IDEAL,STOPPED,2026-06-23,1835.14,Stop Loss Hit,-9.02,61.6,MODERATE,OK
2026-06-11,17:08,Failed_Breakout_Short,Failed Breakout Short,MAHABANK,SHORT,83.08,83.08,85.7,79.15,76.53,2.5,77,100.0,Financial Services,PANIC,-6,IDEAL,STOPPED,2026-06-12,85.7,Stop Loss Hit,-3.15,60.7,MODERATE,OK
2026-06-11,17:08,Failed_Breakout_Short,Failed Breakout Short,UCOBANK,SHORT,25.12,25.12,26.52,23.02,21.62,2.5,72,51.0,Financial Services,PANIC,-6,IDEAL,STOPPED,2026-06-15,26.52,Stop Loss Hit,-5.57,60.6,MODERATE,OK
2026-06-11,17:08,Failed_Breakout_Short,Failed Breakout Short,ABSLAMC,SHORT,1068.6,1068.6,1130.97,975.04,912.67,2.5,72,69.0,Financial Services,PANIC,-6,IDEAL,STOPPED,2026-06-15,1130.97,Stop Loss Hit,-5.84,59.0,MODERATE,OK
2026-06-11,17:08,Failed_Breakout_Short,Failed Breakout Short,MRPL,SHORT,155.7,155.7,171.57,131.89,116.02,2.5,72,24.0,Oil Gas & Consumable Fuels,PANIC,-6,IDEAL,EXPIRED,2026-07-07,146.49,Expired (26d > 25d),5.92,52.8,MODERATE,OK
2026-06-12,13:58,VCP,VCP (Minervini v2),POLYCAB,BUY,9554.0,9833.0,9249.52,11775.06,14917.56,8.0,44,100.0,Capital Goods,PANIC,-3,BLOCKED,STOPPED,2026-07-08,9249.52,Stop Loss Hit,-5.93,38.5,WEAK,OK
2026-06-12,13:58,VCP,VCP (Minervini v2),KEI,BUY,5369.5,5476.3,5042.16,6427.59,7966.89,5.7,39,100.0,Capital Goods,PANIC,-3,BLOCKED,STOPPED,2026-07-08,5042.16,Stop Loss Hit,-7.93,36.4,WEAK,OK
2026-06-12,13:58,EMA21_Bounce,21 EMA Bounce,METROPOLIS,BUY,530.7,530.7,510.98,560.28,580.0,2.5,50,89.0,Pharma,PANIC,-3,BLOCKED,TARGET,2026-06-25,560.28,Target 1 Hit,5.57,90.5,ELITE,OK
2026-06-12,13:58,EMA21_Bounce,21 EMA Bounce,ADANIPORTS,BUY,1812.9,1812.9,1758.33,1894.76,1949.33,2.5,50,100.0,Services,PANIC,-3,BLOCKED,EXPIRED,2026-06-29,1776.1,Expired (17d > 15d),-2.03,90.1,ELITE,OK
2026-06-12,13:58,EMA21_Bounce,21 EMA Bounce,NAM-INDIA,BUY,1089.1,1089.1,1028.35,1180.22,1240.97,2.5,50,100.0,Financial Services,PANIC,-3,BLOCKED,TARGET,2026-06-19,1180.22,Target 1 Hit,8.37,89.3,ELITE,OK
2026-06-12,13:58,EMA21_Bounce,21 EMA Bounce,LT,BUY,4049.3,4049.3,3883.61,4297.84,4463.53,2.5,55,75.0,Construction,PANIC,-3,BLOCKED,EXPIRED,2026-06-29,4165.2,Expired (17d > 15d),2.86,87.7,ELITE,OK
2026-06-12,13:58,EMA21_Bounce,21 EMA Bounce,INDUSINDBK,BUY,917.35,917.35,878.34,975.86,1014.87,2.5,55,76.0,Financial Services,PANIC,-3,BLOCKED,EXPIRED,2026-06-29,915.4,Expired (17d > 15d),-0.21,86.3,ELITE,OK
2026-06-12,13:58,EMA21_Bounce,21 EMA Bounce,GNFC,BUY,503.85,503.85,487.61,528.21,539.6,2.2,45,88.0,Chemicals,PANIC,-3,BLOCKED,TARGET,2026-06-16,528.21,Target 1 Hit,4.83,86.2,ELITE,OK
2026-06-12,13:58,EMA21_Bounce,21 EMA Bounce,LICHSGFIN,BUY,559.5,559.5,534.95,596.32,620.87,2.5,55,80.0,Financial Services,PANIC,-3,BLOCKED,EXPIRED,2026-06-29,560.75,Expired (17d > 15d),0.22,84.9,ELITE,OK
2026-06-12,13:58,EMA21_Bounce,21 EMA Bounce,BSE,BUY,4041.1,4041.1,3830.84,4356.49,4566.75,2.5,45,100.0,Financial Services,PANIC,-3,BLOCKED,EXPIRED,2026-06-29,3859.9,Expired (17d > 15d),-4.48,84.8,ELITE,OK
2026-06-12,13:58,EMA21_Bounce,21 EMA Bounce,ABCAPITAL,BUY,358.1,358.1,336.62,390.32,411.8,2.5,50,79.0,Financial Services,PANIC,-3,BLOCKED,TARGET,2026-06-22,390.32,Target 1 Hit,9.0,82.1,ELITE,OK
2026-06-12,13:58,EMA21_Bounce,21 EMA Bounce,POLYCAB,BUY,9554.0,9554.0,9262.43,9991.36,10282.93,2.5,50,100.0,Capital Goods,PANIC,-3,BLOCKED,TARGET,2026-06-18,9991.36,Target 1 Hit,4.58,81.5,ELITE,OK
2026-06-12,13:58,EMA21_Bounce,21 EMA Bounce,BANDHANBNK,BUY,204.6,204.6,191.15,224.77,238.22,2.5,50,85.0,Financial Services,PANIC,-3,BLOCKED,EXPIRED,2026-06-29,202.33,Expired (17d > 15d),-1.11,81.5,ELITE,OK
2026-06-12,13:58,EMA21_Bounce,21 EMA Bounce,EICHERMOT,BUY,7312.0,7312.0,7091.2,7643.2,7864.0,2.5,45,65.0,Automobile and Auto Components,PANIC,-3,BLOCKED,TARGET,2026-06-15,7643.2,Target 1 Hit,4.53,80.3,ELITE,OK
2026-06-12,13:58,EMA21_Bounce,21 EMA Bounce,NMDC,BUY,90.93,90.93,88.14,95.12,97.91,2.5,50,80.0,Metals & Mining,PANIC,-3,BLOCKED,STOPPED,2026-06-16,88.14,Stop Loss Hit,-3.07,75.7,STRONG,OK
2026-06-12,13:58,EMA21_Bounce,21 EMA Bounce,MARICO,BUY,819.05,819.05,800.71,846.56,864.9,2.5,50,72.0,Fast Moving Consumer Goods,PANIC,-3,BLOCKED,STOPPED,2026-06-17,800.71,Stop Loss Hit,-2.24,74.1,STRONG,OK
2026-06-12,13:58,EMA21_Bounce,21 EMA Bounce,SUNPHARMA,BUY,1807.7,1807.7,1776.76,1857.8,1882.0,2.4,45,53.0,Healthcare,PANIC,-3,BLOCKED,TARGET,2026-06-22,1857.8,Target 1 Hit,2.77,70.3,STRONG,OK
2026-06-12,13:58,Last30Min_ATH,Near 52W High (EOD),ADANIPORTS,BUY,1812.9,1812.9,1777.9,1865.4,1900.4,2.5,33,100.0,Services,PANIC,-3,BLOCKED,STOPPED,2026-06-24,1777.9,Stop Loss Hit,-1.93,47.1,WEAK,OK
2026-06-12,13:58,Last30Min_ATH,Near 52W High (EOD),BANDHANBNK,BUY,204.6,204.6,194.4,219.9,230.1,2.5,33,85.0,Financial Services,PANIC,-3,BLOCKED,EXPIRED,2026-06-29,202.33,Expired (17d > 15d),-1.11,38.5,WEAK,OK
2026-06-12,13:58,Last30Min_ATH,Near 52W High (EOD),AXISBANK,BUY,1356.3,1356.3,1318.5,1413.0,1450.8,2.5,33,75.0,Financial Services,PANIC,-3,BLOCKED,EXPIRED,2026-06-29,1356.8,Expired (17d > 15d),0.04,37.1,WEAK,OK
2026-06-12,16:32,EMA21_Bounce,21 EMA Bounce,CRAFTSMAN,BUY,8917.5,8917.5,8595.95,9399.82,9721.37,2.5,50,99.0,Automobile and Auto Components,PANIC,-3,BLOCKED,TARGET,2026-06-16,9399.82,Target 1 Hit,5.41,91.8,ELITE,OK
2026-06-12,16:32,EMA21_Bounce,21 EMA Bounce,NIVABUPA,BUY,83.96,83.96,81.67,87.39,89.68,2.5,50,90.0,Financial Services,PANIC,-3,BLOCKED,TARGET,2026-06-18,87.39,Target 1 Hit,4.09,90.5,ELITE,OK
2026-06-12,16:32,EMA21_Bounce,21 EMA Bounce,ANGELONE,BUY,339.5,339.5,318.94,370.34,390.9,2.5,50,100.0,Financial Services,PANIC,-3,BLOCKED,EXPIRED,2026-06-29,328.75,Expired (17d > 15d),-3.17,89.8,ELITE,OK
2026-06-12,16:32,EMA21_Bounce,21 EMA Bounce,IKS,BUY,1678.3,1678.3,1623.65,1760.27,1763.8,1.6,50,100.0,Information Technology,PANIC,-3,BLOCKED,STOPPED,2026-06-16,1623.65,Stop Loss Hit,-3.26,89.8,ELITE,OK
2026-06-12,16:32,EMA21_Bounce,21 EMA Bounce,RADICO,BUY,3541.7,3541.7,3417.68,3727.73,3851.75,2.5,50,100.0,Fast Moving Consumer Goods,PANIC,-3,BLOCKED,TARGET,2026-06-18,3727.73,Target 1 Hit,5.25,89.3,ELITE,OK
2026-06-12,16:32,EMA21_Bounce,21 EMA Bounce,CARBORUNIV,BUY,1053.1,1053.1,976.89,1167.41,1243.62,2.5,55,100.0,Capital Goods,PANIC,-3,BLOCKED,TARGET,2026-06-18,1167.41,Target 1 Hit,10.85,88.8,ELITE,OK
2026-06-12,16:32,EMA21_Bounce,21 EMA Bounce,LLOYDSME,BUY,1761.9,1761.9,1680.87,1883.45,1964.48,2.5,50,100.0,Metals & Mining,PANIC,-3,BLOCKED,EXPIRED,2026-06-29,1805.7,Expired (17d > 15d),2.49,88.0,ELITE,OK
2026-06-12,16:32,EMA21_Bounce,21 EMA Bounce,VIJAYA,BUY,1287.2,1287.2,1221.37,1385.95,1451.78,2.5,50,100.0,Healthcare,PANIC,-3,BLOCKED,TARGET,2026-06-19,1385.95,Target 1 Hit,7.67,87.5,ELITE,OK
2026-06-12,16:32,EMA21_Bounce,21 EMA Bounce,ENRIN,BUY,3606.9,3606.9,3349.15,3993.52,4251.27,2.5,50,100.0,Capital Goods,PANIC,-3,BLOCKED,EXPIRED,2026-06-29,3583.9,Expired (17d > 15d),-0.64,87.4,ELITE,OK
2026-06-12,16:32,EMA21_Bounce,21 EMA Bounce,SUZLON,BUY,55.08,55.08,52.82,58.47,60.73,2.5,50,100.0,Capital Goods,PANIC,-3,BLOCKED,TARGET,2026-06-16,58.47,Target 1 Hit,6.15,87.3,ELITE,OK
2026-06-12,16:32,EMA21_Bounce,21 EMA Bounce,NSLNISP,BUY,47.24,47.24,44.97,53.75,56.03,3.9,50,100.0,Metals & Mining,PANIC,-3,BLOCKED,STOPPED,2026-06-23,44.97,Stop Loss Hit,-4.81,86.0,ELITE,OK
2026-06-12,16:32,EMA21_Bounce,21 EMA Bounce,GVT&D,BUY,4942.5,4942.5,4662.99,5361.76,5641.27,2.5,50,100.0,Capital Goods,PANIC,-3,BLOCKED,TARGET,2026-06-19,5361.76,Target 1 Hit,8.48,85.5,ELITE,OK
2026-06-12,16:32,EMA21_Bounce,21 EMA Bounce,THERMAX,BUY,4726.3,4726.3,4528.57,5022.9,5075.0,1.8,45,100.0,Capital Goods,PANIC,-3,BLOCKED,TARGET,2026-06-29,5022.9,Target 1 Hit,6.28,85.5,ELITE,OK
2026-06-12,16:32,EMA21_Bounce,21 EMA Bounce,TRITURBINE,BUY,671.2,671.2,629.37,733.95,738.0,1.6,50,100.0,Capital Goods,PANIC,-3,BLOCKED,TARGET,2026-06-22,733.95,Target 1 Hit,9.35,85.5,ELITE,OK
2026-06-12,16:32,EMA21_Bounce,21 EMA Bounce,IGIL,BUY,366.75,366.75,350.66,390.88,406.97,2.5,50,84.0,Services,PANIC,-3,BLOCKED,STOPPED,2026-06-24,350.66,Stop Loss Hit,-4.39,84.9,ELITE,OK
2026-06-12,16:32,EMA21_Bounce,21 EMA Bounce,NYKAA,BUY,273.5,273.5,259.46,294.56,308.6,2.5,55,79.0,Consumer Services,PANIC,-3,BLOCKED,TARGET,2026-06-18,294.56,Target 1 Hit,7.7,84.3,ELITE,OK
2026-06-12,16:32,EMA21_Bounce,21 EMA Bounce,FACT,BUY,902.35,902.35,868.64,952.92,986.63,2.5,50,69.0,Chemicals,PANIC,-3,BLOCKED,TARGET,2026-06-16,952.92,Target 1 Hit,5.6,83.4,ELITE,OK
2026-06-12,16:32,EMA21_Bounce,21 EMA Bounce,JINDALSAW,BUY,238.5,238.5,221.14,264.54,281.9,2.5,50,97.0,Capital Goods,PANIC,-3,BLOCKED,TARGET,2026-06-18,264.54,Target 1 Hit,10.92,83.1,ELITE,OK
2026-06-12,16:32,EMA21_Bounce,21 EMA Bounce,KPIL,BUY,1301.6,1301.6,1232.51,1405.23,1474.32,2.5,50,82.0,Construction,PANIC,-3,BLOCKED,TARGET,2026-06-19,1405.23,Target 1 Hit,7.96,81.8,ELITE,OK
2026-06-12,16:32,EMA21_Bounce,21 EMA Bounce,ZYDUSWELL,BUY,506.0,506.0,491.31,528.04,542.73,2.5,50,100.0,Fast Moving Consumer Goods,PANIC,-3,BLOCKED,TARGET,2026-06-22,528.04,Target 1 Hit,4.36,81.0,ELITE,OK
2026-06-12,16:32,EMA21_Bounce,21 EMA Bounce,EMCURE,BUY,1736.2,1736.2,1649.28,1866.58,1953.5,2.5,50,85.0,Healthcare,PANIC,-3,BLOCKED,TARGET,2026-06-23,1866.58,Target 1 Hit,7.51,78.6,STRONG,OK
2026-06-12,16:32,EMA21_Bounce,21 EMA Bounce,VTL,BUY,627.85,627.85,600.82,668.4,695.43,2.5,45,87.0,Textiles,PANIC,-3,BLOCKED,TARGET,2026-06-19,668.4,Target 1 Hit,6.46,78.1,STRONG,OK
2026-06-12,16:32,EMA21_Bounce,21 EMA Bounce,KARURVYSYA,BUY,288.95,288.95,272.91,313.01,329.05,2.5,55,51.0,Financial Services,PANIC,-3,BLOCKED,EXPIRED,2026-06-29,298.85,Expired (17d > 15d),3.43,76.8,STRONG,OK
2026-06-12,16:32,52WH_Breakout,52-Week High Breakout,IFCI,BUY,84.57,84.57,80.82,108.16,146.33,8.0,42,100.0,Financial Services,PANIC,-3,BLOCKED,STOPPED,2026-06-18,80.82,Stop Loss Hit,-4.43,47.0,WEAK,OK
2026-06-12,16:32,52WH_Breakout,52-Week High Breakout,APARINDS,BUY,15221.0,15221.0,14649.07,19060.02,25272.02,8.0,32,100.0,Capital Goods,PANIC,-3,BLOCKED,STOPPED,2026-07-01,14649.07,Stop Loss Hit,-3.76,42.0,WEAK,OK
2026-06-12,16:32,52WH_Breakout,52-Week High Breakout,MAHABANK,BUY,87.3,87.3,83.96,104.1,131.29,8.0,37,100.0,Financial Services,PANIC,-3,BLOCKED,STOPPED,2026-07-07,83.96,Stop Loss Hit,-3.83,41.4,WEAK,OK
2026-06-12,16:32,Last30Min_ATH,Near 52W High (EOD),CGCL,BUY,208.48,208.48,199.05,222.62,240.33,3.4,33,100.0,Financial Services,PANIC,-3,BLOCKED,TARGET,2026-06-16,222.62,Target 1 Hit,6.78,50.8,MODERATE,OK
2026-06-12,16:32,Last30Min_ATH,Near 52W High (EOD),RBLBANK,BUY,365.85,365.85,353.55,414.33,492.78,8.0,39,99.0,Financial Services,PANIC,-3,BLOCKED,EXPIRED,2026-06-29,363.8,Expired (17d > 15d),-0.56,50.0,MODERATE,OK
2026-06-12,16:32,Last30Min_ATH,Near 52W High (EOD),NUVAMA,BUY,1588.1,1588.1,1521.5,1688.0,1754.6,2.5,33,100.0,Financial Services,PANIC,-3,BLOCKED,TARGET,2026-06-17,1688.0,Target 1 Hit,6.29,48.1,WEAK,OK
2026-06-12,16:32,Last30Min_ATH,Near 52W High (EOD),IFCI,BUY,84.57,84.57,72.3,108.16,146.33,5.0,39,100.0,Financial Services,PANIC,-3,BLOCKED,EXPIRED,2026-06-29,77.18,Expired (17d > 15d),-8.74,47.0,WEAK,OK
2026-06-12,16:32,Last30Min_ATH,Near 52W High (EOD),RADICO,BUY,3541.7,3541.7,3460.2,3663.95,3679.0,1.7,33,100.0,Fast Moving Consumer Goods,PANIC,-3,BLOCKED,TARGET,2026-06-18,3663.95,Target 1 Hit,3.45,46.3,WEAK,OK
2026-06-12,16:32,Last30Min_ATH,Near 52W High (EOD),DATAPATTNS,BUY,4545.7,4545.7,4253.5,4984.0,5562.68,3.5,37,100.0,Capital Goods,PANIC,-3,BLOCKED,EXPIRED,2026-06-29,4472.1,Expired (17d > 15d),-1.62,43.5,WEAK,OK
2026-06-12,16:32,Last30Min_ATH,Near 52W High (EOD),EMMVEE,BUY,343.55,343.55,327.15,426.27,560.12,8.0,35,100.0,Capital Goods,PANIC,-3,BLOCKED,STOPPED,2026-06-22,327.15,Stop Loss Hit,-4.77,43.0,WEAK,OK
2026-06-12,16:32,Last30Min_ATH,Near 52W High (EOD),PIRAMALFIN,BUY,2017.2,2017.2,1953.7,2112.45,2268.26,4.0,33,82.0,Financial Services,PANIC,-3,BLOCKED,TARGET,2026-06-19,2112.45,Target 1 Hit,4.72,42.9,WEAK,OK
2026-06-12,16:32,Last30Min_ATH,Near 52W High (EOD),APARINDS,BUY,15221.0,15221.0,14733.0,19060.02,25272.02,8.0,39,100.0,Capital Goods,PANIC,-3,BLOCKED,EXPIRED,2026-06-29,15986.0,Expired (17d > 15d),5.03,42.0,WEAK,OK
2026-06-12,16:32,Last30Min_ATH,Near 52W High (EOD),MAHABANK,BUY,87.3,87.3,83.67,104.1,131.29,8.0,39,100.0,Financial Services,PANIC,-3,BLOCKED,EXPIRED,2026-06-29,93.85,Expired (17d > 15d),7.5,41.4,WEAK,OK
2026-06-12,16:32,Last30Min_ATH,Near 52W High (EOD),NYKAA,BUY,273.5,273.5,262.8,289.55,300.25,2.5,37,79.0,Consumer Services,PANIC,-3,BLOCKED,TARGET,2026-06-18,289.55,Target 1 Hit,5.87,41.3,WEAK,OK
2026-06-12,16:32,Last30Min_ATH,Near 52W High (EOD),CAPLIPOINT,BUY,2407.8,2407.8,2344.0,2970.47,3880.93,8.0,35,100.0,Healthcare,PANIC,-3,BLOCKED,STOPPED,2026-06-16,2344.0,Stop Loss Hit,-2.65,37.8,WEAK,OK
2026-06-12,16:32,Failed_Breakout_Short,Failed Breakout Short,JSWDULUX,SHORT,3168.4,3168.4,3318.9,2942.65,2792.15,2.5,77,73.0,Consumer Durables,PANIC,-3,IDEAL,STOPPED,2026-06-19,3318.9,Stop Loss Hit,-4.75,67.3,STRONG,OK
2026-06-15,16:14,VCP,VCP (Minervini v2),ADANIPORTS,BUY,1804.8,1850.0,1729.19,2197.27,2759.2,7.5,81,100.0,Services,ACCUMULATION,2,IDEAL,EXPIRED,2026-07-13,1810.3,Expired (28d > 25d),-2.15,68.1,STRONG,OK
2026-06-15,16:14,VCP,VCP (Minervini v2),POLYCAB,BUY,9556.0,9833.0,9273.9,11775.06,14917.56,8.0,81,100.0,Capital Goods,ACCUMULATION,2,IDEAL,STOPPED,2026-07-08,9273.9,Stop Loss Hit,-5.69,64.3,MODERATE,OK
2026-06-15,16:14,EMA21_Bounce,21 EMA Bounce,CUMMINSIND,BUY,5754.0,5754.0,5496.2,6140.7,6398.5,2.5,55,98.0,Capital Goods,ACCUMULATION,2,CAUTION,EXPIRED,2026-07-01,5663.0,Expired (16d > 15d),-1.58,69.6,STRONG,OK
2026-06-15,16:14,EMA21_Bounce,21 EMA Bounce,STARHEALTH,BUY,528.65,528.65,514.69,549.59,563.55,2.5,60,78.0,Financial Services,ACCUMULATION,2,CAUTION,TARGET,2026-06-18,549.59,Target 1 Hit,3.96,67.1,STRONG,OK
2026-06-15,16:14,EMA21_Bounce,21 EMA Bounce,ABB,BUY,6922.5,6922.5,6724.02,7327.0,7340.0,2.1,60,68.0,Capital Goods,ACCUMULATION,2,CAUTION,EXPIRED,2026-07-01,6937.0,Expired (16d > 15d),0.21,56.0,MODERATE,OK
2026-06-15,16:14,Last30Min_ATH,Near 52W High (EOD),YESBANK,BUY,23.78,23.78,23.25,24.58,27.85,7.7,58,100.0,Financial Services,ACCUMULATION,2,CAUTION,TARGET,2026-06-17,24.58,Target 1 Hit,3.36,91.2,ELITE,OK
2026-06-15,16:14,Last30Min_ATH,Near 52W High (EOD),NAM-INDIA,BUY,1140.1,1140.1,1099.9,1352.57,1696.37,8.0,60,100.0,Financial Services,ACCUMULATION,2,CAUTION,EXPIRED,2026-07-01,1196.4,Expired (16d > 15d),4.94,88.1,ELITE,OK
2026-06-15,16:14,Last30Min_ATH,Near 52W High (EOD),PIDILITIND,BUY,1571.0,1571.0,1555.8,1763.82,2075.82,8.0,64,85.0,Chemicals,ACCUMULATION,2,CAUTION,STOPPED,2026-06-16,1555.8,Stop Loss Hit,-0.97,87.7,ELITE,OK
2026-06-15,18:09,VCP,VCP (Minervini v2),VBL,BUY,541.0,544.4,508.94,645.9,810.14,7.5,85,100.0,Fast Moving Consumer Goods,ACCUMULATION,2,IDEAL,STOPPED,2026-06-22,508.94,Stop Loss Hit,-6.51,69.2,STRONG,OK
2026-06-15,18:09,VCP,VCP (Minervini v2),RADICO,BUY,3592.0,3679.0,3393.05,4375.24,5501.84,6.4,86,100.0,Fast Moving Consumer Goods,ACCUMULATION,2,IDEAL,EXPIRED,2026-07-13,4045.4,Expired (28d > 25d),9.96,67.4,STRONG,OK
2026-06-15,18:09,EMA21_Bounce,21 EMA Bounce,SCI,BUY,310.75,310.75,295.55,333.55,348.75,2.5,65,100.0,Services,ACCUMULATION,2,CAUTION,EXPIRED,2026-07-01,301.15,Expired (16d > 15d),-3.09,75.5,STRONG,OK
2026-06-15,18:09,EMA21_Bounce,21 EMA Bounce,SCHNEIDER,BUY,1216.2,1216.2,1069.5,1436.25,1582.95,2.5,60,100.0,Capital Goods,ACCUMULATION,2,CAUTION,TARGET,2026-06-23,1436.25,Target 1 Hit,18.09,73.8,STRONG,OK
2026-06-15,18:09,EMA21_Bounce,21 EMA Bounce,CAMS,BUY,777.35,777.35,750.08,818.26,845.53,2.5,60,91.0,Financial Services,ACCUMULATION,2,CAUTION,TARGET,2026-06-18,818.26,Target 1 Hit,5.26,73.5,STRONG,OK
2026-06-15,18:09,EMA21_Bounce,21 EMA Bounce,PNBHOUSING,BUY,1017.3,1017.3,983.34,1068.24,1068.5,1.5,55,100.0,Financial Services,ACCUMULATION,2,CAUTION,TARGET,2026-06-25,1068.24,Target 1 Hit,5.01,72.2,STRONG,OK
2026-06-15,18:09,EMA21_Bounce,21 EMA Bounce,USHAMART,BUY,494.95,494.95,478.24,520.02,527.5,1.9,60,93.0,Capital Goods,ACCUMULATION,2,CAUTION,STOPPED,2026-06-19,478.24,Stop Loss Hit,-3.38,66.5,STRONG,OK
2026-06-15,18:09,EMA21_Bounce,21 EMA Bounce,CIEINDIA,BUY,464.8,464.8,444.7,494.95,515.05,2.5,65,57.0,Automobile and Auto Components,ACCUMULATION,2,CAUTION,EXPIRED,2026-07-01,458.9,Expired (16d > 15d),-1.27,54.4,MODERATE,OK
2026-06-15,18:09,52WH_Breakout,52-Week High Breakout,NUVAMA,BUY,1660.9,1660.9,1573.96,1791.31,2015.87,4.1,62,100.0,Financial Services,ACCUMULATION,2,CAUTION,TARGET,2026-06-30,1791.31,Target 1 Hit,7.85,87.4,ELITE,OK
2026-06-15,18:09,52WH_Breakout,52-Week High Breakout,RBLBANK,BUY,372.65,372.65,363.11,425.33,510.58,8.0,57,100.0,Financial Services,ACCUMULATION,2,CAUTION,STOPPED,2026-06-29,363.11,Stop Loss Hit,-2.56,84.6,ELITE,OK
2026-06-15,18:09,52WH_Breakout,52-Week High Breakout,ANGELONE,BUY,352.3,352.3,344.58,363.88,436.79,8.0,62,100.0,Financial Services,ACCUMULATION,2,CAUTION,STOPPED,2026-06-16,344.58,Stop Loss Hit,-2.19,83.8,ELITE,OK
2026-06-15,18:09,52WH_Breakout,52-Week High Breakout,IFCI,BUY,89.6,89.6,81.82,101.27,116.3,3.4,67,100.0,Financial Services,ACCUMULATION,2,CAUTION,STOPPED,2026-06-18,81.82,Stop Loss Hit,-8.68,83.1,ELITE,OK
2026-06-15,18:09,52WH_Breakout,52-Week High Breakout,MAHABANK,BUY,89.12,89.12,86.43,93.16,107.05,6.7,57,100.0,Financial Services,ACCUMULATION,2,CAUTION,TARGET,2026-06-29,93.16,Target 1 Hit,4.53,77.0,STRONG,OK
2026-06-15,18:09,52WH_Breakout,52-Week High Breakout,APARINDS,BUY,15986.0,15986.0,14996.46,17470.31,20146.38,4.2,57,100.0,Capital Goods,ACCUMULATION,2,CAUTION,STOPPED,2026-07-01,14996.46,Stop Loss Hit,-6.19,75.1,STRONG,OK
2026-06-15,18:09,52WH_Breakout,52-Week High Breakout,BHARATFORG,BUY,2020.5,2020.5,1961.61,2108.84,2274.07,4.3,57,91.0,Automobile and Auto Components,ACCUMULATION,2,CAUTION,TARGET,2026-06-22,2108.84,Target 1 Hit,4.37,73.8,STRONG,OK
2026-06-15,18:09,52WH_Breakout,52-Week High Breakout,ABSLAMC,BUY,1146.1,1146.1,1099.34,1216.24,1318.52,3.7,67,96.0,Financial Services,ACCUMULATION,2,CAUTION,STOPPED,2026-06-17,1099.34,Stop Loss Hit,-4.08,70.3,STRONG,OK
2026-06-15,18:09,Last30Min_ATH,Near 52W High (EOD),RBLBANK,BUY,372.65,372.65,367.95,425.33,510.58,8.0,64,100.0,Financial Services,ACCUMULATION,2,CAUTION,STOPPED,2026-06-16,367.95,Stop Loss Hit,-1.26,89.0,ELITE,OK
2026-06-15,18:09,Last30Min_ATH,Near 52W High (EOD),VBL,BUY,541.0,541.0,527.2,640.4,801.24,8.0,60,100.0,Fast Moving Consumer Goods,ACCUMULATION,2,CAUTION,STOPPED,2026-06-19,527.2,Stop Loss Hit,-2.55,88.7,ELITE,OK
2026-06-15,18:09,Last30Min_ATH,Near 52W High (EOD),BHARATFORG,BUY,2020.5,2020.5,1954.8,2119.05,2274.07,3.9,64,91.0,Automobile and Auto Components,ACCUMULATION,2,CAUTION,TARGET,2026-06-23,2119.05,Target 1 Hit,4.88,78.2,STRONG,OK
2026-06-15,18:09,Failed_Breakout_Short,Failed Breakout Short,DEEPAKFERT,SHORT,1508.3,1508.3,1610.85,1354.48,1251.93,2.5,57,100.0,Chemicals,ACCUMULATION,2,CAUTION,STOPPED,2026-06-23,1610.85,Stop Loss Hit,-6.8,56.1,MODERATE,OK
2026-06-16,15:48,VCP,VCP (Minervini v2),POLYCAB,BUY,9591.5,9833.0,9273.9,11775.06,14917.56,8.0,81,100.0,Capital Goods,ACCUMULATION,2,IDEAL,STOPPED,2026-07-08,9273.9,Stop Loss Hit,-5.69,65.1,STRONG,OK
2026-06-16,15:48,EMA21_Bounce,21 EMA Bounce,METROPOLIS,BUY,534.15,534.15,515.29,562.44,581.3,2.5,65,82.0,Pharma,ACCUMULATION,2,CAUTION,TARGET,2026-06-25,562.44,Target 1 Hit,5.3,77.9,STRONG,OK
2026-06-16,15:48,EMA21_Bounce,21 EMA Bounce,ADANIPORTS,BUY,1822.0,1822.0,1765.56,1906.66,2151.97,5.8,60,100.0,Services,ACCUMULATION,2,CAUTION,EXPIRED,2026-07-02,1883.2,Expired (16d > 15d),3.36,71.3,STRONG,OK
2026-06-16,15:48,EMA21_Bounce,21 EMA Bounce,LICHSGFIN,BUY,552.8,552.8,540.68,570.98,583.1,2.5,60,69.0,Financial Services,ACCUMULATION,2,CAUTION,STOPPED,2026-06-23,540.68,Stop Loss Hit,-2.19,61.2,MODERATE,OK
2026-06-16,15:48,EMA21_Bounce,21 EMA Bounce,DIVISLAB,BUY,6712.5,6712.5,6497.54,7034.94,7249.9,2.5,60,70.0,Healthcare,ACCUMULATION,2,CAUTION,EXPIRED,2026-07-02,6682.5,Expired (16d > 15d),-0.45,58.9,MODERATE,OK
2026-06-16,15:48,EMA21_Bounce,21 EMA Bounce,ABB,BUY,7021.0,7021.0,6831.03,7327.0,7340.0,1.7,55,76.0,Capital Goods,ACCUMULATION,2,CAUTION,STOPPED,2026-07-02,6831.03,Stop Loss Hit,-2.71,57.5,MODERATE,OK
2026-06-16,15:48,EMA21_Bounce,21 EMA Bounce,SCHAEFFLER,BUY,4163.0,4163.0,3969.53,4453.2,4646.67,2.5,65,71.0,Automobile and Auto Components,ACCUMULATION,2,CAUTION,EXPIRED,2026-07-02,4107.0,Expired (16d > 15d),-1.35,56.6,MODERATE,OK
2026-06-16,15:48,EMA21_Bounce,21 EMA Bounce,ASTRAL,BUY,1564.0,1564.0,1515.02,1637.47,1686.45,2.5,55,42.0,Capital Goods,ACCUMULATION,2,CAUTION,STOPPED,2026-06-25,1515.02,Stop Loss Hit,-3.13,48.9,WEAK,OK
2026-06-16,15:48,52WH_Breakout,52-Week High Breakout,BANDHANBNK,BUY,216.74,216.74,211.46,263.73,339.77,8.0,62,100.0,Financial Services,ACCUMULATION,2,CAUTION,STOPPED,2026-06-19,211.46,Stop Loss Hit,-2.44,78.7,STRONG,OK
2026-06-16,15:48,Last30Min_ATH,Near 52W High (EOD),BANDHANBNK,BUY,216.74,216.74,207.5,263.73,339.77,8.0,64,100.0,Financial Services,ACCUMULATION,2,CAUTION,STOPPED,2026-06-19,207.5,Stop Loss Hit,-4.26,83.1,ELITE,OK
2026-06-16,15:48,Failed_Breakout_Short,Failed Breakout Short,BERGEPAINT,SHORT,510.5,510.5,543.17,461.5,428.83,2.5,57,100.0,Consumer Durables,ACCUMULATION,2,CAUTION,STOPPED,2026-06-19,543.17,Stop Loss Hit,-6.4,59.1,MODERATE,OK
2026-06-16,18:17,VCP,VCP (Minervini v2),VBL,BUY,541.05,544.4,508.94,645.9,810.14,7.5,85,100.0,Fast Moving Consumer Goods,ACCUMULATION,2,IDEAL,STOPPED,2026-06-22,508.94,Stop Loss Hit,-6.51,69.3,STRONG,OK
2026-06-16,18:17,VCP,VCP (Minervini v2),KAJARIACER,BUY,1139.1,1142.8,1054.8,1274.8,1362.8,2.5,80,100.0,Consumer Durables,ACCUMULATION,2,IDEAL,EXPIRED,2026-07-13,1236.4,Expired (27d > 25d),8.19,69.1,STRONG,OK
2026-06-16,18:17,VCP,VCP (Minervini v2),RADICO,BUY,3578.7,3679.0,3393.05,4375.24,5501.84,6.4,86,100.0,Fast Moving Consumer Goods,ACCUMULATION,2,IDEAL,EXPIRED,2026-07-13,4045.4,Expired (27d > 25d),9.96,67.5,STRONG,OK
2026-06-16,18:17,EMA21_Bounce,21 EMA Bounce,AMBER,BUY,7810.5,7810.5,7476.16,8312.01,8646.35,2.5,60,88.0,Consumer Durables,ACCUMULATION,2,CAUTION,STOPPED,2026-06-29,7476.16,Stop Loss Hit,-4.28,77.2,STRONG,OK
2026-06-16,18:17,EMA21_Bounce,21 EMA Bounce,VIJAYA,BUY,1298.6,1298.6,1245.54,1378.19,1379.3,1.5,60,100.0,Healthcare,ACCUMULATION,2,CAUTION,TARGET,2026-06-19,1378.19,Target 1 Hit,6.13,72.9,STRONG,OK
2026-06-16,18:17,EMA21_Bounce,21 EMA Bounce,KIMS,BUY,778.65,778.65,749.78,821.96,850.83,2.5,60,90.0,Healthcare,ACCUMULATION,2,CAUTION,TARGET,2026-06-30,821.96,Target 1 Hit,5.56,69.9,STRONG,OK
2026-06-16,18:17,EMA21_Bounce,21 EMA Bounce,LLOYDSME,BUY,1765.0,1765.0,1708.05,1850.43,1907.38,2.5,55,100.0,Metals & Mining,ACCUMULATION,2,CAUTION,STOPPED,2026-06-24,1708.05,Stop Loss Hit,-3.23,69.4,STRONG,OK
2026-06-16,18:17,EMA21_Bounce,21 EMA Bounce,GVT&D,BUY,4872.5,4872.5,4666.21,5181.93,5388.22,2.5,55,100.0,Capital Goods,ACCUMULATION,2,CAUTION,TARGET,2026-06-18,5181.93,Target 1 Hit,6.35,68.9,STRONG,OK
2026-06-16,18:17,EMA21_Bounce,21 EMA Bounce,ENRIN,BUY,3608.9,3608.9,3442.66,3858.26,4024.5,2.5,55,100.0,Capital Goods,ACCUMULATION,2,CAUTION,TARGET,2026-06-22,3858.26,Target 1 Hit,6.91,68.4,STRONG,OK
2026-06-16,18:17,EMA21_Bounce,21 EMA Bounce,USHAMART,BUY,499.2,499.2,480.1,527.85,546.95,2.5,55,100.0,Capital Goods,ACCUMULATION,2,CAUTION,STOPPED,2026-06-19,480.1,Stop Loss Hit,-3.83,64.9,MODERATE,OK
2026-06-16,18:17,EMA21_Bounce,21 EMA Bounce,PREMIERENE,BUY,1055.3,1055.3,1003.4,1133.15,1134.72,1.5,60,100.0,Capital Goods,ACCUMULATION,2,CAUTION,EXPIRED,2026-07-02,1050.1,Expired (16d > 15d),-0.49,62.9,MODERATE,OK
2026-06-16,18:17,EMA21_Bounce,21 EMA Bounce,FINCABLES,BUY,1055.5,1055.5,1013.67,1118.25,1172.8,2.8,55,99.0,Capital Goods,ACCUMULATION,2,CAUTION,TARGET,2026-06-17,1118.25,Target 1 Hit,5.95,60.8,MODERATE,OK
2026-06-16,18:17,EMA21_Bounce,21 EMA Bounce,LGEINDIA,BUY,1569.6,1569.6,1513.13,1654.3,1710.77,2.5,60,53.0,Consumer Durables,ACCUMULATION,2,CAUTION,TARGET,2026-06-19,1654.3,Target 1 Hit,5.4,60.0,MODERATE,OK
2026-06-16,18:17,EMA21_Bounce,21 EMA Bounce,EMCURE,BUY,1735.0,1735.0,1680.49,1816.76,1871.27,2.5,60,87.0,Healthcare,ACCUMULATION,2,CAUTION,TARGET,2026-06-23,1816.76,Target 1 Hit,4.71,59.9,MODERATE,OK
2026-06-16,18:17,EMA21_Bounce,21 EMA Bounce,ZYDUSWELL,BUY,510.5,510.5,487.15,545.53,568.88,2.5,55,89.0,Fast Moving Consumer Goods,ACCUMULATION,2,CAUTION,TARGET,2026-06-29,545.53,Target 1 Hit,6.86,59.7,MODERATE,OK
2026-06-16,18:17,EMA21_Bounce,21 EMA Bounce,TIMKEN,BUY,3634.3,3634.3,3483.5,3860.5,4011.3,2.5,65,60.0,Capital Goods,ACCUMULATION,2,CAUTION,TARGET,2026-06-22,3860.5,Target 1 Hit,6.22,57.9,MODERATE,OK
2026-06-16,18:17,EMA21_Bounce,21 EMA Bounce,KARURVYSYA,BUY,294.55,294.55,282.37,312.82,325.0,2.5,60,56.0,Financial Services,ACCUMULATION,2,CAUTION,EXPIRED,2026-07-02,293.95,Expired (16d > 15d),-0.2,56.7,MODERATE,OK
2026-06-16,18:17,EMA21_Bounce,21 EMA Bounce,AJANTPHARM,BUY,3079.7,3079.7,2976.95,3233.82,3336.57,2.5,60,57.0,Healthcare,ACCUMULATION,2,CAUTION,TARGET,2026-06-23,3233.82,Target 1 Hit,5.0,54.0,MODERATE,OK
2026-06-16,18:17,52WH_Breakout,52-Week High Breakout,MMTC,BUY,75.74,75.74,70.45,83.67,91.59,3.0,62,100.0,Services,ACCUMULATION,2,CAUTION,STOPPED,2026-06-25,70.45,Stop Loss Hit,-6.98,80.1,ELITE,OK
2026-06-16,18:17,52WH_Breakout,52-Week High Breakout,KPIL,BUY,1365.7,1365.7,1312.0,1446.25,1587.31,4.1,67,100.0,Construction,ACCUMULATION,2,CAUTION,TARGET,2026-06-22,1446.25,Target 1 Hit,5.9,79.6,STRONG,OK
2026-06-16,18:17,Failed_Breakout_Short,Failed Breakout Short,GROWW,SHORT,199.68,199.68,210.49,183.46,172.65,2.5,60,100.0,Financial Services,ACCUMULATION,2,CAUTION,EXPIRED,2026-07-13,208.18,Expired (27d > 25d),-4.26,64.1,MODERATE,OK
2026-06-16,18:17,Failed_Breakout_Short,Failed Breakout Short,GABRIEL,SHORT,1136.4,1136.4,1188.56,1058.16,1006.0,2.5,60,100.0,Automobile and Auto Components,ACCUMULATION,2,CAUTION,STOPPED,2026-06-19,1188.56,Stop Loss Hit,-4.59,61.7,MODERATE,OK
2026-06-16,18:17,Failed_Breakout_Short,Failed Breakout Short,ITCHOTELS,SHORT,157.71,157.71,161.35,152.25,148.61,2.5,57,54.0,Consumer Services,ACCUMULATION,2,CAUTION,STOPPED,2026-06-18,161.35,Stop Loss Hit,-2.31,53.9,MODERATE,OK
2026-06-16,18:17,Failed_Breakout_Short,Failed Breakout Short,RKFORGE,SHORT,583.5,583.5,612.76,539.61,510.35,2.5,57,60.0,Automobile and Auto Components,ACCUMULATION,2,CAUTION,EXPIRED,2026-07-13,565.5,Expired (27d > 25d),3.08,48.5,WEAK,OK
2026-06-16,18:17,Failed_Breakout_Short,Failed Breakout Short,MRF,SHORT,128470.0,128470.0,132467.0,122474.5,118477.5,2.5,57,43.0,Automobile and Auto Components,ACCUMULATION,2,CAUTION,STOPPED,2026-06-23,132467.0,Stop Loss Hit,-3.11,48.2,WEAK,OK
2026-06-16,18:17,Failed_Breakout_Short,Failed Breakout Short,CASTROLIND,SHORT,185.41,185.41,188.9,180.18,176.69,2.5,57,54.0,Oil Gas & Consumable Fuels,ACCUMULATION,2,CAUTION,EXPIRED,2026-07-13,183.58,Expired (27d > 25d),0.99,46.3,WEAK,OK
2026-06-16,18:17,Failed_Breakout_Short,Failed Breakout Short,AADHARHFC,SHORT,485.0,485.0,500.08,462.38,447.3,2.5,57,52.0,Financial Services,ACCUMULATION,2,CAUTION,STOPPED,2026-06-19,500.08,Stop Loss Hit,-3.11,42.2,WEAK,OK
2026-06-17,14:23,EMA21_Bounce,21 EMA Bounce,ADANIPORTS,BUY,1828.6,1828.6,1768.5,1918.75,2162.65,5.6,65,100.0,Services,ACCUMULATION,2,CAUTION,EXPIRED,2026-07-03,1874.2,Expired (16d > 15d),2.49,73.1,STRONG,OK
2026-06-17,14:23,EMA21_Bounce,21 EMA Bounce,BHEL,BUY,392.25,392.25,374.81,418.41,435.85,2.5,55,100.0,Capital Goods,ACCUMULATION,2,CAUTION,TARGET,2026-06-19,418.41,Target 1 Hit,6.67,70.2,STRONG,OK
2026-06-17,14:23,EMA21_Bounce,21 EMA Bounce,STARHEALTH,BUY,533.7,533.7,514.74,562.14,586.25,2.8,65,75.0,Financial Services,ACCUMULATION,2,CAUTION,TARGET,2026-06-18,562.14,Target 1 Hit,5.33,65.9,STRONG,OK
2026-06-17,14:23,EMA21_Bounce,21 EMA Bounce,NESTLEIND,BUY,1407.3,1407.3,1369.75,1463.62,1501.17,2.5,60,75.0,Fast Moving Consumer Goods,ACCUMULATION,2,CAUTION,TARGET,2026-07-03,1463.62,Target 1 Hit,4.0,65.3,STRONG,OK
2026-06-17,14:23,EMA21_Bounce,21 EMA Bounce,INDUSINDBK,BUY,936.2,936.2,898.46,992.81,1030.55,2.5,60,70.0,Financial Services,ACCUMULATION,2,CAUTION,EXPIRED,2026-07-03,974.35,Expired (16d > 15d),4.07,61.8,MODERATE,OK
2026-06-17,14:23,EMA21_Bounce,21 EMA Bounce,APOLLOHOSP,BUY,8427.5,8427.5,8224.98,8731.28,9260.25,4.1,60,67.0,Healthcare,ACCUMULATION,2,CAUTION,TARGET,2026-06-29,8731.28,Target 1 Hit,3.6,60.4,MODERATE,OK
2026-06-17,14:23,EMA21_Bounce,21 EMA Bounce,OBEROIRLTY,BUY,1694.8,1694.8,1625.49,1798.76,1868.07,2.5,65,81.0,Realty,ACCUMULATION,2,CAUTION,TARGET,2026-07-01,1798.76,Target 1 Hit,6.13,57.6,MODERATE,OK
2026-06-17,14:23,EMA21_Bounce,21 EMA Bounce,JSWSTEEL,BUY,1287.2,1287.2,1254.83,1335.76,1368.13,2.5,55,62.0,Metals & Mining,ACCUMULATION,2,CAUTION,STOPPED,2026-06-23,1254.83,Stop Loss Hit,-2.51,57.1,MODERATE,OK
2026-06-17,14:23,EMA21_Bounce,21 EMA Bounce,SIEMENS,BUY,3725.4,3725.4,3574.75,3951.38,4102.03,2.5,55,77.0,Capital Goods,ACCUMULATION,2,CAUTION,STOPPED,2026-06-24,3574.75,Stop Loss Hit,-4.04,54.9,MODERATE,OK
2026-06-17,14:23,EMA21_Bounce,21 EMA Bounce,SUNPHARMA,BUY,1820.4,1820.4,1787.61,1869.59,1882.0,1.9,55,45.0,Healthcare,ACCUMULATION,2,CAUTION,TARGET,2026-06-23,1869.59,Target 1 Hit,2.7,52.4,MODERATE,OK
2026-06-17,14:23,EMA21_Bounce,21 EMA Bounce,ASTRAL,BUY,1565.2,1565.2,1516.44,1638.34,1687.1,2.5,55,31.0,Capital Goods,ACCUMULATION,2,CAUTION,STOPPED,2026-06-24,1516.44,Stop Loss Hit,-3.12,45.6,WEAK,OK
2026-06-17,14:23,52WH_Breakout,52-Week High Breakout,YESBANK,BUY,25.11,25.11,24.09,26.64,30.0,4.8,62,100.0,Financial Services,ACCUMULATION,2,CAUTION,STOPPED,2026-07-01,24.09,Stop Loss Hit,-4.06,86.1,ELITE,OK
2026-06-17,14:23,52WH_Breakout,52-Week High Breakout,POLYCAB,BUY,9926.5,9926.5,9718.43,11926.35,15162.35,8.0,57,100.0,Capital Goods,ACCUMULATION,2,CAUTION,STOPPED,2026-06-24,9718.43,Stop Loss Hit,-2.1,83.7,ELITE,OK
2026-06-17,14:23,52WH_Breakout,52-Week High Breakout,GNFC,BUY,559.25,559.25,533.13,679.3,873.55,8.0,62,100.0,Chemicals,ACCUMULATION,2,CAUTION,STOPPED,2026-07-01,533.13,Stop Loss Hit,-4.67,81.7,ELITE,OK
2026-06-17,14:23,52WH_Breakout,52-Week High Breakout,KEI,BUY,5643.5,5643.5,5427.44,6698.12,8404.62,8.0,57,100.0,Capital Goods,ACCUMULATION,2,CAUTION,STOPPED,2026-06-24,5427.44,Stop Loss Hit,-3.83,77.5,STRONG,OK
2026-06-17,14:23,Last30Min_ATH,Near 52W High (EOD),POLYCAB,BUY,9926.5,9926.5,9600.0,11926.35,15162.35,8.0,64,100.0,Capital Goods,ACCUMULATION,2,CAUTION,STOPPED,2026-06-25,9600.0,Stop Loss Hit,-3.29,88.1,ELITE,OK
2026-06-17,14:23,Last30Min_ATH,Near 52W High (EOD),ADANIPORTS,BUY,1828.6,1828.6,1806.3,1862.05,2162.65,8.0,60,100.0,Services,ACCUMULATION,2,CAUTION,STOPPED,2026-06-23,1806.3,Stop Loss Hit,-1.22,87.2,ELITE,OK
2026-06-17,14:23,Last30Min_ATH,Near 52W High (EOD),GNFC,BUY,559.25,559.25,537.45,679.3,873.55,8.0,64,100.0,Chemicals,ACCUMULATION,2,CAUTION,STOPPED,2026-07-01,537.45,Stop Loss Hit,-3.9,86.1,ELITE,OK
2026-06-17,14:23,Last30Min_ATH,Near 52W High (EOD),KEI,BUY,5643.5,5643.5,5410.5,6698.12,8404.62,8.0,64,100.0,Capital Goods,ACCUMULATION,2,CAUTION,STOPPED,2026-06-24,5410.5,Stop Loss Hit,-4.13,81.9,ELITE,OK
2026-06-17,16:47,VCP,VCP (Minervini v2),RADICO,BUY,3572.2,3679.0,3393.05,4375.24,5501.84,6.4,87,100.0,Fast Moving Consumer Goods,ACCUMULATION,2,IDEAL,EXPIRED,2026-07-13,4045.4,Expired (26d > 25d),9.96,67.3,STRONG,OK
2026-06-17,16:47,VCP,VCP (Minervini v2),WELCORP,BUY,1394.3,1427.0,1313.4,1839.82,2507.82,8.0,81,100.0,Capital Goods,ACCUMULATION,2,IDEAL,EXPIRED,2026-07-13,1619.9,Expired (26d > 25d),13.52,66.8,STRONG,OK
2026-06-17,16:47,EMA21_Bounce,21 EMA Bounce,NEULANDLAB,BUY,17016.0,17016.0,16422.89,17905.66,18498.77,2.5,60,100.0,Healthcare,ACCUMULATION,2,CAUTION,TARGET,2026-06-23,17905.66,Target 1 Hit,5.23,68.9,STRONG,OK
2026-06-17,16:47,EMA21_Bounce,21 EMA Bounce,TRITURBINE,BUY,677.4,677.4,640.37,732.94,769.97,2.5,55,100.0,Capital Goods,ACCUMULATION,2,CAUTION,TARGET,2026-06-22,732.94,Target 1 Hit,8.2,68.9,STRONG,OK
2026-06-17,16:47,EMA21_Bounce,21 EMA Bounce,HONASA,BUY,401.45,401.45,390.59,422.4,424.9,2.2,55,100.0,Fast Moving Consumer Goods,ACCUMULATION,2,CAUTION,TARGET,2026-06-24,422.4,Target 1 Hit,5.22,68.2,STRONG,OK
2026-06-17,16:47,EMA21_Bounce,21 EMA Bounce,WELCORP,BUY,1394.3,1394.3,1336.35,1481.22,1539.17,2.5,60,100.0,Capital Goods,ACCUMULATION,2,CAUTION,TARGET,2026-06-29,1481.22,Target 1 Hit,6.23,68.2,STRONG,OK
2026-06-17,16:47,EMA21_Bounce,21 EMA Bounce,NIVABUPA,BUY,84.7,84.7,81.83,89.01,91.88,2.5,60,78.0,Financial Services,ACCUMULATION,2,CAUTION,EXPIRED,2026-07-03,86.62,Expired (16d > 15d),2.27,67.3,STRONG,OK
2026-06-17,16:47,EMA21_Bounce,21 EMA Bounce,CROMPTON,BUY,275.9,275.9,261.32,297.77,312.35,2.5,60,64.0,Consumer Durables,ACCUMULATION,2,CAUTION,EXPIRED,2026-07-03,270.8,Expired (16d > 15d),-1.85,58.8,MODERATE,OK
2026-06-17,16:47,EMA21_Bounce,21 EMA Bounce,JSWENERGY,BUY,572.0,572.0,546.18,610.73,636.55,2.5,55,69.0,Power,ACCUMULATION,2,CAUTION,EXPIRED,2026-07-03,550.2,Expired (16d > 15d),-3.81,55.6,MODERATE,OK
2026-06-17,16:47,EMA21_Bounce,21 EMA Bounce,ANANDRATHI,BUY,1787.1,1787.1,1737.98,1860.78,1909.9,2.5,60,76.0,Financial Services,ACCUMULATION,2,CAUTION,TARGET,2026-06-19,1860.78,Target 1 Hit,4.12,51.8,MODERATE,OK
2026-06-17,16:47,EMA21_Bounce,21 EMA Bounce,JBCHEPHARM,BUY,2195.6,2195.6,2149.74,2264.39,2275.66,1.7,60,52.0,Healthcare,ACCUMULATION,2,CAUTION,TARGET,2026-06-29,2264.39,Target 1 Hit,3.13,51.1,MODERATE,OK
2026-06-17,16:47,52WH_Breakout,52-Week High Breakout,CRAFTSMAN,BUY,9498.5,9498.5,9307.32,9785.27,9976.45,2.5,62,100.0,Automobile and Auto Components,ACCUMULATION,2,CAUTION,TARGET,2026-06-19,9785.27,Target 1 Hit,3.02,89.8,ELITE,OK
2026-06-17,16:47,52WH_Breakout,52-Week High Breakout,NUVAMA,BUY,1726.7,1726.7,1657.54,2122.34,2762.53,8.0,62,100.0,Financial Services,ACCUMULATION,2,CAUTION,EXPIRED,2026-07-13,1919.7,Expired (26d > 25d),11.18,79.0,STRONG,OK
2026-06-17,16:47,52WH_Breakout,52-Week High Breakout,DATAPATTNS,BUY,4769.6,4769.6,4587.99,5924.95,7794.45,8.0,62,100.0,Capital Goods,ACCUMULATION,2,CAUTION,STOPPED,2026-06-24,4587.99,Stop Loss Hit,-3.81,78.1,STRONG,OK
2026-06-17,16:47,Last30Min_ATH,Near 52W High (EOD),KIMS,BUY,796.4,796.4,782.8,816.8,911.1,8.0,64,84.0,Healthcare,ACCUMULATION,2,CAUTION,STOPPED,2026-06-19,782.8,Stop Loss Hit,-1.71,87.9,ELITE,OK
2026-06-17,16:47,Last30Min_ATH,Near 52W High (EOD),NUVAMA,BUY,1726.7,1726.7,1663.2,2122.34,2762.53,8.0,64,100.0,Financial Services,ACCUMULATION,2,CAUTION,EXPIRED,2026-07-03,1887.5,Expired (16d > 15d),9.31,83.4,ELITE,OK
2026-06-17,16:47,Last30Min_ATH,Near 52W High (EOD),DATAPATTNS,BUY,4769.6,4769.6,4493.0,5924.95,7794.45,8.0,64,100.0,Capital Goods,ACCUMULATION,2,CAUTION,STOPPED,2026-06-25,4493.0,Stop Loss Hit,-5.8,82.5,ELITE,OK
2026-06-17,16:47,Last30Min_ATH,Near 52W High (EOD),MAHABANK,BUY,90.14,90.14,87.13,94.66,108.7,6.2,64,100.0,Financial Services,ACCUMULATION,2,CAUTION,EXPIRED,2026-07-03,88.53,Expired (16d > 15d),-1.79,82.1,ELITE,OK
2026-06-17,16:47,Last30Min_ATH,Near 52W High (EOD),NYKAA,BUY,280.95,280.95,273.15,292.65,311.17,3.9,60,76.0,Consumer Services,ACCUMULATION,2,CAUTION,TARGET,2026-06-18,292.65,Target 1 Hit,4.16,75.7,STRONG,OK
2026-06-17,16:47,Failed_Breakout_Short,Failed Breakout Short,MOTILALOFS,SHORT,942.85,942.85,969.92,902.25,875.18,2.5,57,100.0,Financial Services,ACCUMULATION,2,CAUTION,STOPPED,2026-07-02,969.92,Stop Loss Hit,-2.87,62.1,MODERATE,OK
2026-06-17,16:47,Failed_Breakout_Short,Failed Breakout Short,APARINDS,SHORT,16103.0,16103.0,16687.06,15226.91,14642.85,2.5,62,100.0,Capital Goods,ACCUMULATION,2,CAUTION,STOPPED,2026-06-23,16687.06,Stop Loss Hit,-3.63,59.1,MODERATE,OK
2026-06-17,16:47,Failed_Breakout_Short,Failed Breakout Short,CIEINDIA,SHORT,457.15,457.15,477.6,426.47,406.02,2.5,57,49.0,Automobile and Auto Components,ACCUMULATION,2,CAUTION,STOPPED,2026-06-22,477.6,Stop Loss Hit,-4.47,45.5,WEAK,OK
2026-06-18,13:56,VCP,VCP (Minervini v2),ADANIPORTS,BUY,1842.1,1850.0,1729.19,2197.27,2759.2,7.5,81,100.0,Services,ACCUMULATION,4,IDEAL,EXPIRED,2026-07-14,1821.9,Expired (26d > 25d),-1.52,67.9,STRONG,OK
2026-06-18,13:56,VCP,VCP (Minervini v2),ADANIENT,BUY,3013.4,3058.43,2849.6,3865.67,5171.88,8.0,85,100.0,Metals & Mining,ACCUMULATION,4,IDEAL,EXPIRED,2026-07-14,3188.9,Expired (26d > 25d),4.27,67.5,STRONG,OK
2026-06-18,13:56,VCP,VCP (Minervini v2),SONACOMS,BUY,605.05,621.8,579.19,712.83,860.13,5.6,79,80.0,Automobile and Auto Components,ACCUMULATION,4,IDEAL,EXPIRED,2026-07-14,666.8,Expired (26d > 25d),7.24,62.1,MODERATE,OK
2026-06-18,13:56,EMA21_Bounce,21 EMA Bounce,ADANIPOWER,BUY,230.57,230.57,215.4,253.32,254.2,1.6,55,100.0,Power,ACCUMULATION,4,CAUTION,EXPIRED,2026-07-06,219.85,Expired (18d > 15d),-4.65,72.9,STRONG,OK
2026-06-18,13:56,EMA21_Bounce,21 EMA Bounce,BSE,BUY,4014.5,4014.5,3881.04,4214.69,4298.9,2.1,55,100.0,Financial Services,ACCUMULATION,4,CAUTION,STOPPED,2026-06-24,3881.04,Stop Loss Hit,-3.32,72.2,STRONG,OK
2026-06-18,13:56,EMA21_Bounce,21 EMA Bounce,TATACOMM,BUY,1942.0,1942.0,1861.88,2062.18,2142.3,2.5,60,100.0,Telecommunication,ACCUMULATION,4,CAUTION,TARGET,2026-06-22,2062.18,Target 1 Hit,6.19,71.4,STRONG,OK
2026-06-18,13:56,EMA21_Bounce,21 EMA Bounce,ATGL,BUY,724.35,724.35,672.66,801.89,853.58,2.5,55,100.0,Oil Gas & Consumable Fuels,ACCUMULATION,4,CAUTION,EXPIRED,2026-07-06,724.25,Expired (18d > 15d),-0.01,68.2,STRONG,OK
2026-06-18,13:56,EMA21_Bounce,21 EMA Bounce,ZYDUSLIFE,BUY,1074.4,1074.4,1048.07,1113.9,1115.5,1.6,60,82.0,Healthcare,ACCUMULATION,4,CAUTION,TARGET,2026-06-23,1113.9,Target 1 Hit,3.68,63.7,MODERATE,OK
2026-06-18,13:56,EMA21_Bounce,21 EMA Bounce,MARICO,BUY,820.75,820.75,800.0,851.88,872.63,2.5,65,61.0,Fast Moving Consumer Goods,ACCUMULATION,4,CAUTION,TARGET,2026-07-01,851.88,Target 1 Hit,3.79,62.4,MODERATE,OK
2026-06-18,13:56,EMA21_Bounce,21 EMA Bounce,DIVISLAB,BUY,6767.0,6767.0,6562.36,7073.96,7278.6,2.5,60,66.0,Healthcare,ACCUMULATION,4,CAUTION,STOPPED,2026-06-29,6562.36,Stop Loss Hit,-3.02,58.3,MODERATE,OK
2026-06-18,13:56,EMA21_Bounce,21 EMA Bounce,JSWSTEEL,BUY,1293.9,1293.9,1270.86,1328.46,1351.5,2.5,60,63.0,Metals & Mining,ACCUMULATION,4,CAUTION,STOPPED,2026-06-19,1270.86,Stop Loss Hit,-1.78,56.6,MODERATE,OK
2026-06-18,13:56,EMA21_Bounce,21 EMA Bounce,SUNPHARMA,BUY,1824.8,1824.8,1795.41,1868.88,1882.0,1.9,55,49.0,Healthcare,ACCUMULATION,4,CAUTION,TARGET,2026-06-23,1868.88,Target 1 Hit,2.42,55.0,MODERATE,OK
2026-06-18,13:56,EMA21_Bounce,21 EMA Bounce,SIEMENS,BUY,3746.2,3746.2,3622.24,3932.14,4056.1,2.5,55,76.0,Capital Goods,ACCUMULATION,4,CAUTION,STOPPED,2026-06-24,3622.24,Stop Loss Hit,-3.31,54.8,MODERATE,OK
2026-06-18,13:56,EMA21_Bounce,21 EMA Bounce,LUPIN,BUY,2327.1,2327.1,2258.97,2429.3,2497.43,2.5,55,46.0,Healthcare,ACCUMULATION,4,CAUTION,TARGET,2026-06-30,2429.3,Target 1 Hit,4.39,52.2,MODERATE,OK
2026-06-18,13:56,EMA21_Bounce,21 EMA Bounce,SCHAEFFLER,BUY,4186.0,4186.0,4021.85,4432.23,4596.38,2.5,60,52.0,Automobile and Auto Components,ACCUMULATION,4,CAUTION,EXPIRED,2026-07-06,4136.4,Expired (18d > 15d),-1.18,45.2,WEAK,OK
2026-06-18,13:56,52WH_Breakout,52-Week High Breakout,YESBANK,BUY,25.48,25.48,25.06,26.11,30.6,8.0,57,100.0,Financial Services,ACCUMULATION,4,CAUTION,STOPPED,2026-06-22,25.06,Stop Loss Hit,-1.65,84.6,ELITE,OK
2026-06-18,13:56,Failed_Breakout_Short,Failed Breakout Short,PETRONET,SHORT,288.25,288.25,296.11,276.46,268.6,2.5,62,43.0,Oil Gas & Consumable Fuels,ACCUMULATION,4,CAUTION,TARGET,2026-07-02,276.46,Target 1 Hit,4.09,52.7,MODERATE,OK
2026-06-18,16:46,VCP,VCP (Minervini v2),NEULANDLAB,BUY,17220.0,17684.0,16319.0,19731.5,19747.0,1.5,82,100.0,Healthcare,ACCUMULATION,4,IDEAL,TARGET,2026-07-09,19731.5,Target 1 Hit,11.58,67.5,STRONG,OK
2026-06-18,16:46,VCP,VCP (Minervini v2),WELCORP,BUY,1397.4,1427.0,1313.4,1839.82,2507.82,8.0,81,100.0,Capital Goods,ACCUMULATION,4,IDEAL,EXPIRED,2026-07-14,1683.4,Expired (26d > 25d),17.97,66.8,STRONG,OK
2026-06-18,16:46,EMA21_Bounce,21 EMA Bounce,SHYAMMETL,BUY,975.1,975.1,947.27,1016.84,1044.67,2.5,65,91.0,Capital Goods,ACCUMULATION,4,CAUTION,STOPPED,2026-06-24,947.27,Stop Loss Hit,-2.85,80.9,ELITE,OK
2026-06-18,16:46,EMA21_Bounce,21 EMA Bounce,IKS,BUY,1673.4,1673.4,1603.93,1777.6,1847.07,2.5,60,91.0,Information Technology,ACCUMULATION,4,CAUTION,TARGET,2026-07-01,1777.6,Target 1 Hit,6.23,75.2,STRONG,OK
2026-06-18,16:46,EMA21_Bounce,21 EMA Bounce,GRANULES,BUY,782.1,782.1,728.72,862.17,915.55,2.5,60,100.0,Healthcare,ACCUMULATION,4,CAUTION,TARGET,2026-07-06,862.17,Target 1 Hit,10.24,72.9,STRONG,OK
2026-06-18,16:46,EMA21_Bounce,21 EMA Bounce,ACUTAAS,BUY,3136.3,3136.3,2930.2,3445.45,3651.55,2.5,60,100.0,Healthcare,ACCUMULATION,4,CAUTION,TARGET,2026-06-29,3445.45,Target 1 Hit,9.86,69.4,STRONG,OK
2026-06-18,16:46,EMA21_Bounce,21 EMA Bounce,NEULANDLAB,BUY,17220.0,17220.0,16614.31,18128.53,18734.22,2.5,60,100.0,Healthcare,ACCUMULATION,4,CAUTION,TARGET,2026-06-23,18128.53,Target 1 Hit,5.28,68.9,STRONG,OK
2026-06-18,16:46,EMA21_Bounce,21 EMA Bounce,HONASA,BUY,406.5,406.5,392.0,428.25,442.75,2.5,60,100.0,Fast Moving Consumer Goods,ACCUMULATION,4,CAUTION,TARGET,2026-06-24,428.25,Target 1 Hit,5.35,68.2,STRONG,OK
2026-06-18,16:46,EMA21_Bounce,21 EMA Bounce,ACMESOLAR,BUY,331.9,331.9,317.51,353.48,364.8,2.3,60,100.0,Power,ACCUMULATION,4,CAUTION,TARGET,2026-06-22,353.48,Target 1 Hit,6.5,67.4,STRONG,OK
2026-06-18,16:46,EMA21_Bounce,21 EMA Bounce,ADANIENSOL,BUY,1523.3,1523.3,1453.36,1628.21,1698.15,2.5,60,100.0,Power,ACCUMULATION,4,CAUTION,TARGET,2026-07-06,1628.21,Target 1 Hit,6.89,67.4,STRONG,OK
2026-06-18,16:46,EMA21_Bounce,21 EMA Bounce,PREMIERENE,BUY,1057.7,1057.7,1030.4,1103.9,1134.72,2.8,60,87.0,Capital Goods,ACCUMULATION,4,CAUTION,STOPPED,2026-06-29,1030.4,Stop Loss Hit,-2.58,65.4,STRONG,OK
2026-06-18,16:46,EMA21_Bounce,21 EMA Bounce,SOLARINDS,BUY,17764.0,17764.0,17220.0,18699.0,18770.0,1.8,55,100.0,Chemicals,ACCUMULATION,4,CAUTION,TARGET,2026-06-30,18699.0,Target 1 Hit,5.26,64.2,MODERATE,OK
2026-06-18,16:46,EMA21_Bounce,21 EMA Bounce,MANKIND,BUY,2406.0,2406.0,2335.85,2511.23,2581.38,2.5,60,76.0,Healthcare,ACCUMULATION,4,CAUTION,TARGET,2026-06-22,2511.23,Target 1 Hit,4.37,59.1,MODERATE,OK
2026-06-18,16:46,EMA21_Bounce,21 EMA Bounce,JBCHEPHARM,BUY,2198.5,2198.5,2148.09,2274.11,2275.66,1.5,60,52.0,Healthcare,ACCUMULATION,4,CAUTION,TARGET,2026-06-29,2274.11,Target 1 Hit,3.44,57.4,MODERATE,OK
2026-06-18,16:46,EMA21_Bounce,21 EMA Bounce,ASTERDM,BUY,788.5,788.5,753.1,841.6,904.27,3.3,55,83.0,Healthcare,ACCUMULATION,4,CAUTION,EXPIRED,2026-07-06,791.55,Expired (18d > 15d),0.39,56.3,MODERATE,OK
2026-06-18,16:46,EMA21_Bounce,21 EMA Bounce,CANHLIFE,BUY,141.75,141.75,135.98,150.41,156.18,2.5,60,36.0,Financial Services,ACCUMULATION,4,CAUTION,STOPPED,2026-06-24,135.98,Stop Loss Hit,-4.07,56.0,MODERATE,OK
2026-06-18,16:46,EMA21_Bounce,21 EMA Bounce,BALRAMCHIN,BUY,554.15,554.15,530.88,589.05,612.32,2.5,55,76.0,Fast Moving Consumer Goods,ACCUMULATION,4,CAUTION,STOPPED,2026-06-19,530.88,Stop Loss Hit,-4.2,54.9,MODERATE,OK
2026-06-18,16:46,EMA21_Bounce,21 EMA Bounce,CROMPTON,BUY,277.1,277.1,266.62,292.82,303.3,2.5,65,65.0,Consumer Durables,ACCUMULATION,4,CAUTION,EXPIRED,2026-07-06,272.3,Expired (18d > 15d),-1.73,54.5,MODERATE,OK
2026-06-18,16:46,EMA21_Bounce,21 EMA Bounce,DELHIVERY,BUY,459.2,459.2,443.35,482.97,498.82,2.5,60,61.0,Services,ACCUMULATION,4,CAUTION,TARGET,2026-06-22,482.97,Target 1 Hit,5.18,53.1,MODERATE,OK
2026-06-18,16:46,EMA21_Bounce,21 EMA Bounce,CCL,BUY,1132.4,1132.4,1078.38,1213.43,1267.45,2.5,55,60.0,Fast Moving Consumer Goods,ACCUMULATION,4,CAUTION,TARGET,2026-06-22,1213.43,Target 1 Hit,7.16,52.0,MODERATE,OK
2026-06-18,16:46,EMA21_Bounce,21 EMA Bounce,ANANDRATHI,BUY,1805.3,1805.3,1748.63,1890.3,1946.97,2.5,55,80.0,Financial Services,ACCUMULATION,4,CAUTION,TARGET,2026-06-22,1890.3,Target 1 Hit,4.71,51.3,MODERATE,OK
2026-06-18,16:46,EMA21_Bounce,21 EMA Bounce,AJANTPHARM,BUY,3073.6,3073.6,2996.81,3188.78,3265.57,2.5,55,45.0,Healthcare,ACCUMULATION,4,CAUTION,TARGET,2026-06-22,3188.78,Target 1 Hit,3.75,50.1,MODERATE,OK
2026-06-18,16:46,EMA21_Bounce,21 EMA Bounce,IRB,BUY,21.42,21.42,20.85,22.28,22.85,2.5,60,49.0,Construction,ACCUMULATION,4,CAUTION,STOPPED,2026-07-06,20.85,Stop Loss Hit,-2.66,46.8,WEAK,OK
2026-06-18,16:46,52WH_Breakout,52-Week High Breakout,RRKABEL,BUY,2296.2,2296.2,2234.03,2389.45,2925.4,8.0,62,100.0,Capital Goods,ACCUMULATION,4,CAUTION,TARGET,2026-06-23,2389.45,Target 1 Hit,4.06,85.6,ELITE,OK
2026-06-18,16:46,52WH_Breakout,52-Week High Breakout,RADICO,BUY,3690.0,3690.0,3608.03,3812.96,4393.04,8.0,62,100.0,Fast Moving Consumer Goods,ACCUMULATION,4,CAUTION,TARGET,2026-06-25,3812.96,Target 1 Hit,3.33,85.4,ELITE,OK
2026-06-18,16:46,52WH_Breakout,52-Week High Breakout,WELSPUNLIV,BUY,163.0,163.0,144.69,190.46,197.55,1.9,67,100.0,Textiles,ACCUMULATION,4,CAUTION,EXPIRED,2026-07-14,164.54,Expired (26d > 25d),0.94,83.1,ELITE,OK
2026-06-18,16:46,52WH_Breakout,52-Week High Breakout,NYKAA,BUY,298.1,298.1,281.4,323.15,338.92,2.4,62,88.0,Consumer Services,ACCUMULATION,4,CAUTION,TARGET,2026-07-08,323.15,Target 1 Hit,8.4,78.3,STRONG,OK
2026-06-18,16:46,52WH_Breakout,52-Week High Breakout,VTL,BUY,661.4,661.4,637.98,755.86,908.71,8.0,62,85.0,Textiles,ACCUMULATION,4,CAUTION,STOPPED,2026-06-23,637.98,Stop Loss Hit,-3.54,74.3,STRONG,OK
2026-06-18,16:46,Last30Min_ATH,Near 52W High (EOD),JINDALSAW,BUY,264.06,264.06,255.75,276.52,318.42,6.5,60,100.0,Capital Goods,ACCUMULATION,4,CAUTION,STOPPED,2026-06-22,255.75,Stop Loss Hit,-3.15,79.3,STRONG,OK
2026-06-18,16:46,Last30Min_ATH,Near 52W High (EOD),VTL,BUY,661.4,661.4,630.0,755.86,908.71,7.9,64,85.0,Textiles,ACCUMULATION,4,CAUTION,STOPPED,2026-06-29,630.0,Stop Loss Hit,-4.75,78.7,STRONG,OK
2026-06-18,16:46,Last30Min_ATH,Near 52W High (EOD),ABSLAMC,BUY,1167.1,1167.1,1098.7,1352.5,1652.5,7.1,60,84.0,Financial Services,ACCUMULATION,4,CAUTION,EXPIRED,2026-07-06,1160.7,Expired (18d > 15d),-0.55,69.9,STRONG,OK
2026-06-18,16:46,Failed_Breakout_Short,Failed Breakout Short,MMTC,SHORT,74.95,74.95,79.52,68.1,63.53,2.5,62,83.0,Services,ACCUMULATION,4,CAUTION,TARGET,2026-06-29,68.1,Target 1 Hit,9.14,65.0,STRONG,OK
2026-06-18,16:46,Failed_Breakout_Short,Failed Breakout Short,IFCI,SHORT,82.31,82.31,97.82,59.05,43.54,2.5,60,100.0,Financial Services,ACCUMULATION,4,CAUTION,EXPIRED,2026-07-14,74.52,Expired (26d > 25d),9.46,64.1,MODERATE,OK
2026-06-18,16:46,Failed_Breakout_Short,Failed Breakout Short,HUDCO,SHORT,211.55,211.55,219.66,199.39,199.02,1.5,57,82.0,Financial Services,ACCUMULATION,4,CAUTION,EXPIRED,2026-07-14,207.85,Expired (26d > 25d),1.75,62.3,MODERATE,OK
2026-06-18,16:46,Failed_Breakout_Short,Failed Breakout Short,VBL,SHORT,531.55,531.55,560.04,488.81,460.32,2.5,57,100.0,Fast Moving Consumer Goods,ACCUMULATION,4,CAUTION,TARGET,2026-07-07,488.81,Target 1 Hit,8.04,57.1,MODERATE,OK
2026-06-18,16:46,Failed_Breakout_Short,Failed Breakout Short,KIRLOSENG,SHORT,1983.5,1983.5,2076.7,1843.7,1750.5,2.5,57,100.0,Capital Goods,ACCUMULATION,4,CAUTION,STOPPED,2026-06-22,2076.7,Stop Loss Hit,-4.7,56.2,MODERATE,OK
2026-06-18,16:46,Failed_Breakout_Short,Failed Breakout Short,HSCL,SHORT,690.3,690.3,728.92,632.37,593.75,2.5,62,100.0,Chemicals,ACCUMULATION,4,CAUTION,TARGET,2026-06-24,632.37,Target 1 Hit,8.39,54.1,MODERATE,OK
2026-06-18,16:46,Failed_Breakout_Short,Failed Breakout Short,TARIL,SHORT,324.85,324.85,336.44,307.47,295.88,2.5,57,68.0,Capital Goods,ACCUMULATION,4,CAUTION,STOPPED,2026-06-19,336.44,Stop Loss Hit,-3.57,48.0,WEAK,OK
2026-06-18,16:46,Failed_Breakout_Short,Failed Breakout Short,MAZDOCK,SHORT,2533.9,2533.9,2588.52,2435.1,2387.0,2.7,57,50.0,Capital Goods,ACCUMULATION,4,CAUTION,STOPPED,2026-07-03,2588.52,Stop Loss Hit,-2.16,41.0,WEAK,OK
2026-06-22,15:47,EMA21_Bounce,21 EMA Bounce,MOTHERSON,BUY,145.85,145.85,140.07,154.52,160.3,2.5,60,100.0,Automobile and Auto Components,ACCUMULATION,4,CAUTION,TARGET,2026-06-25,154.52,Target 1 Hit,5.94,73.9,STRONG,OK
2026-06-22,15:47,EMA21_Bounce,21 EMA Bounce,OFSS,BUY,9731.5,9731.5,9420.16,10198.51,10584.5,2.7,55,100.0,Information Technology,ACCUMULATION,4,CAUTION,TARGET,2026-06-24,10198.51,Target 1 Hit,4.8,70.9,STRONG,OK
2026-06-22,15:47,EMA21_Bounce,21 EMA Bounce,BAJAJ-AUTO,BUY,10191.0,10191.0,9994.0,10486.5,10683.5,2.5,60,76.0,Automobile and Auto Components,ACCUMULATION,4,CAUTION,STOPPED,2026-06-23,9994.0,Stop Loss Hit,-1.93,68.4,STRONG,OK
2026-06-22,15:47,EMA21_Bounce,21 EMA Bounce,ATGL,BUY,733.4,733.4,700.07,783.39,816.72,2.5,60,100.0,Oil Gas & Consumable Fuels,ACCUMULATION,4,CAUTION,STOPPED,2026-06-29,700.07,Stop Loss Hit,-4.54,68.4,STRONG,OK
2026-06-22,15:47,EMA21_Bounce,21 EMA Bounce,FORTIS,BUY,975.85,975.85,947.89,1017.79,1045.75,2.5,55,85.0,Healthcare,ACCUMULATION,4,CAUTION,STOPPED,2026-06-29,947.89,Stop Loss Hit,-2.87,67.9,STRONG,OK
2026-06-22,15:47,EMA21_Bounce,21 EMA Bounce,GRASIM,BUY,3175.2,3175.2,3072.88,3583.7,4244.7,8.0,55,90.0,Construction Materials,ACCUMULATION,4,CAUTION,STOPPED,2026-06-29,3072.88,Stop Loss Hit,-3.22,66.5,STRONG,OK
2026-06-22,15:47,EMA21_Bounce,21 EMA Bounce,ZYDUSLIFE,BUY,1085.5,1085.5,1052.99,1134.26,1166.77,2.5,60,91.0,Healthcare,ACCUMULATION,4,CAUTION,TARGET,2026-07-03,1134.26,Target 1 Hit,4.49,63.0,MODERATE,OK
2026-06-22,15:47,EMA21_Bounce,21 EMA Bounce,DIVISLAB,BUY,6787.5,6787.5,6613.38,7048.68,7222.8,2.5,55,75.0,Healthcare,ACCUMULATION,4,CAUTION,STOPPED,2026-06-29,6613.38,Stop Loss Hit,-2.57,58.3,MODERATE,OK
2026-06-22,15:47,EMA21_Bounce,21 EMA Bounce,BIOCON,BUY,421.1,421.1,408.46,440.06,452.7,2.5,60,68.0,Healthcare,ACCUMULATION,4,CAUTION,STOPPED,2026-07-07,408.46,Stop Loss Hit,-3.0,57.9,MODERATE,OK
2026-06-22,15:47,EMA21_Bounce,21 EMA Bounce,DRREDDY,BUY,1290.7,1290.7,1260.51,1335.98,1345.0,1.8,55,46.0,Healthcare,ACCUMULATION,4,CAUTION,TARGET,2026-06-24,1335.98,Target 1 Hit,3.51,56.6,MODERATE,OK
2026-06-22,15:47,EMA21_Bounce,21 EMA Bounce,TORNTPHARM,BUY,4457.0,4457.0,4322.84,4658.24,4792.4,2.5,55,56.0,Healthcare,ACCUMULATION,4,CAUTION,TARGET,2026-06-29,4658.24,Target 1 Hit,4.52,55.9,MODERATE,OK
2026-06-22,15:47,EMA21_Bounce,21 EMA Bounce,SUNPHARMA,BUY,1862.9,1862.9,1803.35,1952.23,2011.78,2.5,55,57.0,Healthcare,ACCUMULATION,4,CAUTION,EXPIRED,2026-07-08,1888.2,Expired (16d > 15d),1.36,51.9,MODERATE,OK
2026-06-22,15:47,EMA21_Bounce,21 EMA Bounce,OBEROIRLTY,BUY,1691.1,1691.1,1639.55,1768.42,1819.97,2.5,60,81.0,Realty,ACCUMULATION,4,CAUTION,TARGET,2026-06-25,1768.42,Target 1 Hit,4.57,51.1,MODERATE,OK
2026-06-22,15:47,EMA21_Bounce,21 EMA Bounce,ASTRAL,BUY,1557.8,1557.8,1523.42,1609.37,1643.75,2.5,60,38.0,Capital Goods,ACCUMULATION,4,CAUTION,STOPPED,2026-06-23,1523.42,Stop Loss Hit,-2.21,43.1,WEAK,OK
2026-06-22,15:47,52WH_Breakout,52-Week High Breakout,TATACOMM,BUY,2061.7,2061.7,1992.8,2165.05,2525.89,6.7,67,100.0,Telecommunication,ACCUMULATION,4,CAUTION,STOPPED,2026-06-23,1992.8,Stop Loss Hit,-3.34,86.3,ELITE,OK
2026-06-22,15:47,52WH_Breakout,52-Week High Breakout,ABCAPITAL,BUY,391.95,391.95,371.38,456.38,560.63,8.0,62,99.0,Financial Services,ACCUMULATION,4,CAUTION,EXPIRED,2026-07-20,401.15,Expired (28d > 25d),2.35,79.6,STRONG,OK
2026-06-22,15:47,Last30Min_ATH,Near 52W High (EOD),MANAPPURAM,BUY,327.15,327.15,317.5,341.62,351.27,2.5,62,100.0,Financial Services,ACCUMULATION,4,CAUTION,STOPPED,2026-06-24,317.5,Stop Loss Hit,-2.95,84.5,ELITE,OK
2026-06-22,15:47,Last30Min_ATH,Near 52W High (EOD),ABCAPITAL,BUY,391.95,391.95,375.05,456.38,560.63,8.0,64,99.0,Financial Services,ACCUMULATION,4,CAUTION,EXPIRED,2026-07-08,385.75,Expired (16d > 15d),-1.58,84.0,ELITE,OK
2026-06-22,15:47,Last30Min_ATH,Near 52W High (EOD),SONACOMS,BUY,621.0,621.0,614.3,711.54,858.04,8.0,64,93.0,Automobile and Auto Components,ACCUMULATION,4,CAUTION,STOPPED,2026-06-23,614.3,Stop Loss Hit,-1.08,79.4,STRONG,OK
2026-06-22,15:47,Last30Min_ATH,Near 52W High (EOD),NAVINFLUOR,BUY,7572.0,7572.0,7352.0,8753.81,10666.12,8.0,60,95.0,Chemicals,ACCUMULATION,4,CAUTION,STOPPED,2026-07-08,7352.0,Stop Loss Hit,-2.91,77.9,STRONG,OK
2026-06-22,15:47,Failed_Breakout_Short,Failed Breakout Short,PAGEIND,SHORT,39320.0,39320.0,40777.64,37133.54,35675.9,2.5,57,100.0,Textiles,ACCUMULATION,4,CAUTION,STOPPED,2026-06-24,40777.64,Stop Loss Hit,-3.71,58.8,MODERATE,OK
2026-06-22,15:47,Failed_Breakout_Short,Failed Breakout Short,AUROPHARMA,SHORT,1491.9,1491.9,1522.28,1446.33,1437.1,1.8,57,78.0,Healthcare,ACCUMULATION,4,CAUTION,STOPPED,2026-06-23,1522.28,Stop Loss Hit,-2.04,44.9,WEAK,OK
2026-06-22,18:05,VCP,VCP (Minervini v2),NEULANDLAB,BUY,17224.0,17684.0,16319.0,19731.5,19747.0,1.5,86,100.0,Healthcare,ACCUMULATION,4,IDEAL,TARGET,2026-07-09,19731.5,Target 1 Hit,11.58,67.5,STRONG,OK
2026-06-22,18:05,EMA21_Bounce,21 EMA Bounce,HUDCO,BUY,211.4,211.4,205.5,220.25,226.0,2.5,60,94.0,Financial Services,ACCUMULATION,4,CAUTION,STOPPED,2026-06-24,205.5,Stop Loss Hit,-2.79,76.4,STRONG,OK
2026-06-22,18:05,EMA21_Bounce,21 EMA Bounce,IKS,BUY,1690.1,1690.1,1634.09,1774.11,1830.12,2.5,60,100.0,Information Technology,ACCUMULATION,4,CAUTION,TARGET,2026-07-01,1774.11,Target 1 Hit,4.97,73.2,STRONG,OK
2026-06-22,18:05,EMA21_Bounce,21 EMA Bounce,LLOYDSME,BUY,1785.6,1785.6,1717.71,1887.43,1955.32,2.5,60,100.0,Metals & Mining,ACCUMULATION,4,CAUTION,STOPPED,2026-06-24,1717.71,Stop Loss Hit,-3.8,72.9,STRONG,OK
2026-06-22,18:05,EMA21_Bounce,21 EMA Bounce,ELECON,BUY,545.05,545.05,518.51,584.86,611.4,2.5,55,100.0,Capital Goods,ACCUMULATION,4,CAUTION,STOPPED,2026-06-25,518.51,Stop Loss Hit,-4.87,69.4,STRONG,OK
2026-06-22,18:05,EMA21_Bounce,21 EMA Bounce,CUB,BUY,197.95,197.95,190.9,208.52,215.57,2.5,55,66.0,Financial Services,ACCUMULATION,4,CAUTION,TARGET,2026-06-30,208.52,Target 1 Hit,5.34,66.8,STRONG,OK
2026-06-22,18:05,EMA21_Bounce,21 EMA Bounce,NLCINDIA,BUY,327.6,327.6,312.27,350.6,352.85,1.6,55,93.0,Power,ACCUMULATION,4,CAUTION,STOPPED,2026-07-03,312.27,Stop Loss Hit,-4.68,65.6,STRONG,OK
2026-06-22,18:05,EMA21_Bounce,21 EMA Bounce,NH,BUY,1905.0,1905.0,1838.12,2005.32,2072.2,2.5,60,78.0,Healthcare,ACCUMULATION,4,CAUTION,TARGET,2026-07-03,2005.32,Target 1 Hit,5.27,63.5,MODERATE,OK
2026-06-22,18:05,EMA21_Bounce,21 EMA Bounce,JSWENERGY,BUY,582.05,582.05,559.68,615.6,637.97,2.5,60,78.0,Power,ACCUMULATION,4,CAUTION,STOPPED,2026-07-03,559.68,Stop Loss Hit,-3.84,60.5,MODERATE,OK
2026-06-22,18:05,EMA21_Bounce,21 EMA Bounce,KARURVYSYA,BUY,295.7,295.7,284.94,311.84,322.6,2.5,60,71.0,Financial Services,ACCUMULATION,4,CAUTION,EXPIRED,2026-07-08,294.65,Expired (16d > 15d),-0.36,57.6,MODERATE,OK
2026-06-22,18:05,EMA21_Bounce,21 EMA Bounce,LENSKART,BUY,517.0,517.0,498.71,544.44,562.73,2.5,55,44.0,Consumer Services,ACCUMULATION,4,CAUTION,STOPPED,2026-06-24,498.71,Stop Loss Hit,-3.54,55.0,MODERATE,OK
2026-06-22,18:05,EMA21_Bounce,21 EMA Bounce,JSWCEMENT,BUY,130.05,130.05,126.77,137.38,137.83,2.4,60,71.0,Construction Materials,ACCUMULATION,4,CAUTION,TARGET,2026-07-01,137.38,Target 1 Hit,5.64,54.7,MODERATE,OK
2026-06-22,18:05,EMA21_Bounce,21 EMA Bounce,JBCHEPHARM,BUY,2206.2,2206.2,2136.58,2310.63,2380.25,2.5,55,54.0,Healthcare,ACCUMULATION,4,CAUTION,TARGET,2026-06-29,2310.63,Target 1 Hit,4.73,53.8,MODERATE,OK
2026-06-22,18:05,EMA21_Bounce,21 EMA Bounce,CANHLIFE,BUY,143.37,143.37,137.79,151.74,157.32,2.5,55,44.0,Financial Services,ACCUMULATION,4,CAUTION,STOPPED,2026-06-24,137.79,Stop Loss Hit,-3.89,53.7,MODERATE,OK
2026-06-22,18:05,EMA21_Bounce,21 EMA Bounce,FACT,BUY,906.25,906.25,846.16,996.38,1056.47,2.5,60,76.0,Chemicals,ACCUMULATION,4,CAUTION,STOPPED,2026-07-08,846.16,Stop Loss Hit,-6.63,51.3,MODERATE,OK
2026-06-22,18:05,52WH_Breakout,52-Week High Breakout,KPIL,BUY,1439.7,1439.7,1385.16,1686.65,2086.25,8.0,62,100.0,Construction,ACCUMULATION,4,CAUTION,STOPPED,2026-06-25,1385.16,Stop Loss Hit,-3.79,78.0,STRONG,OK
2026-06-22,18:05,52WH_Breakout,52-Week High Breakout,BHARATFORG,BUY,2103.8,2103.8,2031.62,2408.84,2902.44,8.0,57,93.0,Automobile and Auto Components,ACCUMULATION,4,CAUTION,EXPIRED,2026-07-20,2209.0,Expired (28d > 25d),5.0,76.9,STRONG,OK
2026-06-22,18:05,52WH_Breakout,52-Week High Breakout,KIRLOSENG,BUY,2389.8,2389.8,2003.24,3067.0,4162.8,4.6,67,100.0,Capital Goods,ACCUMULATION,4,CAUTION,EXPIRED,2026-07-20,2221.7,Expired (28d > 25d),-7.03,75.1,STRONG,OK
2026-06-22,18:05,52WH_Breakout,52-Week High Breakout,ZYDUSWELL,BUY,536.55,536.55,526.23,552.03,552.4,1.5,67,100.0,Fast Moving Consumer Goods,ACCUMULATION,4,CAUTION,STOPPED,2026-06-23,526.23,Stop Loss Hit,-1.92,71.1,STRONG,OK
2026-06-22,18:05,52WH_Breakout,52-Week High Breakout,DELHIVERY,BUY,483.8,483.8,463.57,514.14,528.51,2.2,67,76.0,Services,ACCUMULATION,4,CAUTION,STOPPED,2026-06-24,463.57,Stop Loss Hit,-4.18,69.7,STRONG,OK
2026-06-22,18:05,Last30Min_ATH,Near 52W High (EOD),AIAENG,BUY,4848.0,4848.0,4705.1,5833.9,7429.2,8.0,60,100.0,Capital Goods,ACCUMULATION,4,CAUTION,STOPPED,2026-07-06,4705.1,Stop Loss Hit,-2.95,88.4,ELITE,OK
2026-06-22,18:05,Last30Min_ATH,Near 52W High (EOD),KPIL,BUY,1439.7,1439.7,1394.3,1686.65,2086.25,8.0,64,100.0,Construction,ACCUMULATION,4,CAUTION,STOPPED,2026-06-24,1394.3,Stop Loss Hit,-3.15,82.4,ELITE,OK
2026-06-22,18:05,Last30Min_ATH,Near 52W High (EOD),BHARATFORG,BUY,2103.8,2103.8,2041.7,2408.84,2902.44,8.0,64,93.0,Automobile and Auto Components,ACCUMULATION,4,CAUTION,EXPIRED,2026-07-08,2100.5,Expired (16d > 15d),-0.16,81.3,ELITE,OK
2026-06-22,18:05,Last30Min_ATH,Near 52W High (EOD),KIRLOSENG,BUY,2389.8,2389.8,2200.0,3067.0,4162.8,8.0,64,100.0,Capital Goods,ACCUMULATION,4,CAUTION,EXPIRED,2026-07-08,2277.0,Expired (16d > 15d),-4.72,79.5,STRONG,OK
2026-06-22,18:05,Last30Min_ATH,Near 52W High (EOD),ZYDUSWELL,BUY,536.55,536.55,507.1,580.72,610.17,2.5,62,100.0,Fast Moving Consumer Goods,ACCUMULATION,4,CAUTION,STOPPED,2026-06-25,507.1,Stop Loss Hit,-5.49,75.5,STRONG,OK
2026-06-22,18:05,Last30Min_ATH,Near 52W High (EOD),EMCURE,BUY,1791.0,1791.0,1758.9,1839.15,1871.25,2.5,58,90.0,Healthcare,ACCUMULATION,4,CAUTION,TARGET,2026-06-23,1839.15,Target 1 Hit,2.69,71.9,STRONG,OK
2026-06-22,18:05,Failed_Breakout_Short,Failed Breakout Short,ZFCVINDIA,SHORT,15592.0,15592.0,16333.64,14479.54,13737.9,2.5,65,73.0,Automobile and Auto Components,ACCUMULATION,4,CAUTION,TARGET,2026-06-23,14479.54,Target 1 Hit,7.13,68.1,STRONG,OK
2026-06-22,18:05,Failed_Breakout_Short,Failed Breakout Short,CRAFTSMAN,SHORT,9522.0,9522.0,10038.58,8747.13,8230.55,2.5,60,100.0,Automobile and Auto Components,ACCUMULATION,4,CAUTION,EXPIRED,2026-07-20,9393.5,Expired (28d > 25d),1.35,63.6,MODERATE,OK
2026-06-22,18:05,Failed_Breakout_Short,Failed Breakout Short,RAINBOW,SHORT,1446.8,1446.8,1506.43,1357.35,1297.72,2.5,62,100.0,Healthcare,ACCUMULATION,4,CAUTION,STOPPED,2026-07-09,1506.43,Stop Loss Hit,-4.12,61.4,MODERATE,OK
2026-06-22,18:05,Failed_Breakout_Short,Failed Breakout Short,CGCL,SHORT,216.1,216.1,228.11,198.08,186.07,2.5,62,100.0,Financial Services,ACCUMULATION,4,CAUTION,STOPPED,2026-06-30,228.11,Stop Loss Hit,-5.56,60.6,MODERATE,OK
2026-06-22,18:05,Failed_Breakout_Short,Failed Breakout Short,JSWINFRA,SHORT,307.05,307.05,315.95,293.7,284.8,2.5,62,93.0,Services,ACCUMULATION,4,CAUTION,STOPPED,2026-06-23,315.95,Stop Loss Hit,-2.9,59.5,MODERATE,OK
2026-06-22,18:05,Failed_Breakout_Short,Failed Breakout Short,CARBORUNIV,SHORT,1211.4,1211.4,1323.88,1042.68,930.2,2.5,62,100.0,Capital Goods,ACCUMULATION,4,CAUTION,EXPIRED,2026-07-20,1087.2,Expired (28d > 25d),10.25,56.6,MODERATE,OK
2026-06-22,18:05,Failed_Breakout_Short,Failed Breakout Short,INDIAMART,SHORT,2050.4,2050.4,2128.3,1933.55,1855.65,2.5,65,59.0,Consumer Services,ACCUMULATION,4,CAUTION,TARGET,2026-06-29,1933.55,Target 1 Hit,5.7,54.6,MODERATE,OK
2026-06-22,18:05,Failed_Breakout_Short,Failed Breakout Short,PIRAMALFIN,SHORT,2085.5,2085.5,2197.5,1917.5,1805.5,2.5,62,75.0,Financial Services,ACCUMULATION,4,CAUTION,STOPPED,2026-07-01,2197.5,Stop Loss Hit,-5.37,47.2,WEAK,OK
2026-06-23,13:35,EMA21_Bounce,21 EMA Bounce,OFSS,BUY,9862.5,9862.5,9449.69,10481.72,10584.5,1.7,60,100.0,Information Technology,ACCUMULATION,2,CAUTION,TARGET,2026-06-24,10481.72,Target 1 Hit,6.28,70.9,STRONG,OK
2026-06-23,13:35,EMA21_Bounce,21 EMA Bounce,MARICO,BUY,821.05,821.05,798.49,854.89,877.45,2.5,60,69.0,Fast Moving Consumer Goods,ACCUMULATION,2,CAUTION,TARGET,2026-07-02,854.89,Target 1 Hit,4.12,61.5,MODERATE,OK
2026-06-23,13:35,EMA21_Bounce,21 EMA Bounce,METROPOLIS,BUY,543.25,543.25,524.41,571.51,590.35,2.5,60,85.0,Pharma,ACCUMULATION,2,CAUTION,STOPPED,2026-06-29,524.41,Stop Loss Hit,-3.47,60.5,MODERATE,OK
2026-06-23,13:35,EMA21_Bounce,21 EMA Bounce,DRREDDY,BUY,1301.3,1301.3,1272.71,1344.18,1345.0,1.5,60,51.0,Healthcare,ACCUMULATION,2,CAUTION,TARGET,2026-06-25,1344.18,Target 1 Hit,3.3,60.2,MODERATE,OK
2026-06-23,13:35,EMA21_Bounce,21 EMA Bounce,TORNTPHARM,BUY,4514.1,4514.1,4394.21,4693.94,4813.83,2.5,55,58.0,Healthcare,ACCUMULATION,2,CAUTION,TARGET,2026-06-29,4693.94,Target 1 Hit,3.98,54.0,MODERATE,OK
2026-06-23,13:35,52WH_Breakout,52-Week High Breakout,LAURUSLABS,BUY,1481.0,1481.0,1435.96,1788.32,2285.6,8.0,57,100.0,Healthcare,ACCUMULATION,2,CAUTION,EXPIRED,2026-07-20,1558.9,Expired (27d > 25d),5.26,84.8,ELITE,OK
2026-06-23,13:35,52WH_Breakout,52-Week High Breakout,AUROPHARMA,BUY,1534.2,1534.2,1491.76,1597.86,1699.89,3.9,62,83.0,Healthcare,ACCUMULATION,2,CAUTION,TARGET,2026-07-03,1597.86,Target 1 Hit,4.15,65.0,STRONG,OK
2026-06-23,13:35,Last30Min_ATH,Near 52W High (EOD),LAURUSLABS,BUY,1481.0,1481.0,1435.0,1788.32,2285.6,8.0,64,100.0,Healthcare,ACCUMULATION,2,CAUTION,EXPIRED,2026-07-09,1507.4,Expired (16d > 15d),1.78,89.2,ELITE,OK
2026-06-23,13:35,Last30Min_ATH,Near 52W High (EOD),AUROPHARMA,BUY,1534.2,1534.2,1492.2,1597.2,1699.89,3.9,64,83.0,Healthcare,ACCUMULATION,2,CAUTION,TARGET,2026-07-03,1597.2,Target 1 Hit,4.11,69.4,STRONG,OK
2026-06-23,13:35,Failed_Breakout_Short,Failed Breakout Short,NIACL,SHORT,195.1,195.1,221.08,156.13,130.15,2.5,62,100.0,Financial Services,ACCUMULATION,2,CAUTION,EXPIRED,2026-07-20,176.8,Expired (27d > 25d),9.38,66.6,STRONG,OK
2026-06-23,13:35,Failed_Breakout_Short,Failed Breakout Short,INDHOTEL,SHORT,724.05,724.05,741.36,698.08,680.77,2.5,62,93.0,Consumer Services,ACCUMULATION,2,CAUTION,STOPPED,2026-07-06,741.36,Stop Loss Hit,-2.39,63.6,MODERATE,OK
2026-06-23,13:35,Failed_Breakout_Short,Failed Breakout Short,KEI,SHORT,5576.0,5576.0,5757.89,5303.16,5121.27,2.5,57,100.0,Capital Goods,ACCUMULATION,2,CAUTION,TARGET,2026-06-25,5303.16,Target 1 Hit,4.89,62.1,MODERATE,OK
2026-06-23,13:35,Failed_Breakout_Short,Failed Breakout Short,IDFCFIRSTB,SHORT,78.75,78.75,82.07,73.77,70.45,2.5,62,100.0,Financial Services,ACCUMULATION,2,CAUTION,STOPPED,2026-07-20,82.07,Stop Loss Hit,-4.22,60.6,MODERATE,OK
2026-06-23,13:35,Failed_Breakout_Short,Failed Breakout Short,VOLTAS,SHORT,1327.4,1327.4,1425.19,1180.72,1082.93,2.5,62,56.0,Consumer Durables,ACCUMULATION,2,CAUTION,EXPIRED,2026-07-20,1357.4,Expired (27d > 25d),-2.26,52.8,MODERATE,OK
2026-06-23,13:35,Failed_Breakout_Short,Failed Breakout Short,RECLTD,SHORT,361.9,361.9,374.18,343.48,331.2,2.5,62,72.0,Financial Services,ACCUMULATION,2,CAUTION,EXPIRED,2026-07-20,363.5,Expired (27d > 25d),-0.44,52.2,MODERATE,OK
2026-06-23,13:35,Failed_Breakout_Short,Failed Breakout Short,IRFC,SHORT,98.67,98.67,101.86,93.88,90.69,2.5,57,63.0,Financial Services,ACCUMULATION,2,CAUTION,TARGET,2026-06-24,93.88,Target 1 Hit,4.85,50.4,MODERATE,OK
2026-06-23,13:35,Failed_Breakout_Short,Failed Breakout Short,BEL,SHORT,420.0,420.0,437.72,393.42,375.7,2.5,57,50.0,Capital Goods,ACCUMULATION,2,CAUTION,EXPIRED,2026-07-20,408.15,Expired (27d > 25d),2.82,41.0,WEAK,OK
2026-06-23,16:10,EMA21_Bounce,21 EMA Bounce,IKS,BUY,1699.9,1699.9,1637.35,1793.73,1856.28,2.5,65,100.0,Information Technology,ACCUMULATION,2,CAUTION,TARGET,2026-07-01,1793.73,Target 1 Hit,5.52,79.4,STRONG,OK
2026-06-23,16:10,EMA21_Bounce,21 EMA Bounce,ANTHEM,BUY,775.95,775.95,742.84,825.62,858.73,2.5,60,90.0,Healthcare,ACCUMULATION,2,CAUTION,STOPPED,2026-07-08,742.84,Stop Loss Hit,-4.27,70.2,STRONG,OK
2026-06-23,16:10,EMA21_Bounce,21 EMA Bounce,PNBHOUSING,BUY,1022.3,1022.3,994.55,1068.5,1095.8,2.6,60,100.0,Financial Services,ACCUMULATION,2,CAUTION,TARGET,2026-06-25,1068.5,Target 1 Hit,4.52,68.8,STRONG,OK
2026-06-23,16:10,EMA21_Bounce,21 EMA Bounce,CUB,BUY,198.3,198.3,191.28,208.83,215.85,2.5,55,69.0,Financial Services,ACCUMULATION,2,CAUTION,TARGET,2026-06-30,208.83,Target 1 Hit,5.31,67.2,STRONG,OK
2026-06-23,16:10,EMA21_Bounce,21 EMA Bounce,ATHERENERG,BUY,1006.75,1006.75,935.95,1112.95,1183.75,2.5,60,100.0,Automobile and Auto Components,ACCUMULATION,2,CAUTION,TARGET,2026-06-30,1112.95,Target 1 Hit,10.55,66.9,STRONG,OK
2026-06-23,16:10,EMA21_Bounce,21 EMA Bounce,NH,BUY,1927.4,1927.4,1866.72,2018.42,2079.1,2.5,55,80.0,Healthcare,ACCUMULATION,2,CAUTION,TARGET,2026-07-03,2018.42,Target 1 Hit,4.72,64.6,MODERATE,OK
2026-06-23,16:10,EMA21_Bounce,21 EMA Bounce,JBCHEPHARM,BUY,2237.0,2237.0,2159.55,2353.17,2430.62,2.5,55,59.0,Healthcare,ACCUMULATION,2,CAUTION,TARGET,2026-07-03,2353.17,Target 1 Hit,5.19,54.5,MODERATE,OK
2026-06-23,16:10,52WH_Breakout,52-Week High Breakout,BHARATFORG,BUY,2152.3,2152.3,2085.73,2487.32,3029.42,8.0,57,100.0,Automobile and Auto Components,ACCUMULATION,2,CAUTION,STOPPED,2026-06-30,2085.73,Stop Loss Hit,-3.09,78.1,STRONG,OK
2026-06-23,16:10,Last30Min_ATH,Near 52W High (EOD),BHARATFORG,BUY,2152.3,2152.3,2103.8,2487.32,3029.42,8.0,64,100.0,Automobile and Auto Components,ACCUMULATION,2,CAUTION,STOPPED,2026-06-24,2103.8,Stop Loss Hit,-2.25,82.5,ELITE,OK
2026-06-23,16:10,Last30Min_ATH,Near 52W High (EOD),SCHNEIDER,BUY,1442.2,1442.2,1405.0,1818.72,2427.97,8.0,60,100.0,Capital Goods,ACCUMULATION,2,CAUTION,STOPPED,2026-06-24,1405.0,Stop Loss Hit,-2.58,76.3,STRONG,OK
2026-06-23,16:10,Failed_Breakout_Short,Failed Breakout Short,BAJAJHLDNG,SHORT,10615.0,10615.0,11079.92,9917.62,9452.7,2.5,57,75.0,Financial Services,ACCUMULATION,2,CAUTION,STOPPED,2026-07-03,11079.92,Stop Loss Hit,-4.38,65.1,STRONG,OK
2026-06-23,16:10,Failed_Breakout_Short,Failed Breakout Short,SOBHA,SHORT,1400.3,1400.3,1475.47,1287.54,1212.37,2.5,57,76.0,Realty,ACCUMULATION,2,CAUTION,STOPPED,2026-07-06,1475.47,Stop Loss Hit,-5.37,63.6,MODERATE,OK
2026-06-23,16:10,Failed_Breakout_Short,Failed Breakout Short,AEGISVOPAK,SHORT,232.76,232.76,253.08,202.28,181.96,2.5,62,100.0,Oil Gas & Consumable Fuels,ACCUMULATION,2,CAUTION,STOPPED,2026-07-03,253.08,Stop Loss Hit,-8.73,61.6,MODERATE,OK
2026-06-23,16:10,Failed_Breakout_Short,Failed Breakout Short,RBLBANK,SHORT,371.25,371.25,384.84,350.86,337.27,2.5,62,100.0,Financial Services,ACCUMULATION,2,CAUTION,EXPIRED,2026-07-20,368.45,Expired (27d > 25d),0.75,60.6,MODERATE,OK
2026-06-23,16:10,Failed_Breakout_Short,Failed Breakout Short,INDGN,SHORT,531.1,531.1,555.03,495.21,471.28,2.5,57,94.0,Healthcare,ACCUMULATION,2,CAUTION,TARGET,2026-07-06,495.21,Target 1 Hit,6.76,56.9,MODERATE,OK
2026-06-23,16:10,Failed_Breakout_Short,Failed Breakout Short,ZYDUSWELL,SHORT,530.2,530.2,550.59,499.62,479.23,2.5,57,99.0,Fast Moving Consumer Goods,ACCUMULATION,2,CAUTION,STOPPED,2026-06-29,550.59,Stop Loss Hit,-3.85,56.4,MODERATE,OK
2026-06-23,16:10,Failed_Breakout_Short,Failed Breakout Short,EMAMILTD,SHORT,401.25,401.25,421.96,370.19,349.48,2.5,60,43.0,Fast Moving Consumer Goods,ACCUMULATION,2,CAUTION,STOPPED,2026-07-03,421.96,Stop Loss Hit,-5.16,55.0,MODERATE,OK
2026-06-23,16:10,Failed_Breakout_Short,Failed Breakout Short,MRF,SHORT,131350.0,131350.0,133555.07,128042.39,125512.99,2.6,62,53.0,Automobile and Auto Components,ACCUMULATION,2,CAUTION,TARGET,2026-06-29,128042.39,Target 1 Hit,2.52,50.9,MODERATE,OK
2026-06-23,16:10,Failed_Breakout_Short,Failed Breakout Short,KFINTECH,SHORT,888.8,888.8,935.89,818.16,771.07,2.5,57,45.0,Financial Services,ACCUMULATION,2,CAUTION,EXPIRED,2026-07-20,881.8,Expired (27d > 25d),0.79,50.5,MODERATE,OK
2026-06-23,16:10,Failed_Breakout_Short,Failed Breakout Short,NCC,SHORT,156.1,156.1,162.42,146.42,145.11,1.7,62,79.0,Construction,ACCUMULATION,2,CAUTION,TARGET,2026-07-08,146.42,Target 1 Hit,6.2,49.5,WEAK,OK
2026-06-23,16:10,Failed_Breakout_Short,Failed Breakout Short,MAZDOCK,SHORT,2506.7,2506.7,2587.81,2385.04,2303.93,2.5,57,70.0,Capital Goods,ACCUMULATION,2,CAUTION,STOPPED,2026-07-03,2587.81,Stop Loss Hit,-3.24,41.6,WEAK,OK
2026-06-24,13:11,EMA21_Bounce,21 EMA Bounce,MOTHERSON,BUY,144.58,144.58,140.09,151.32,155.81,2.5,60,100.0,Automobile and Auto Components,ACCUMULATION,4,CAUTION,TARGET,2026-06-25,151.32,Target 1 Hit,4.66,73.9,STRONG,OK
2026-06-24,13:11,EMA21_Bounce,21 EMA Bounce,ADANIPORTS,BUY,1813.3,1813.3,1756.26,1898.86,1955.9,2.5,60,100.0,Services,ACCUMULATION,4,CAUTION,EXPIRED,2026-07-10,1828.1,Expired (16d > 15d),0.82,70.6,STRONG,OK
2026-06-24,13:11,EMA21_Bounce,21 EMA Bounce,ASIANPAINT,BUY,2667.5,2667.5,2628.13,2754.9,2808.33,3.6,60,85.0,Consumer Durables,ACCUMULATION,4,CAUTION,STOPPED,2026-07-01,2628.13,Stop Loss Hit,-1.48,70.4,STRONG,OK
2026-06-24,13:11,EMA21_Bounce,21 EMA Bounce,FORTIS,BUY,975.4,975.4,951.72,1010.92,1034.6,2.5,55,83.0,Healthcare,ACCUMULATION,4,CAUTION,STOPPED,2026-06-25,951.72,Stop Loss Hit,-2.43,69.8,STRONG,OK
2026-06-24,13:11,EMA21_Bounce,21 EMA Bounce,BANDHANBNK,BUY,211.76,211.76,200.43,228.75,255.68,3.9,60,100.0,Financial Services,ACCUMULATION,4,CAUTION,STOPPED,2026-06-25,200.43,Stop Loss Hit,-5.35,69.6,STRONG,OK
2026-06-24,13:11,EMA21_Bounce,21 EMA Bounce,SBIN,BUY,1034.6,1034.6,1001.08,1084.88,1118.4,2.5,55,47.0,Financial Services,ACCUMULATION,4,CAUTION,EXPIRED,2026-07-10,1036.0,Expired (16d > 15d),0.14,69.6,STRONG,OK
2026-06-24,13:11,EMA21_Bounce,21 EMA Bounce,BHEL,BUY,402.9,402.9,389.27,423.34,436.97,2.5,60,100.0,Capital Goods,ACCUMULATION,4,CAUTION,STOPPED,2026-07-03,389.27,Stop Loss Hit,-3.38,67.9,STRONG,OK
2026-06-24,13:11,EMA21_Bounce,21 EMA Bounce,ATGL,BUY,719.4,719.4,694.88,756.18,762.73,1.8,55,100.0,Oil Gas & Consumable Fuels,ACCUMULATION,4,CAUTION,STOPPED,2026-07-08,694.88,Stop Loss Hit,-3.41,67.9,STRONG,OK
2026-06-24,13:11,EMA21_Bounce,21 EMA Bounce,MANAPPURAM,BUY,318.35,318.35,308.32,333.4,334.0,1.6,60,95.0,Financial Services,ACCUMULATION,4,CAUTION,TARGET,2026-07-03,333.4,Target 1 Hit,4.73,67.9,STRONG,OK
2026-06-24,13:11,EMA21_Bounce,21 EMA Bounce,INDUSINDBK,BUY,927.6,927.6,887.28,988.08,1028.4,2.5,60,75.0,Financial Services,ACCUMULATION,4,CAUTION,TARGET,2026-07-06,988.08,Target 1 Hit,6.52,67.5,STRONG,OK
2026-06-24,13:11,EMA21_Bounce,21 EMA Bounce,APOLLOHOSP,BUY,8573.5,8573.5,8310.78,9452.91,10875.91,8.0,55,73.0,Healthcare,ACCUMULATION,4,CAUTION,EXPIRED,2026-07-10,8841.0,Expired (16d > 15d),3.12,65.6,STRONG,OK
2026-06-24,13:11,EMA21_Bounce,21 EMA Bounce,DIVISLAB,BUY,6753.5,6753.5,6627.29,6942.82,6960.5,1.6,60,67.0,Healthcare,ACCUMULATION,4,CAUTION,STOPPED,2026-06-29,6627.29,Stop Loss Hit,-1.87,60.9,MODERATE,OK
2026-06-24,13:11,EMA21_Bounce,21 EMA Bounce,TITAN,BUY,4323.8,4323.8,4208.6,4496.6,4611.8,2.5,60,64.0,Consumer Durables,ACCUMULATION,4,CAUTION,TARGET,2026-07-01,4496.6,Target 1 Hit,4.0,58.1,MODERATE,OK
2026-06-24,13:11,EMA21_Bounce,21 EMA Bounce,TORNTPHARM,BUY,4504.4,4504.4,4400.13,4660.8,4666.0,1.5,55,54.0,Healthcare,ACCUMULATION,4,CAUTION,TARGET,2026-06-29,4660.8,Target 1 Hit,3.47,51.7,MODERATE,OK
2026-06-24,13:11,52WH_Breakout,52-Week High Breakout,AUBANK,BUY,1067.2,1067.2,1041.79,1105.32,1212.77,5.7,62,85.0,Financial Services,ACCUMULATION,4,CAUTION,STOPPED,2026-06-25,1041.79,Stop Loss Hit,-2.38,81.3,ELITE,OK
2026-06-24,13:11,52WH_Breakout,52-Week High Breakout,ABCAPITAL,BUY,394.8,394.8,388.3,460.99,568.09,8.0,57,100.0,Financial Services,ACCUMULATION,4,CAUTION,STOPPED,2026-06-29,388.3,Stop Loss Hit,-1.65,78.6,STRONG,OK
2026-06-24,13:11,Last30Min_ATH,Near 52W High (EOD),GMRAIRPORT,BUY,108.07,108.07,106.37,111.15,122.88,8.0,62,85.0,Services,ACCUMULATION,4,CAUTION,TARGET,2026-06-29,111.15,Target 1 Hit,2.85,89.0,ELITE,OK
2026-06-24,13:11,Last30Min_ATH,Near 52W High (EOD),ADANIENT,BUY,3069.7,3069.7,2971.0,3883.9,5201.39,8.0,60,100.0,Metals & Mining,ACCUMULATION,4,CAUTION,STOPPED,2026-06-29,2971.0,Stop Loss Hit,-3.22,87.0,ELITE,OK
2026-06-24,13:11,Last30Min_ATH,Near 52W High (EOD),AUBANK,BUY,1067.2,1067.2,1021.0,1136.5,1212.77,3.2,64,85.0,Financial Services,ACCUMULATION,4,CAUTION,STOPPED,2026-06-29,1021.0,Stop Loss Hit,-4.33,85.7,ELITE,OK
2026-06-24,13:11,Last30Min_ATH,Near 52W High (EOD),OFSS,BUY,10468.5,10468.5,9874.5,11359.5,12924.17,4.1,64,100.0,Information Technology,ACCUMULATION,4,CAUTION,TARGET,2026-07-06,11359.5,Target 1 Hit,8.51,85.5,ELITE,OK
2026-06-24,13:11,Last30Min_ATH,Near 52W High (EOD),ABCAPITAL,BUY,394.8,394.8,381.85,460.99,568.09,8.0,64,100.0,Financial Services,ACCUMULATION,4,CAUTION,EXPIRED,2026-07-10,408.3,Expired (16d > 15d),3.42,83.0,ELITE,OK
2026-06-24,13:11,Last30Min_ATH,Near 52W High (EOD),CHOLAFIN,BUY,1792.9,1792.9,1721.0,1900.75,2097.88,4.2,58,95.0,Financial Services,ACCUMULATION,4,CAUTION,EXPIRED,2026-07-10,1807.8,Expired (16d > 15d),0.83,80.0,ELITE,OK
2026-06-24,13:11,Failed_Breakout_Short,Failed Breakout Short,KEI,SHORT,5419.0,5419.0,5758.23,4910.16,4570.93,2.5,57,100.0,Capital Goods,ACCUMULATION,4,CAUTION,TARGET,2026-07-17,4910.16,Target 1 Hit,9.39,60.6,MODERATE,OK
2026-06-24,13:11,Failed_Breakout_Short,Failed Breakout Short,LAURUSLABS,SHORT,1454.2,1454.2,1505.26,1377.61,1326.55,2.5,57,100.0,Healthcare,ACCUMULATION,4,CAUTION,STOPPED,2026-06-29,1505.26,Stop Loss Hit,-3.51,55.6,MODERATE,OK
2026-06-24,13:11,Failed_Breakout_Short,Failed Breakout Short,ZYDUSLIFE,SHORT,1099.3,1099.3,1133.01,1048.73,1015.02,2.5,57,90.0,Healthcare,ACCUMULATION,4,CAUTION,STOPPED,2026-07-03,1133.01,Stop Loss Hit,-3.07,47.8,WEAK,OK
2026-06-24,15:43,EMA21_Bounce,21 EMA Bounce,VIJAYA,BUY,1312.6,1312.6,1253.05,1401.92,1461.47,2.5,55,100.0,Healthcare,ACCUMULATION,4,CAUTION,TARGET,2026-06-30,1401.92,Target 1 Hit,6.8,70.9,STRONG,OK
2026-06-24,15:43,EMA21_Bounce,21 EMA Bounce,TATATECH,BUY,748.6,748.6,718.59,793.62,823.63,2.5,60,100.0,Information Technology,ACCUMULATION,4,CAUTION,STOPPED,2026-06-29,718.59,Stop Loss Hit,-4.01,68.9,STRONG,OK
2026-06-24,15:43,EMA21_Bounce,21 EMA Bounce,GROWW,BUY,199.69,199.69,190.95,212.8,214.36,1.7,60,90.0,Financial Services,ACCUMULATION,4,CAUTION,STOPPED,2026-07-08,190.95,Stop Loss Hit,-4.38,68.7,STRONG,OK
2026-06-24,15:43,EMA21_Bounce,21 EMA Bounce,HSCL,BUY,663.0,663.0,611.46,740.31,791.85,2.5,60,100.0,Chemicals,ACCUMULATION,4,CAUTION,EXPIRED,2026-07-10,660.45,Expired (16d > 15d),-0.38,68.2,STRONG,OK
2026-06-24,15:43,EMA21_Bounce,21 EMA Bounce,AMBER,BUY,7843.5,7843.5,7574.54,8246.94,8515.9,2.5,60,85.0,Consumer Durables,ACCUMULATION,4,CAUTION,STOPPED,2026-06-29,7574.54,Stop Loss Hit,-3.43,67.9,STRONG,OK
2026-06-24,15:43,EMA21_Bounce,21 EMA Bounce,PREMIERENE,BUY,1053.4,1053.4,1025.41,1095.39,1103.9,1.8,55,79.0,Capital Goods,ACCUMULATION,4,CAUTION,STOPPED,2026-06-29,1025.41,Stop Loss Hit,-2.66,64.4,MODERATE,OK
2026-06-24,15:43,EMA21_Bounce,21 EMA Bounce,KARURVYSYA,BUY,294.95,294.95,284.61,310.46,320.8,2.5,60,59.0,Financial Services,ACCUMULATION,4,CAUTION,EXPIRED,2026-07-10,305.65,Expired (16d > 15d),3.63,61.2,MODERATE,OK
2026-06-24,15:43,EMA21_Bounce,21 EMA Bounce,JSWENERGY,BUY,574.4,574.4,558.17,598.74,614.97,2.5,55,80.0,Power,ACCUMULATION,4,CAUTION,STOPPED,2026-07-03,558.17,Stop Loss Hit,-2.83,57.4,MODERATE,OK
2026-06-24,15:43,EMA21_Bounce,21 EMA Bounce,CROMPTON,BUY,275.25,275.25,266.08,289.0,298.17,2.5,60,74.0,Consumer Durables,ACCUMULATION,4,CAUTION,STOPPED,2026-07-07,266.08,Stop Loss Hit,-3.33,56.6,MODERATE,OK
2026-06-24,15:43,EMA21_Bounce,21 EMA Bounce,LENSKART,BUY,516.35,516.35,474.71,578.81,620.45,2.5,60,48.0,Consumer Services,ACCUMULATION,4,CAUTION,EXPIRED,2026-07-10,543.65,Expired (16d > 15d),5.29,54.1,MODERATE,OK
2026-06-24,15:43,EMA21_Bounce,21 EMA Bounce,CHENNPETRO,BUY,1128.0,1128.0,1089.1,1186.35,1225.0,2.5,55,70.0,Oil Gas & Consumable Fuels,ACCUMULATION,4,CAUTION,STOPPED,2026-07-07,1089.1,Stop Loss Hit,-3.45,52.4,MODERATE,OK
2026-06-24,15:43,EMA21_Bounce,21 EMA Bounce,GESHIP,BUY,1497.2,1497.2,1407.95,1631.08,1720.33,2.5,60,58.0,Services,ACCUMULATION,4,CAUTION,STOPPED,2026-07-02,1407.95,Stop Loss Hit,-5.96,52.1,MODERATE,OK
2026-06-24,15:43,52WH_Breakout,52-Week High Breakout,WELSPUNLIV,BUY,169.84,169.84,162.4,208.61,271.35,8.0,67,100.0,Textiles,ACCUMULATION,4,CAUTION,STOPPED,2026-06-29,162.4,Stop Loss Hit,-4.38,80.1,ELITE,OK
2026-06-24,15:43,52WH_Breakout,52-Week High Breakout,JSWINFRA,BUY,338.4,338.4,312.39,377.42,403.43,2.5,67,100.0,Services,ACCUMULATION,4,CAUTION,STOPPED,2026-07-08,312.39,Stop Loss Hit,-7.69,79.5,STRONG,OK
2026-06-24,15:43,Last30Min_ATH,Near 52W High (EOD),RBLBANK,BUY,377.05,377.05,370.35,387.1,431.74,8.0,60,96.0,Financial Services,ACCUMULATION,4,CAUTION,STOPPED,2026-06-25,370.35,Stop Loss Hit,-1.78,92.0,ELITE,OK
2026-06-24,15:43,Last30Min_ATH,Near 52W High (EOD),GLAND,BUY,2326.2,2326.2,2287.9,2383.65,2395.0,1.8,58,100.0,Healthcare,ACCUMULATION,4,CAUTION,TARGET,2026-06-30,2383.65,Target 1 Hit,2.47,87.0,ELITE,OK
2026-06-24,15:43,Last30Min_ATH,Near 52W High (EOD),WELSPUNLIV,BUY,169.84,169.84,161.0,208.61,271.35,8.0,64,100.0,Textiles,ACCUMULATION,4,CAUTION,STOPPED,2026-06-30,161.0,Stop Loss Hit,-5.2,84.5,ELITE,OK
2026-06-24,15:43,Failed_Breakout_Short,Failed Breakout Short,ZFCVINDIA,SHORT,2660.0,2660.0,3075.88,2036.18,1620.3,2.5,65,84.0,Automobile and Auto Components,ACCUMULATION,4,CAUTION,EXPIRED,2026-07-20,2338.6,Expired (26d > 25d),12.08,69.6,STRONG,OK
2026-06-24,15:43,Failed_Breakout_Short,Failed Breakout Short,BAJAJHLDNG,SHORT,10583.0,10583.0,11079.51,9838.24,9341.73,2.5,57,69.0,Financial Services,ACCUMULATION,4,CAUTION,STOPPED,2026-07-03,11079.51,Stop Loss Hit,-4.69,64.5,MODERATE,OK
2026-06-24,15:43,Failed_Breakout_Short,Failed Breakout Short,IIFL,SHORT,525.15,525.15,551.86,485.08,458.37,2.5,57,73.0,Financial Services,ACCUMULATION,4,CAUTION,STOPPED,2026-07-10,551.86,Stop Loss Hit,-5.09,59.3,MODERATE,OK
2026-06-24,15:43,Failed_Breakout_Short,Failed Breakout Short,GVT&D,SHORT,5052.5,5052.5,5725.16,4043.51,3370.85,2.5,57,100.0,Capital Goods,ACCUMULATION,4,CAUTION,EXPIRED,2026-07-20,4444.9,Expired (26d > 25d),12.03,58.6,MODERATE,OK
2026-06-24,15:43,Failed_Breakout_Short,Failed Breakout Short,SCHNEIDER,SHORT,1373.9,1373.9,1490.82,1198.52,1081.6,2.5,62,100.0,Capital Goods,ACCUMULATION,4,CAUTION,STOPPED,2026-07-03,1490.82,Stop Loss Hit,-8.51,56.5,MODERATE,OK
2026-06-24,15:43,Failed_Breakout_Short,Failed Breakout Short,BDL,SHORT,1383.5,1383.5,1453.33,1278.76,1208.93,2.5,62,78.0,Capital Goods,ACCUMULATION,4,CAUTION,TARGET,2026-07-14,1278.76,Target 1 Hit,7.57,55.0,MODERATE,OK
2026-06-24,15:43,Failed_Breakout_Short,Failed Breakout Short,INDGN,SHORT,527.2,527.2,555.25,485.13,457.08,2.5,57,80.0,Healthcare,ACCUMULATION,4,CAUTION,EXPIRED,2026-07-20,509.1,Expired (26d > 25d),3.43,54.6,MODERATE,OK
2026-06-24,15:43,Failed_Breakout_Short,Failed Breakout Short,ZYDUSWELL,SHORT,525.55,525.55,550.82,487.64,462.37,2.5,57,81.0,Fast Moving Consumer Goods,ACCUMULATION,4,CAUTION,STOPPED,2026-06-29,550.82,Stop Loss Hit,-4.81,50.2,MODERATE,OK
2026-06-24,15:43,Failed_Breakout_Short,Failed Breakout Short,MANKIND,SHORT,2483.0,2483.0,2622.99,2273.02,2133.03,2.5,62,100.0,Healthcare,ACCUMULATION,4,CAUTION,STOPPED,2026-07-15,2622.99,Stop Loss Hit,-5.64,49.0,WEAK,OK
2026-06-25,13:10,EMA21_Bounce,21 EMA Bounce,MANAPPURAM,BUY,318.5,318.5,304.05,340.17,354.62,2.5,65,79.0,Financial Services,ACCUMULATION,3,CAUTION,TARGET,2026-07-06,340.17,Target 1 Hit,6.8,76.8,STRONG,OK
2026-06-25,13:10,EMA21_Bounce,21 EMA Bounce,CGPOWER,BUY,942.1,942.1,906.89,994.92,1030.13,2.5,60,100.0,Capital Goods,ACCUMULATION,3,CAUTION,STOPPED,2026-07-03,906.89,Stop Loss Hit,-3.74,70.2,STRONG,OK
2026-06-25,13:10,EMA21_Bounce,21 EMA Bounce,HDFCAMC,BUY,2649.7,2649.7,2580.7,2753.2,2822.2,2.5,55,63.0,Financial Services,ACCUMULATION,3,CAUTION,TARGET,2026-07-02,2753.2,Target 1 Hit,3.91,63.9,MODERATE,OK
2026-06-25,13:10,EMA21_Bounce,21 EMA Bounce,MARICO,BUY,825.8,825.8,808.19,852.21,869.82,2.5,60,55.0,Fast Moving Consumer Goods,ACCUMULATION,3,CAUTION,TARGET,2026-07-01,852.21,Target 1 Hit,3.2,60.6,MODERATE,OK
2026-06-25,13:10,EMA21_Bounce,21 EMA Bounce,TORNTPHARM,BUY,4516.2,4516.2,4407.71,4678.93,4787.42,2.5,55,47.0,Healthcare,ACCUMULATION,3,CAUTION,TARGET,2026-06-29,4678.93,Target 1 Hit,3.6,53.8,MODERATE,OK
2026-06-25,13:10,52WH_Breakout,52-Week High Breakout,OFSS,BUY,10974.5,10974.5,10411.73,13728.46,18184.7,8.0,67,100.0,Information Technology,ACCUMULATION,3,CAUTION,EXPIRED,2026-07-21,11632.0,Expired (26d > 25d),5.99,78.1,STRONG,OK
2026-06-25,13:10,Last30Min_ATH,Near 52W High (EOD),OFSS,BUY,10974.5,10974.5,10411.0,13728.46,18184.7,8.0,64,100.0,Information Technology,ACCUMULATION,3,CAUTION,EXPIRED,2026-07-13,11746.0,Expired (18d > 15d),7.03,82.5,ELITE,OK
2026-06-25,13:10,Last30Min_ATH,Near 52W High (EOD),AUROPHARMA,BUY,1555.2,1555.2,1532.0,1733.86,2022.96,8.0,60,74.0,Healthcare,ACCUMULATION,3,CAUTION,EXPIRED,2026-07-13,1549.3,Expired (18d > 15d),-0.38,65.1,STRONG,OK
2026-06-25,13:10,Failed_Breakout_Short,Failed Breakout Short,PHOENIXLTD,SHORT,1904.6,1904.6,1961.26,1819.61,1762.95,2.5,62,90.0,Realty,ACCUMULATION,3,CAUTION,STOPPED,2026-06-30,1961.26,Stop Loss Hit,-2.97,63.6,MODERATE,OK
2026-06-25,13:10,Failed_Breakout_Short,Failed Breakout Short,ABCAPITAL,SHORT,390.8,390.8,402.94,372.59,360.45,2.5,57,85.0,Financial Services,ACCUMULATION,3,CAUTION,STOPPED,2026-07-03,402.94,Stop Loss Hit,-3.11,61.6,MODERATE,OK
2026-06-25,13:10,Failed_Breakout_Short,Failed Breakout Short,AUBANK,SHORT,1033.85,1033.85,1088.3,952.17,897.72,2.5,57,63.0,Financial Services,ACCUMULATION,3,CAUTION,STOPPED,2026-07-06,1088.3,Stop Loss Hit,-5.27,56.5,MODERATE,OK
2026-06-25,13:10,Failed_Breakout_Short,Failed Breakout Short,AXISBANK,SHORT,1377.2,1377.2,1407.43,1331.86,1301.63,2.5,62,62.0,Financial Services,ACCUMULATION,3,CAUTION,TARGET,2026-07-08,1331.86,Target 1 Hit,3.29,55.4,MODERATE,OK
2026-06-25,16:03,EMA21_Bounce,21 EMA Bounce,THERMAX,BUY,4828.8,4828.8,4628.53,5129.21,5329.48,2.5,60,100.0,Capital Goods,ACCUMULATION,3,CAUTION,TARGET,2026-06-29,5129.21,Target 1 Hit,6.22,70.9,STRONG,OK
2026-06-25,16:03,EMA21_Bounce,21 EMA Bounce,ATHERENERG,BUY,998.75,998.75,964.52,1050.1,1069.0,2.1,55,93.0,Automobile and Auto Components,ACCUMULATION,3,CAUTION,TARGET,2026-06-29,1050.1,Target 1 Hit,5.14,66.4,STRONG,OK
2026-06-25,16:03,EMA21_Bounce,21 EMA Bounce,SAILIFE,BUY,1221.3,1221.3,1164.96,1305.81,1362.15,2.5,60,78.0,Healthcare,ACCUMULATION,3,CAUTION,EXPIRED,2026-07-13,1272.1,Expired (18d > 15d),4.16,64.6,MODERATE,OK
2026-06-25,16:03,EMA21_Bounce,21 EMA Bounce,GROWW,BUY,199.79,199.79,193.09,209.84,214.36,2.2,60,84.0,Financial Services,ACCUMULATION,3,CAUTION,STOPPED,2026-07-07,193.09,Stop Loss Hit,-3.35,64.2,MODERATE,OK
2026-06-25,16:03,EMA21_Bounce,21 EMA Bounce,IGIL,BUY,359.7,359.7,341.57,386.9,405.03,2.5,60,53.0,Services,ACCUMULATION,3,CAUTION,STOPPED,2026-07-08,341.57,Stop Loss Hit,-5.04,56.8,MODERATE,OK
2026-06-25,16:03,52WH_Breakout,52-Week High Breakout,WELCORP,BUY,1455.1,1455.1,1416.42,1856.58,2506.23,8.0,57,100.0,Capital Goods,ACCUMULATION,3,CAUTION,STOPPED,2026-07-03,1416.42,Stop Loss Hit,-2.66,85.6,ELITE,OK
2026-06-25,16:03,Last30Min_ATH,Near 52W High (EOD),WELCORP,BUY,1455.1,1455.1,1410.1,1856.58,2506.23,8.0,64,100.0,Capital Goods,ACCUMULATION,3,CAUTION,STOPPED,2026-07-03,1410.1,Stop Loss Hit,-3.09,90.0,ELITE,OK
2026-06-25,16:03,Last30Min_ATH,Near 52W High (EOD),SAILIFE,BUY,1221.3,1221.3,1185.2,1275.45,1311.55,2.5,58,78.0,Healthcare,ACCUMULATION,3,CAUTION,TARGET,2026-07-10,1275.45,Target 1 Hit,4.43,78.7,STRONG,OK
2026-06-25,16:03,Failed_Breakout_Short,Failed Breakout Short,ZFCVINDIA,SHORT,2616.0,2616.0,3076.37,1925.45,1465.08,2.5,62,67.0,Automobile and Auto Components,ACCUMULATION,3,CAUTION,EXPIRED,2026-07-21,2398.6,Expired (26d > 25d),8.31,62.7,MODERATE,OK
2026-06-25,16:03,Failed_Breakout_Short,Failed Breakout Short,KAJARIACER,SHORT,1196.6,1196.6,1241.48,1129.28,1084.4,2.5,65,89.0,Consumer Durables,ACCUMULATION,3,CAUTION,STOPPED,2026-07-13,1241.48,Stop Loss Hit,-3.75,59.3,MODERATE,OK
2026-06-25,16:03,Failed_Breakout_Short,Failed Breakout Short,TIINDIA,SHORT,3054.0,3054.0,3367.66,2583.51,2269.85,2.5,57,64.0,Automobile and Auto Components,ACCUMULATION,3,CAUTION,EXPIRED,2026-07-21,2909.3,Expired (26d > 25d),4.74,50.9,MODERATE,OK
2026-06-25,16:03,Failed_Breakout_Short,Failed Breakout Short,CASTROLIND,SHORT,185.37,185.37,189.39,179.34,175.32,2.5,57,45.0,Oil Gas & Consumable Fuels,ACCUMULATION,3,CAUTION,EXPIRED,2026-07-21,184.78,Expired (26d > 25d),0.32,42.8,WEAK,OK
2026-06-26,13:02,EMA21_Bounce,21 EMA Bounce,MANAPPURAM,BUY,318.5,318.5,304.05,340.17,354.62,2.5,65,79.0,Financial Services,ACCUMULATION,3,CAUTION,TARGET,2026-07-06,340.17,Target 1 Hit,6.8,76.8,STRONG,OK
2026-06-26,13:02,EMA21_Bounce,21 EMA Bounce,CGPOWER,BUY,942.1,942.1,906.89,994.92,1030.13,2.5,60,100.0,Capital Goods,ACCUMULATION,3,CAUTION,STOPPED,2026-07-03,906.89,Stop Loss Hit,-3.74,70.2,STRONG,OK
2026-06-26,13:02,EMA21_Bounce,21 EMA Bounce,HDFCAMC,BUY,2649.7,2649.7,2580.7,2753.2,2822.2,2.5,55,63.0,Financial Services,ACCUMULATION,3,CAUTION,TARGET,2026-07-02,2753.2,Target 1 Hit,3.91,63.9,MODERATE,OK
2026-06-26,13:02,EMA21_Bounce,21 EMA Bounce,MARICO,BUY,825.8,825.8,808.19,852.21,869.82,2.5,60,55.0,Fast Moving Consumer Goods,ACCUMULATION,3,CAUTION,TARGET,2026-07-01,852.21,Target 1 Hit,3.2,60.6,MODERATE,OK
2026-06-26,13:02,EMA21_Bounce,21 EMA Bounce,TORNTPHARM,BUY,4516.2,4516.2,4407.71,4678.93,4787.42,2.5,55,47.0,Healthcare,ACCUMULATION,3,CAUTION,TARGET,2026-06-29,4678.93,Target 1 Hit,3.6,53.8,MODERATE,OK
2026-06-26,13:02,52WH_Breakout,52-Week High Breakout,OFSS,BUY,10974.5,10974.5,10411.73,13728.46,18184.7,8.0,67,100.0,Information Technology,ACCUMULATION,3,CAUTION,EXPIRED,2026-07-22,10851.0,Expired (26d > 25d),-1.13,78.1,STRONG,OK
2026-06-26,13:02,Last30Min_ATH,Near 52W High (EOD),OFSS,BUY,10974.5,10974.5,10411.0,13728.46,18184.7,8.0,64,100.0,Information Technology,ACCUMULATION,3,CAUTION,EXPIRED,2026-07-13,11746.0,Expired (17d > 15d),7.03,82.5,ELITE,OK
2026-06-26,13:02,Last30Min_ATH,Near 52W High (EOD),AUROPHARMA,BUY,1555.2,1555.2,1532.0,1733.86,2022.96,8.0,60,74.0,Healthcare,ACCUMULATION,3,CAUTION,EXPIRED,2026-07-13,1549.3,Expired (17d > 15d),-0.38,65.1,STRONG,OK
2026-06-26,13:02,Failed_Breakout_Short,Failed Breakout Short,PHOENIXLTD,SHORT,1904.6,1904.6,1961.26,1819.61,1762.95,2.5,62,90.0,Realty,ACCUMULATION,3,CAUTION,STOPPED,2026-06-30,1961.26,Stop Loss Hit,-2.97,63.6,MODERATE,OK
2026-06-26,13:02,Failed_Breakout_Short,Failed Breakout Short,ABCAPITAL,SHORT,390.8,390.8,402.94,372.59,360.45,2.5,57,85.0,Financial Services,ACCUMULATION,3,CAUTION,STOPPED,2026-07-03,402.94,Stop Loss Hit,-3.11,61.6,MODERATE,OK
2026-06-26,13:02,Failed_Breakout_Short,Failed Breakout Short,AUBANK,SHORT,1033.85,1033.85,1088.3,952.17,897.72,2.5,57,63.0,Financial Services,ACCUMULATION,3,CAUTION,STOPPED,2026-07-06,1088.3,Stop Loss Hit,-5.27,56.5,MODERATE,OK
2026-06-26,13:02,Failed_Breakout_Short,Failed Breakout Short,AXISBANK,SHORT,1377.2,1377.2,1407.43,1331.86,1301.63,2.5,62,62.0,Financial Services,ACCUMULATION,3,CAUTION,TARGET,2026-07-08,1331.86,Target 1 Hit,3.29,55.4,MODERATE,OK
2026-06-26,15:40,EMA21_Bounce,21 EMA Bounce,THERMAX,BUY,4828.8,4828.8,4628.53,5129.21,5329.48,2.5,60,100.0,Capital Goods,ACCUMULATION,3,CAUTION,TARGET,2026-06-29,5129.21,Target 1 Hit,6.22,70.9,STRONG,OK
2026-06-26,15:40,EMA21_Bounce,21 EMA Bounce,ATHERENERG,BUY,998.75,998.75,964.52,1050.1,1069.0,2.1,55,93.0,Automobile and Auto Components,ACCUMULATION,3,CAUTION,TARGET,2026-06-29,1050.1,Target 1 Hit,5.14,66.4,STRONG,OK
2026-06-26,15:40,EMA21_Bounce,21 EMA Bounce,SAILIFE,BUY,1221.3,1221.3,1164.96,1305.81,1362.15,2.5,60,78.0,Healthcare,ACCUMULATION,3,CAUTION,EXPIRED,2026-07-13,1272.1,Expired (17d > 15d),4.16,64.6,MODERATE,OK
2026-06-26,15:40,EMA21_Bounce,21 EMA Bounce,GROWW,BUY,199.79,199.79,193.09,209.84,214.36,2.2,60,84.0,Financial Services,ACCUMULATION,3,CAUTION,STOPPED,2026-07-07,193.09,Stop Loss Hit,-3.35,64.2,MODERATE,OK
2026-06-26,15:40,EMA21_Bounce,21 EMA Bounce,IGIL,BUY,359.7,359.7,341.57,386.9,405.03,2.5,60,53.0,Services,ACCUMULATION,3,CAUTION,STOPPED,2026-07-08,341.57,Stop Loss Hit,-5.04,56.8,MODERATE,OK
2026-06-26,15:40,52WH_Breakout,52-Week High Breakout,WELCORP,BUY,1455.1,1455.1,1416.42,1856.58,2506.23,8.0,57,100.0,Capital Goods,ACCUMULATION,3,CAUTION,STOPPED,2026-07-03,1416.42,Stop Loss Hit,-2.66,85.6,ELITE,OK
2026-06-26,15:40,Last30Min_ATH,Near 52W High (EOD),WELCORP,BUY,1455.1,1455.1,1410.1,1856.58,2506.23,8.0,64,100.0,Capital Goods,ACCUMULATION,3,CAUTION,STOPPED,2026-07-03,1410.1,Stop Loss Hit,-3.09,90.0,ELITE,OK
2026-06-26,15:40,Last30Min_ATH,Near 52W High (EOD),SAILIFE,BUY,1221.3,1221.3,1185.2,1275.45,1311.55,2.5,58,78.0,Healthcare,ACCUMULATION,3,CAUTION,TARGET,2026-07-10,1275.45,Target 1 Hit,4.43,78.7,STRONG,OK
2026-06-26,15:40,Failed_Breakout_Short,Failed Breakout Short,ZFCVINDIA,SHORT,2616.0,2616.0,3076.37,1925.45,1465.08,2.5,62,67.0,Automobile and Auto Components,ACCUMULATION,3,CAUTION,EXPIRED,2026-07-22,2367.2,Expired (26d > 25d),9.51,62.7,MODERATE,OK
2026-06-26,15:40,Failed_Breakout_Short,Failed Breakout Short,KAJARIACER,SHORT,1196.6,1196.6,1241.48,1129.28,1084.4,2.5,65,89.0,Consumer Durables,ACCUMULATION,3,CAUTION,STOPPED,2026-07-13,1241.48,Stop Loss Hit,-3.75,59.3,MODERATE,OK
2026-06-26,15:40,Failed_Breakout_Short,Failed Breakout Short,TIINDIA,SHORT,3054.0,3054.0,3367.66,2583.51,2269.85,2.5,57,64.0,Automobile and Auto Components,ACCUMULATION,3,CAUTION,EXPIRED,2026-07-22,2903.7,Expired (26d > 25d),4.92,50.9,MODERATE,OK
2026-06-26,15:40,Failed_Breakout_Short,Failed Breakout Short,CASTROLIND,SHORT,185.37,185.37,189.39,179.34,175.32,2.5,57,45.0,Oil Gas & Consumable Fuels,ACCUMULATION,3,CAUTION,EXPIRED,2026-07-22,185.78,Expired (26d > 25d),-0.22,42.8,WEAK,OK
2026-06-29,14:41,EMA21_Bounce,21 EMA Bounce,POLYCAB,BUY,9779.0,9779.0,9300.84,10496.24,11707.22,4.0,65,100.0,Capital Goods,ACCUMULATION,3,CAUTION,STOPPED,2026-07-08,9300.84,Stop Loss Hit,-4.89,79.5,STRONG,OK
2026-06-29,14:41,EMA21_Bounce,21 EMA Bounce,KEI,BUY,5452.0,5452.0,5059.07,6041.4,6378.2,2.4,60,100.0,Capital Goods,ACCUMULATION,3,CAUTION,STOPPED,2026-07-08,5059.07,Stop Loss Hit,-7.21,76.4,STRONG,OK
2026-06-29,14:41,EMA21_Bounce,21 EMA Bounce,IDEA,BUY,14.43,14.43,13.56,15.74,16.61,2.5,65,100.0,Telecommunication,ACCUMULATION,3,CAUTION,STOPPED,2026-07-15,13.56,Stop Loss Hit,-6.03,73.7,STRONG,OK
2026-06-29,14:41,EMA21_Bounce,21 EMA Bounce,TATACOMM,BUY,1993.4,1993.4,1901.48,2131.28,2223.2,2.5,55,100.0,Telecommunication,ACCUMULATION,3,CAUTION,STOPPED,2026-07-01,1901.48,Stop Loss Hit,-4.61,71.3,STRONG,OK
2026-06-29,14:41,EMA21_Bounce,21 EMA Bounce,LICHSGFIN,BUY,560.75,560.75,537.6,595.47,618.62,2.5,60,63.0,Financial Services,ACCUMULATION,3,CAUTION,STOPPED,2026-07-08,537.6,Stop Loss Hit,-4.13,69.4,STRONG,OK
2026-06-29,14:41,EMA21_Bounce,21 EMA Bounce,SONACOMS,BUY,620.75,620.75,597.58,655.5,709.64,3.8,60,96.0,Automobile and Auto Components,ACCUMULATION,3,CAUTION,TARGET,2026-07-02,655.5,Target 1 Hit,5.6,68.7,STRONG,OK
2026-06-29,14:41,EMA21_Bounce,21 EMA Bounce,ATGL,BUY,731.65,731.65,684.69,802.09,849.05,2.5,60,100.0,Oil Gas & Consumable Fuels,ACCUMULATION,3,CAUTION,EXPIRED,2026-07-15,715.4,Expired (16d > 15d),-2.22,68.1,STRONG,OK
2026-06-29,14:41,EMA21_Bounce,21 EMA Bounce,MARICO,BUY,839.95,839.95,810.08,884.76,908.55,2.3,60,67.0,Fast Moving Consumer Goods,ACCUMULATION,3,CAUTION,EXPIRED,2026-07-15,844.45,Expired (16d > 15d),0.54,64.7,MODERATE,OK
2026-06-29,14:41,EMA21_Bounce,21 EMA Bounce,ABB,BUY,7128.0,7128.0,6795.79,7626.32,7958.53,2.5,65,75.0,Capital Goods,ACCUMULATION,3,CAUTION,STOPPED,2026-07-03,6795.79,Stop Loss Hit,-4.66,63.2,MODERATE,OK
2026-06-29,14:41,EMA21_Bounce,21 EMA Bounce,DMART,BUY,4357.0,4357.0,4184.66,4615.51,4787.85,2.5,60,64.0,Consumer Services,ACCUMULATION,3,CAUTION,STOPPED,2026-07-02,4184.66,Stop Loss Hit,-3.96,60.8,MODERATE,OK
2026-06-29,14:41,EMA21_Bounce,21 EMA Bounce,LINDEINDIA,BUY,7297.0,7297.0,6890.82,7906.27,8312.45,2.5,60,46.0,Chemicals,ACCUMULATION,3,CAUTION,EXPIRED,2026-07-15,7028.0,Expired (16d > 15d),-3.69,52.8,MODERATE,OK
2026-06-29,14:41,52WH_Breakout,52-Week High Breakout,LAURUSLABS,BUY,1500.3,1500.3,1470.8,1544.55,1813.65,8.0,62,100.0,Healthcare,ACCUMULATION,3,CAUTION,TARGET,2026-07-03,1544.55,Target 1 Hit,2.95,84.1,ELITE,OK
2026-06-29,14:41,52WH_Breakout,52-Week High Breakout,MARICO,BUY,839.95,839.95,824.41,863.26,908.55,4.4,67,67.0,Fast Moving Consumer Goods,ACCUMULATION,3,CAUTION,TARGET,2026-07-03,863.26,Target 1 Hit,2.78,74.4,STRONG,OK
2026-06-29,14:41,52WH_Breakout,52-Week High Breakout,DRREDDY,BUY,1375.7,1375.7,1349.13,1415.55,1504.37,4.8,67,56.0,Healthcare,ACCUMULATION,3,CAUTION,STOPPED,2026-06-30,1349.13,Stop Loss Hit,-1.93,59.9,MODERATE,OK
2026-06-29,14:41,Last30Min_ATH,Near 52W High (EOD),FEDERALBNK,BUY,324.05,324.05,322.15,365.8,433.35,8.0,64,82.0,Financial Services,ACCUMULATION,3,CAUTION,EXPIRED,2026-07-15,327.55,Expired (16d > 15d),1.08,93.2,ELITE,OK
2026-06-29,14:41,Last30Min_ATH,Near 52W High (EOD),NAM-INDIA,BUY,1167.3,1167.3,1129.5,1224.0,1261.8,2.5,60,100.0,Financial Services,ACCUMULATION,3,CAUTION,TARGET,2026-07-02,1224.0,Target 1 Hit,4.86,89.0,ELITE,OK
2026-06-29,14:41,Last30Min_ATH,Near 52W High (EOD),BHEL,BUY,413.75,413.75,393.85,443.6,463.5,2.5,62,100.0,Capital Goods,ACCUMULATION,3,CAUTION,STOPPED,2026-07-03,393.85,Stop Loss Hit,-4.81,88.5,ELITE,OK
2026-06-29,14:41,Last30Min_ATH,Near 52W High (EOD),ZYDUSLIFE,BUY,1121.3,1121.3,1099.0,1297.92,1583.72,8.0,60,91.0,Healthcare,ACCUMULATION,3,CAUTION,STOPPED,2026-07-02,1099.0,Stop Loss Hit,-1.99,81.6,ELITE,OK
2026-06-29,14:41,Last30Min_ATH,Near 52W High (EOD),MARICO,BUY,839.95,839.95,824.6,862.98,908.55,4.5,64,67.0,Fast Moving Consumer Goods,ACCUMULATION,3,CAUTION,TARGET,2026-07-03,862.98,Target 1 Hit,2.74,78.8,STRONG,OK
2026-06-29,14:41,Failed_Breakout_Short,Failed Breakout Short,CHOLAFIN,SHORT,1774.0,1774.0,1838.57,1677.14,1612.57,2.5,65,91.0,Financial Services,ACCUMULATION,3,CAUTION,STOPPED,2026-07-06,1838.57,Stop Loss Hit,-3.64,63.6,MODERATE,OK
2026-06-29,14:41,Failed_Breakout_Short,Failed Breakout Short,LODHA,SHORT,939.55,939.55,981.24,877.01,835.32,2.5,65,100.0,Realty,ACCUMULATION,3,CAUTION,STOPPED,2026-07-01,981.24,Stop Loss Hit,-4.44,63.6,MODERATE,OK
2026-06-29,14:41,Failed_Breakout_Short,Failed Breakout Short,ABCAPITAL,SHORT,385.3,385.3,402.79,359.06,341.57,2.5,65,93.0,Financial Services,ACCUMULATION,3,CAUTION,STOPPED,2026-07-03,402.79,Stop Loss Hit,-4.54,63.6,MODERATE,OK
2026-06-29,14:41,Failed_Breakout_Short,Failed Breakout Short,BOSCHLTD,SHORT,39885.0,39885.0,41668.29,37210.06,35426.77,2.5,65,100.0,Automobile and Auto Components,ACCUMULATION,3,CAUTION,STOPPED,2026-07-02,41668.29,Stop Loss Hit,-4.47,63.6,MODERATE,OK
2026-06-29,14:41,Failed_Breakout_Short,Failed Breakout Short,AUBANK,SHORT,1030.45,1030.45,1088.42,943.5,885.53,2.5,60,74.0,Financial Services,ACCUMULATION,3,CAUTION,STOPPED,2026-07-06,1088.42,Stop Loss Hit,-5.63,60.1,MODERATE,OK
2026-06-29,14:41,Failed_Breakout_Short,Failed Breakout Short,HINDPETRO,SHORT,389.6,389.6,423.97,338.04,303.67,2.5,57,70.0,Oil Gas & Consumable Fuels,ACCUMULATION,3,CAUTION,EXPIRED,2026-07-27,393.95,Expired (28d > 25d),-1.12,60.1,MODERATE,OK
2026-06-29,14:41,Failed_Breakout_Short,Failed Breakout Short,EICHERMOT,SHORT,7426.0,7426.0,7805.79,6856.32,6476.53,2.5,65,59.0,Automobile and Auto Components,ACCUMULATION,3,CAUTION,STOPPED,2026-07-27,7805.79,Stop Loss Hit,-5.11,60.0,MODERATE,OK
2026-06-29,14:41,Failed_Breakout_Short,Failed Breakout Short,LT,SHORT,4165.2,4165.2,4296.6,3968.1,3836.7,2.5,62,77.0,Construction,ACCUMULATION,3,CAUTION,TARGET,2026-07-08,3968.1,Target 1 Hit,4.73,59.7,MODERATE,OK
2026-06-29,14:41,Failed_Breakout_Short,Failed Breakout Short,KOTAKBANK,SHORT,395.5,395.5,416.23,364.4,343.67,2.5,60,57.0,Financial Services,ACCUMULATION,3,CAUTION,EXPIRED,2026-07-27,384.65,Expired (28d > 25d),2.74,59.6,MODERATE,OK
2026-06-29,14:41,Failed_Breakout_Short,Failed Breakout Short,AXISBANK,SHORT,1356.8,1356.8,1407.92,1280.12,1229.0,2.5,62,66.0,Financial Services,ACCUMULATION,3,CAUTION,TARGET,2026-07-20,1280.12,Target 1 Hit,5.65,59.6,MODERATE,OK
2026-06-29,14:41,Failed_Breakout_Short,Failed Breakout Short,JKCEMENT,SHORT,5319.5,5319.5,5682.39,4775.16,4412.27,2.5,65,50.0,Construction Materials,ACCUMULATION,3,CAUTION,STOPPED,2026-07-03,5682.39,Stop Loss Hit,-6.82,58.7,MODERATE,OK
2026-06-29,14:41,Failed_Breakout_Short,Failed Breakout Short,GODREJPROP,SHORT,1830.1,1830.1,1900.04,1725.19,1655.25,2.5,62,84.0,Realty,ACCUMULATION,3,CAUTION,STOPPED,2026-07-01,1900.04,Stop Loss Hit,-3.82,58.6,MODERATE,OK
2026-06-29,14:41,Failed_Breakout_Short,Failed Breakout Short,SUNDARMFIN,SHORT,4547.5,4547.5,4703.54,4313.44,4157.4,2.5,65,39.0,Financial Services,ACCUMULATION,3,CAUTION,STOPPED,2026-07-07,4703.54,Stop Loss Hit,-3.43,57.1,MODERATE,OK
2026-06-29,14:41,Failed_Breakout_Short,Failed Breakout Short,ASHOKLEY,SHORT,157.36,157.36,163.73,147.81,146.26,1.7,62,37.0,Capital Goods,ACCUMULATION,3,CAUTION,STOPPED,2026-07-01,163.73,Stop Loss Hit,-4.05,55.2,MODERATE,OK
2026-06-29,14:41,Failed_Breakout_Short,Failed Breakout Short,SBIN,SHORT,1036.1,1036.1,1060.81,999.03,974.32,2.5,62,48.0,Financial Services,ACCUMULATION,3,CAUTION,STOPPED,2026-07-20,1060.81,Stop Loss Hit,-2.38,54.4,MODERATE,OK
2026-06-29,14:41,Failed_Breakout_Short,Failed Breakout Short,PAGEIND,SHORT,40405.0,40405.0,42226.96,37672.06,35850.1,2.5,57,90.0,Textiles,ACCUMULATION,3,CAUTION,STOPPED,2026-07-01,42226.96,Stop Loss Hit,-4.51,53.7,MODERATE,OK
2026-06-29,14:41,Failed_Breakout_Short,Failed Breakout Short,AUROPHARMA,SHORT,1547.5,1547.5,1596.49,1474.02,1425.03,2.5,65,76.0,Healthcare,ACCUMULATION,3,CAUTION,STOPPED,2026-07-03,1596.49,Stop Loss Hit,-3.17,53.6,MODERATE,OK
2026-06-29,14:41,Failed_Breakout_Short,Failed Breakout Short,UNITDSPR,SHORT,1341.5,1341.5,1405.43,1245.6,1181.67,2.5,65,55.0,Fast Moving Consumer Goods,ACCUMULATION,3,CAUTION,STOPPED,2026-07-06,1405.43,Stop Loss Hit,-4.77,52.8,MODERATE,OK
2026-06-29,14:41,Failed_Breakout_Short,Failed Breakout Short,ESCORTS,SHORT,2897.2,2897.2,3044.93,2675.6,2527.87,2.5,57,45.0,Capital Goods,ACCUMULATION,3,CAUTION,EXPIRED,2026-07-27,2954.1,Expired (28d > 25d),-1.96,52.1,MODERATE,OK
2026-06-29,14:41,Failed_Breakout_Short,Failed Breakout Short,NAVINFLUOR,SHORT,7486.5,7486.5,7808.7,7003.2,6681.0,2.5,62,89.0,Chemicals,ACCUMULATION,3,CAUTION,STOPPED,2026-07-01,7808.7,Stop Loss Hit,-4.3,52.1,MODERATE,OK
2026-06-29,14:41,Failed_Breakout_Short,Failed Breakout Short,TVSMOTOR,SHORT,3456.8,3456.8,3627.39,3200.92,3030.33,2.5,60,42.0,Automobile and Auto Components,ACCUMULATION,3,CAUTION,STOPPED,2026-07-02,3627.39,Stop Loss Hit,-4.93,52.0,MODERATE,OK
2026-06-29,14:41,Failed_Breakout_Short,Failed Breakout Short,METROPOLIS,SHORT,523.8,523.8,570.02,454.47,408.25,2.5,60,85.0,Pharma,ACCUMULATION,3,CAUTION,STOPPED,2026-07-06,570.02,Stop Loss Hit,-8.82,49.5,WEAK,OK
2026-06-29,14:41,Failed_Breakout_Short,Failed Breakout Short,M&M,SHORT,3093.0,3093.0,3231.55,2885.18,2746.63,2.5,57,44.0,Automobile and Auto Components,ACCUMULATION,3,CAUTION,STOPPED,2026-07-23,3231.55,Stop Loss Hit,-4.48,47.0,WEAK,OK
2026-06-29,14:41,Failed_Breakout_Short,Failed Breakout Short,SBICARD,SHORT,601.9,601.9,644.05,538.67,496.52,2.5,60,20.0,Financial Services,ACCUMULATION,3,CAUTION,STOPPED,2026-07-15,644.05,Stop Loss Hit,-7.0,45.6,WEAK,OK
2026-06-29,14:41,Failed_Breakout_Short,Failed Breakout Short,BRITANNIA,SHORT,5102.0,5102.0,5322.56,4771.16,4594.0,2.3,57,27.0,Fast Moving Consumer Goods,ACCUMULATION,3,CAUTION,STOPPED,2026-07-02,5322.56,Stop Loss Hit,-4.32,42.1,WEAK,OK
2026-06-29,16:46,EMA21_Bounce,21 EMA Bounce,ELGIEQUIP,BUY,608.3,608.3,585.41,642.64,665.53,2.5,65,98.0,Capital Goods,ACCUMULATION,3,CAUTION,STOPPED,2026-07-03,585.41,Stop Loss Hit,-3.76,79.6,STRONG,OK
2026-06-29,16:46,EMA21_Bounce,21 EMA Bounce,CRAFTSMAN,BUY,9388.0,9388.0,9026.17,9930.74,9938.0,1.5,65,100.0,Automobile and Auto Components,ACCUMULATION,3,CAUTION,STOPPED,2026-07-06,9026.17,Stop Loss Hit,-3.85,74.3,STRONG,OK
2026-06-29,16:46,EMA21_Bounce,21 EMA Bounce,SOLARINDS,BUY,17798.0,17798.0,16974.57,19033.14,19856.57,2.5,65,100.0,Chemicals,ACCUMULATION,3,CAUTION,EXPIRED,2026-07-15,18285.0,Expired (16d > 15d),2.74,73.7,STRONG,OK
2026-06-29,16:46,EMA21_Bounce,21 EMA Bounce,KARURVYSYA,BUY,298.85,298.85,283.58,321.76,337.03,2.5,60,43.0,Financial Services,ACCUMULATION,3,CAUTION,EXPIRED,2026-07-15,305.4,Expired (16d > 15d),2.19,73.4,STRONG,OK
2026-06-29,16:46,EMA21_Bounce,21 EMA Bounce,TRITURBINE,BUY,687.4,687.4,644.15,752.28,795.53,2.5,65,100.0,Capital Goods,ACCUMULATION,3,CAUTION,STOPPED,2026-07-07,644.15,Stop Loss Hit,-6.29,72.9,STRONG,OK
2026-06-29,16:46,EMA21_Bounce,21 EMA Bounce,LLOYDSME,BUY,1805.7,1805.7,1692.8,1975.05,2087.95,2.5,60,100.0,Metals & Mining,ACCUMULATION,3,CAUTION,EXPIRED,2026-07-15,1866.1,Expired (16d > 15d),3.34,71.4,STRONG,OK
2026-06-29,16:46,EMA21_Bounce,21 EMA Bounce,CAMS,BUY,788.65,788.65,771.1,814.97,832.52,2.5,60,88.0,Financial Services,ACCUMULATION,3,CAUTION,STOPPED,2026-07-08,771.1,Stop Loss Hit,-2.23,67.6,STRONG,OK
2026-06-29,16:46,EMA21_Bounce,21 EMA Bounce,JSWENERGY,BUY,586.25,586.25,562.27,622.22,646.2,2.5,65,84.0,Power,ACCUMULATION,3,CAUTION,STOPPED,2026-07-03,562.27,Stop Loss Hit,-4.09,64.4,MODERATE,OK
2026-06-29,16:46,EMA21_Bounce,21 EMA Bounce,ANTHEM,BUY,775.0,775.0,748.58,814.63,841.05,2.5,60,69.0,Healthcare,ACCUMULATION,3,CAUTION,STOPPED,2026-07-08,748.58,Stop Loss Hit,-3.41,63.6,MODERATE,OK
2026-06-29,16:46,EMA21_Bounce,21 EMA Bounce,VTL,BUY,632.9,632.9,612.49,663.51,683.92,2.5,60,81.0,Textiles,ACCUMULATION,3,CAUTION,TARGET,2026-07-03,663.51,Target 1 Hit,4.84,60.0,MODERATE,OK
2026-06-29,16:46,EMA21_Bounce,21 EMA Bounce,CHENNPETRO,BUY,1153.8,1153.8,1077.34,1268.49,1344.95,2.5,65,83.0,Oil Gas & Consumable Fuels,ACCUMULATION,3,CAUTION,EXPIRED,2026-07-15,1157.2,Expired (16d > 15d),0.29,59.9,MODERATE,OK
2026-06-29,16:46,EMA21_Bounce,21 EMA Bounce,IRB,BUY,21.63,21.63,20.71,23.01,23.93,2.5,60,53.0,Construction,ACCUMULATION,3,CAUTION,STOPPED,2026-07-06,20.71,Stop Loss Hit,-4.25,58.3,MODERATE,OK
2026-06-29,16:46,EMA21_Bounce,21 EMA Bounce,DELHIVERY,BUY,463.55,463.55,451.55,481.55,493.55,2.5,60,57.0,Services,ACCUMULATION,3,CAUTION,TARGET,2026-07-01,481.55,Target 1 Hit,3.88,58.1,MODERATE,OK
2026-06-29,16:46,EMA21_Bounce,21 EMA Bounce,USHAMART,BUY,484.35,484.35,469.39,506.79,521.75,2.5,65,78.0,Capital Goods,ACCUMULATION,3,CAUTION,TARGET,2026-07-03,506.79,Target 1 Hit,4.63,57.7,MODERATE,OK
2026-06-29,16:46,EMA21_Bounce,21 EMA Bounce,URBANCO,BUY,131.72,131.72,126.77,139.8,140.32,1.7,55,71.0,Consumer Services,ACCUMULATION,3,CAUTION,TARGET,2026-07-10,139.8,Target 1 Hit,6.13,56.3,MODERATE,OK
2026-06-29,16:46,52WH_Breakout,52-Week High Breakout,MAHABANK,BUY,93.85,93.85,89.74,114.6,148.16,8.0,67,100.0,Financial Services,ACCUMULATION,3,CAUTION,STOPPED,2026-07-03,89.74,Stop Loss Hit,-4.38,90.6,ELITE,OK
2026-06-29,16:46,52WH_Breakout,52-Week High Breakout,THERMAX,BUY,5125.1,5125.1,4926.63,5422.8,6319.32,6.0,67,100.0,Capital Goods,ACCUMULATION,3,CAUTION,STOPPED,2026-07-02,4926.63,Stop Loss Hit,-3.87,84.1,ELITE,OK
2026-06-29,16:46,52WH_Breakout,52-Week High Breakout,WELCORP,BUY,1510.8,1510.8,1436.2,1946.71,2652.06,8.0,62,100.0,Capital Goods,ACCUMULATION,3,CAUTION,STOPPED,2026-07-03,1436.2,Stop Loss Hit,-4.94,84.1,ELITE,OK
2026-06-29,16:46,52WH_Breakout,52-Week High Breakout,BHARATFORG,BUY,2170.9,2170.9,2135.61,2238.0,2517.41,8.0,67,93.0,Automobile and Auto Components,ACCUMULATION,3,CAUTION,STOPPED,2026-06-30,2135.61,Stop Loss Hit,-1.63,83.1,ELITE,OK
2026-06-29,16:46,52WH_Breakout,52-Week High Breakout,HONASA,BUY,446.45,446.45,430.14,540.05,691.5,8.0,67,100.0,Fast Moving Consumer Goods,ACCUMULATION,3,CAUTION,EXPIRED,2026-07-27,452.75,Expired (28d > 25d),1.41,82.6,ELITE,OK
2026-06-29,16:46,52WH_Breakout,52-Week High Breakout,ACUTAAS,BUY,3568.2,3568.2,3373.4,4492.23,5987.43,8.0,67,100.0,Healthcare,ACCUMULATION,3,CAUTION,STOPPED,2026-07-07,3373.4,Stop Loss Hit,-5.46,81.1,ELITE,OK
2026-06-29,16:46,52WH_Breakout,52-Week High Breakout,ATHERENERG,BUY,1083.75,1083.75,1047.27,1138.47,1295.97,5.8,67,100.0,Automobile and Auto Components,ACCUMULATION,3,CAUTION,TARGET,2026-06-30,1138.47,Target 1 Hit,5.05,78.1,STRONG,OK
2026-06-29,16:46,52WH_Breakout,52-Week High Breakout,RADICO,BUY,3876.9,3876.9,3801.4,4673.93,5963.63,8.0,62,100.0,Fast Moving Consumer Goods,ACCUMULATION,3,CAUTION,EXPIRED,2026-07-27,4149.5,Expired (28d > 25d),7.03,78.1,STRONG,OK
2026-06-29,16:46,52WH_Breakout,52-Week High Breakout,AJANTPHARM,BUY,3384.2,3384.2,3212.55,3641.67,3809.14,2.5,67,82.0,Healthcare,ACCUMULATION,3,CAUTION,EXPIRED,2026-07-27,3386.1,Expired (28d > 25d),0.06,78.0,STRONG,OK
2026-06-29,16:46,52WH_Breakout,52-Week High Breakout,ANANDRATHI,BUY,1988.7,1988.7,1926.16,2276.31,2741.7,8.0,67,100.0,Financial Services,ACCUMULATION,3,CAUTION,EXPIRED,2026-07-27,2052.1,Expired (28d > 25d),3.19,76.9,STRONG,OK
2026-06-29,16:46,52WH_Breakout,52-Week High Breakout,JBCHEPHARM,BUY,2303.2,2303.2,2274.08,2561.89,2980.47,8.0,62,66.0,Healthcare,ACCUMULATION,3,CAUTION,STOPPED,2026-06-30,2274.08,Stop Loss Hit,-1.26,70.0,STRONG,OK
2026-06-29,16:46,52WH_Breakout,52-Week High Breakout,ZYDUSWELL,BUY,569.45,569.45,533.97,622.67,661.62,2.6,67,96.0,Fast Moving Consumer Goods,ACCUMULATION,3,CAUTION,EXPIRED,2026-07-27,559.35,Expired (28d > 25d),-1.77,68.7,STRONG,OK
2026-06-29,16:46,Last30Min_ATH,Near 52W High (EOD),MAHABANK,BUY,93.85,93.85,88.0,114.6,148.16,8.0,64,100.0,Financial Services,ACCUMULATION,3,CAUTION,STOPPED,2026-07-06,88.0,Stop Loss Hit,-6.23,95.0,ELITE,OK
2026-06-29,16:46,Last30Min_ATH,Near 52W High (EOD),WELCORP,BUY,1510.8,1510.8,1451.1,1946.71,2652.06,8.0,64,100.0,Capital Goods,ACCUMULATION,3,CAUTION,STOPPED,2026-07-03,1451.1,Stop Loss Hit,-3.95,88.5,ELITE,OK
2026-06-29,16:46,Last30Min_ATH,Near 52W High (EOD),HONASA,BUY,446.45,446.45,416.2,540.05,691.5,8.0,64,100.0,Fast Moving Consumer Goods,ACCUMULATION,3,CAUTION,EXPIRED,2026-07-15,470.75,Expired (16d > 15d),5.44,87.0,ELITE,OK
2026-06-29,16:46,Last30Min_ATH,Near 52W High (EOD),ACUTAAS,BUY,3568.2,3568.2,3245.5,4492.23,5987.43,7.5,64,100.0,Healthcare,ACCUMULATION,3,CAUTION,EXPIRED,2026-07-15,3546.9,Expired (16d > 15d),-0.6,85.5,ELITE,OK
2026-06-29,16:46,Last30Min_ATH,Near 52W High (EOD),SAILIFE,BUY,1247.9,1247.9,1211.0,1446.19,1767.04,8.0,64,94.0,Healthcare,ACCUMULATION,3,CAUTION,STOPPED,2026-07-07,1211.0,Stop Loss Hit,-2.96,83.4,ELITE,OK
2026-06-29,16:46,Last30Min_ATH,Near 52W High (EOD),GRANULES,BUY,794.8,794.8,760.1,846.85,881.55,2.5,64,96.0,Healthcare,ACCUMULATION,3,CAUTION,TARGET,2026-07-06,846.85,Target 1 Hit,6.55,83.3,ELITE,OK
2026-06-29,16:46,Last30Min_ATH,Near 52W High (EOD),RADICO,BUY,3876.9,3876.9,3786.0,4673.93,5963.63,8.0,64,100.0,Fast Moving Consumer Goods,ACCUMULATION,3,CAUTION,EXPIRED,2026-07-15,4090.0,Expired (16d > 15d),5.5,82.4,ELITE,OK
2026-06-29,16:46,Last30Min_ATH,Near 52W High (EOD),ANANDRATHI,BUY,1988.7,1988.7,1896.4,2276.31,2741.7,8.0,64,100.0,Financial Services,ACCUMULATION,3,CAUTION,EXPIRED,2026-07-15,2081.8,Expired (16d > 15d),4.68,81.3,ELITE,OK
2026-06-29,16:46,Last30Min_ATH,Near 52W High (EOD),JBCHEPHARM,BUY,2303.2,2303.2,2236.3,2561.89,2980.47,8.0,64,66.0,Healthcare,ACCUMULATION,3,CAUTION,EXPIRED,2026-07-15,2506.0,Expired (16d > 15d),8.81,74.4,STRONG,OK
2026-06-29,16:46,Failed_Breakout_Short,Failed Breakout Short,HOMEFIRST,SHORT,1167.9,1167.9,1254.57,1037.9,951.23,2.5,65,89.0,Financial Services,ACCUMULATION,3,CAUTION,STOPPED,2026-07-13,1254.57,Stop Loss Hit,-7.42,63.6,MODERATE,OK
2026-06-29,16:46,Failed_Breakout_Short,Failed Breakout Short,GODREJIND,SHORT,1153.5,1153.5,1186.3,1104.3,1087.28,2.0,62,100.0,Diversified,ACCUMULATION,3,CAUTION,STOPPED,2026-07-01,1186.3,Stop Loss Hit,-2.84,60.6,MODERATE,OK
2026-06-29,16:46,Failed_Breakout_Short,Failed Breakout Short,POONAWALLA,SHORT,428.45,428.45,446.71,401.06,382.8,2.5,62,64.0,Financial Services,ACCUMULATION,3,CAUTION,STOPPED,2026-07-01,446.71,Stop Loss Hit,-4.26,57.7,MODERATE,OK
2026-06-29,16:46,Failed_Breakout_Short,Failed Breakout Short,SYRMA,SHORT,1368.3,1368.3,1535.81,1117.03,949.52,2.5,62,100.0,Capital Goods,ACCUMULATION,3,CAUTION,EXPIRED,2026-07-27,1316.2,Expired (28d > 25d),3.81,55.6,MODERATE,OK
2026-06-29,16:46,Failed_Breakout_Short,Failed Breakout Short,PNBHOUSING,SHORT,1034.0,1034.0,1088.21,952.68,898.47,2.5,62,100.0,Financial Services,ACCUMULATION,3,CAUTION,STOPPED,2026-07-06,1088.21,Stop Loss Hit,-5.24,54.7,MODERATE,OK
2026-06-29,16:46,Failed_Breakout_Short,Failed Breakout Short,SHREECEM,SHORT,25145.0,25145.0,26528.07,23070.4,21687.33,2.5,65,53.0,Construction Materials,ACCUMULATION,3,CAUTION,STOPPED,2026-07-03,26528.07,Stop Loss Hit,-5.5,54.0,MODERATE,OK
2026-06-29,16:46,Failed_Breakout_Short,Failed Breakout Short,UNOMINDA,SHORT,1091.3,1091.3,1165.21,980.43,906.52,2.5,57,49.0,Automobile and Auto Components,ACCUMULATION,3,CAUTION,STOPPED,2026-07-09,1165.21,Stop Loss Hit,-6.77,52.3,MODERATE,OK
2026-06-29,16:46,Failed_Breakout_Short,Failed Breakout Short,HBLENGINE,SHORT,792.8,792.8,852.57,703.14,643.37,2.5,57,88.0,Capital Goods,ACCUMULATION,3,CAUTION,TARGET,2026-07-23,703.14,Target 1 Hit,11.31,50.2,MODERATE,OK
2026-06-30,13:03,VCP,VCP (Minervini v2),ADANIENT,BUY,3036.0,3105.0,2871.77,3871.84,5112.67,8.0,87,100.0,Metals & Mining,ACCUMULATION,3,IDEAL,EXPIRED,2026-07-27,3036.6,Expired (27d > 25d),-2.2,67.5,STRONG,OK
2026-06-30,13:03,VCP,VCP (Minervini v2),ADANIPORTS,BUY,1810.2,1850.0,1761.65,2151.18,2638.52,8.0,81,100.0,Services,ACCUMULATION,3,IDEAL,STOPPED,2026-07-24,1761.65,Stop Loss Hit,-4.78,66.8,STRONG,OK
2026-06-30,13:03,EMA21_Bounce,21 EMA Bounce,GAIL,BUY,173.46,173.46,169.66,179.16,182.96,2.5,60,92.0,Oil Gas & Consumable Fuels,ACCUMULATION,3,CAUTION,STOPPED,2026-07-08,169.66,Stop Loss Hit,-2.19,77.9,STRONG,OK
2026-06-30,13:03,EMA21_Bounce,21 EMA Bounce,KEI,BUY,5427.5,5427.5,5170.2,5813.45,6290.54,3.4,60,100.0,Capital Goods,ACCUMULATION,3,CAUTION,STOPPED,2026-07-02,5170.2,Stop Loss Hit,-4.74,74.9,STRONG,OK
2026-06-30,13:03,EMA21_Bounce,21 EMA Bounce,MANAPPURAM,BUY,324.2,324.2,307.6,349.1,365.7,2.5,55,100.0,Financial Services,ACCUMULATION,3,CAUTION,EXPIRED,2026-07-16,325.1,Expired (16d > 15d),0.28,73.0,STRONG,OK
2026-06-30,13:03,EMA21_Bounce,21 EMA Bounce,EXIDEIND,BUY,387.6,387.6,380.19,399.45,409.8,3.0,65,100.0,Automobile and Auto Components,ACCUMULATION,3,CAUTION,TARGET,2026-07-02,399.45,Target 1 Hit,3.06,72.9,STRONG,OK
2026-06-30,13:03,EMA21_Bounce,21 EMA Bounce,HDFCAMC,BUY,2653.2,2653.2,2569.26,2779.11,2863.05,2.5,55,90.0,Financial Services,ACCUMULATION,3,CAUTION,TARGET,2026-07-03,2779.11,Target 1 Hit,4.75,72.9,STRONG,OK
2026-06-30,13:03,EMA21_Bounce,21 EMA Bounce,ADANIENT,BUY,3036.0,3036.0,2921.73,3207.4,3760.19,6.3,60,100.0,Metals & Mining,ACCUMULATION,3,CAUTION,TARGET,2026-07-02,3207.4,Target 1 Hit,5.65,70.9,STRONG,OK
2026-06-30,13:03,EMA21_Bounce,21 EMA Bounce,AUBANK,BUY,1037.05,1037.05,1003.98,1086.65,1119.72,2.5,55,82.0,Financial Services,ACCUMULATION,3,CAUTION,TARGET,2026-07-06,1086.65,Target 1 Hit,4.78,70.4,STRONG,OK
2026-06-30,13:03,EMA21_Bounce,21 EMA Bounce,ADANIPORTS,BUY,1810.2,1810.2,1765.41,1877.38,1922.17,2.5,60,100.0,Services,ACCUMULATION,3,CAUTION,TARGET,2026-07-01,1877.38,Target 1 Hit,3.71,70.2,STRONG,OK
2026-06-30,13:03,EMA21_Bounce,21 EMA Bounce,IDEA,BUY,14.46,14.46,14.05,15.16,15.25,1.9,60,100.0,Telecommunication,ACCUMULATION,3,CAUTION,STOPPED,2026-07-07,14.05,Stop Loss Hit,-2.84,70.2,STRONG,OK
2026-06-30,13:03,EMA21_Bounce,21 EMA Bounce,INDUSINDBK,BUY,924.2,924.2,904.8,953.3,972.7,2.5,60,91.0,Financial Services,ACCUMULATION,3,CAUTION,TARGET,2026-07-03,953.3,Target 1 Hit,3.15,69.9,STRONG,OK
2026-06-30,13:03,EMA21_Bounce,21 EMA Bounce,ATGL,BUY,731.55,731.55,704.63,771.93,798.85,2.5,55,100.0,Oil Gas & Consumable Fuels,ACCUMULATION,3,CAUTION,STOPPED,2026-07-08,704.63,Stop Loss Hit,-3.68,68.9,STRONG,OK
2026-06-30,13:03,EMA21_Bounce,21 EMA Bounce,LICHSGFIN,BUY,564.0,564.0,544.28,593.58,598.14,1.7,65,73.0,Financial Services,ACCUMULATION,3,CAUTION,STOPPED,2026-07-07,544.28,Stop Loss Hit,-3.5,68.5,STRONG,OK
2026-06-30,13:03,EMA21_Bounce,21 EMA Bounce,METROPOLIS,BUY,540.15,540.15,512.02,582.34,610.47,2.5,65,95.0,Pharma,ACCUMULATION,3,CAUTION,TARGET,2026-07-15,582.34,Target 1 Hit,7.81,67.3,STRONG,OK
2026-06-30,13:03,EMA21_Bounce,21 EMA Bounce,SONACOMS,BUY,619.9,619.9,599.09,651.11,701.52,3.9,55,100.0,Automobile and Auto Components,ACCUMULATION,3,CAUTION,TARGET,2026-07-02,651.11,Target 1 Hit,5.03,67.2,STRONG,OK
2026-06-30,13:03,EMA21_Bounce,21 EMA Bounce,TITAN,BUY,4404.0,4404.0,4229.83,4665.26,4839.43,2.5,60,62.0,Consumer Durables,ACCUMULATION,3,CAUTION,TARGET,2026-07-09,4665.26,Target 1 Hit,5.93,66.0,STRONG,OK
2026-06-30,13:03,EMA21_Bounce,21 EMA Bounce,BIOCON,BUY,418.3,418.3,406.94,435.34,446.7,2.5,65,74.0,Healthcare,ACCUMULATION,3,CAUTION,STOPPED,2026-07-07,406.94,Stop Loss Hit,-2.72,65.8,STRONG,OK
2026-06-30,13:03,EMA21_Bounce,21 EMA Bounce,CUMMINSIND,BUY,5659.5,5659.5,5472.7,5939.7,6126.5,2.5,65,97.0,Capital Goods,ACCUMULATION,3,CAUTION,STOPPED,2026-07-03,5472.7,Stop Loss Hit,-3.3,64.0,MODERATE,OK
2026-06-30,13:03,EMA21_Bounce,21 EMA Bounce,SCHAEFFLER,BUY,4189.7,4189.7,3999.01,4475.73,4666.42,2.5,60,65.0,Automobile and Auto Components,ACCUMULATION,3,CAUTION,EXPIRED,2026-07-16,4131.7,Expired (16d > 15d),-1.38,56.1,MODERATE,OK
2026-06-30,13:03,52WH_Breakout,52-Week High Breakout,FEDERALBNK,BUY,330.05,330.05,324.14,372.29,440.64,8.0,62,100.0,Financial Services,ACCUMULATION,3,CAUTION,STOPPED,2026-07-08,324.14,Stop Loss Hit,-1.79,89.1,ELITE,OK
2026-06-30,13:03,52WH_Breakout,52-Week High Breakout,PHOENIXLTD,BUY,1948.6,1948.6,1918.8,1993.3,2023.1,2.5,62,100.0,Realty,ACCUMULATION,3,CAUTION,TARGET,2026-07-01,1993.3,Target 1 Hit,2.29,86.1,ELITE,OK
2026-06-30,13:03,Last30Min_ATH,Near 52W High (EOD),FEDERALBNK,BUY,330.05,330.05,323.7,372.29,440.64,8.0,64,100.0,Financial Services,ACCUMULATION,3,CAUTION,STOPPED,2026-07-08,323.7,Stop Loss Hit,-1.92,93.5,ELITE,OK
2026-06-30,13:03,Last30Min_ATH,Near 52W High (EOD),POLYCAB,BUY,9961.0,9961.0,9597.0,10507.0,11846.69,5.2,60,100.0,Capital Goods,ACCUMULATION,3,CAUTION,STOPPED,2026-07-02,9597.0,Stop Loss Hit,-3.65,91.0,ELITE,OK
2026-06-30,13:03,Last30Min_ATH,Near 52W High (EOD),LAURUSLABS,BUY,1517.4,1517.4,1485.0,1809.99,2283.42,8.0,60,100.0,Healthcare,ACCUMULATION,3,CAUTION,STOPPED,2026-07-01,1485.0,Stop Loss Hit,-2.14,85.5,ELITE,OK
2026-06-30,13:03,Last30Min_ATH,Near 52W High (EOD),AUROPHARMA,BUY,1578.7,1578.7,1547.5,1741.05,2003.75,8.0,64,80.0,Healthcare,ACCUMULATION,3,CAUTION,STOPPED,2026-07-02,1547.5,Stop Loss Hit,-1.98,67.5,STRONG,OK
2026-06-30,13:03,Failed_Breakout_Short,Failed Breakout Short,PIDILITIND,SHORT,1592.7,1592.7,1629.26,1537.86,1501.3,2.5,62,89.0,Chemicals,ACCUMULATION,3,CAUTION,TARGET,2026-07-14,1537.86,Target 1 Hit,3.44,60.6,MODERATE,OK
2026-06-30,13:03,Failed_Breakout_Short,Failed Breakout Short,HDFCBANK,SHORT,797.95,797.95,810.47,779.17,766.65,2.5,62,64.0,Financial Services,ACCUMULATION,3,CAUTION,STOPPED,2026-07-06,810.47,Stop Loss Hit,-1.57,57.7,MODERATE,OK
2026-06-30,13:03,Failed_Breakout_Short,Failed Breakout Short,DRREDDY,SHORT,1357.1,1357.1,1422.91,1258.38,1192.57,2.5,62,70.0,Healthcare,ACCUMULATION,3,CAUTION,TARGET,2026-07-09,1258.38,Target 1 Hit,7.27,52.7,MODERATE,OK
2026-06-30,13:03,Failed_Breakout_Short,Failed Breakout Short,ATUL,SHORT,6464.5,6464.5,6935.84,5757.49,5286.15,2.5,57,46.0,Chemicals,ACCUMULATION,3,CAUTION,EXPIRED,2026-07-27,6789.5,Expired (27d > 25d),-5.03,40.0,WEAK,OK
2026-06-30,16:06,EMA21_Bounce,21 EMA Bounce,KPIL,BUY,1370.1,1370.1,1318.85,1479.6,1553.65,3.6,65,100.0,Construction,ACCUMULATION,3,CAUTION,STOPPED,2026-07-14,1318.85,Stop Loss Hit,-3.74,74.9,STRONG,OK
2026-06-30,16:06,EMA21_Bounce,21 EMA Bounce,CRAFTSMAN,BUY,9460.0,9460.0,9067.51,10048.74,10441.23,2.5,55,100.0,Automobile and Auto Components,ACCUMULATION,3,CAUTION,STOPPED,2026-07-06,9067.51,Stop Loss Hit,-4.15,71.5,STRONG,OK
2026-06-30,16:06,EMA21_Bounce,21 EMA Bounce,RAINBOW,BUY,1414.2,1414.2,1378.24,1495.0,1574.32,4.5,60,86.0,Healthcare,ACCUMULATION,3,CAUTION,TARGET,2026-07-09,1495.0,Target 1 Hit,5.71,70.9,STRONG,OK
2026-06-30,16:06,EMA21_Bounce,21 EMA Bounce,CAMS,BUY,796.85,796.85,773.1,832.48,836.0,1.6,60,100.0,Financial Services,ACCUMULATION,3,CAUTION,STOPPED,2026-07-07,773.1,Stop Loss Hit,-2.98,70.6,STRONG,OK
2026-06-30,16:06,EMA21_Bounce,21 EMA Bounce,TITAGARH,BUY,880.7,880.7,852.99,971.0,1052.32,6.2,60,100.0,Capital Goods,ACCUMULATION,3,CAUTION,STOPPED,2026-07-07,852.99,Stop Loss Hit,-3.15,69.8,STRONG,OK
2026-06-30,16:06,EMA21_Bounce,21 EMA Bounce,ENRIN,BUY,3683.3,3683.3,3514.75,3936.13,4104.68,2.5,60,100.0,Capital Goods,ACCUMULATION,3,CAUTION,STOPPED,2026-07-02,3514.75,Stop Loss Hit,-4.58,69.2,STRONG,OK
2026-06-30,16:06,EMA21_Bounce,21 EMA Bounce,PNBHOUSING,BUY,1038.4,1038.4,1005.82,1087.27,1119.85,2.5,60,100.0,Financial Services,ACCUMULATION,3,CAUTION,TARGET,2026-07-06,1087.27,Target 1 Hit,4.71,69.1,STRONG,OK
2026-06-30,16:06,EMA21_Bounce,21 EMA Bounce,RBLBANK,BUY,369.05,369.05,359.04,384.06,394.07,2.5,60,90.0,Financial Services,ACCUMULATION,3,CAUTION,STOPPED,2026-07-01,359.04,Stop Loss Hit,-2.71,67.9,STRONG,OK
2026-06-30,16:06,EMA21_Bounce,21 EMA Bounce,TRITURBINE,BUY,689.75,689.75,661.12,732.7,738.0,1.7,60,100.0,Capital Goods,ACCUMULATION,3,CAUTION,STOPPED,2026-07-03,661.12,Stop Loss Hit,-4.15,67.4,STRONG,OK
2026-06-30,16:06,EMA21_Bounce,21 EMA Bounce,SAMMAANCAP,BUY,173.62,173.62,166.12,184.87,192.37,2.5,60,77.0,Financial Services,ACCUMULATION,3,CAUTION,STOPPED,2026-07-08,166.12,Stop Loss Hit,-4.32,66.7,STRONG,OK
2026-06-30,16:06,EMA21_Bounce,21 EMA Bounce,DATAPATTNS,BUY,4501.8,4501.8,4316.45,4779.83,4955.9,2.4,60,100.0,Capital Goods,ACCUMULATION,3,CAUTION,STOPPED,2026-07-08,4316.45,Stop Loss Hit,-4.12,64.4,MODERATE,OK
2026-06-30,16:06,EMA21_Bounce,21 EMA Bounce,ELECON,BUY,533.8,533.8,513.17,564.74,576.0,2.0,60,100.0,Capital Goods,ACCUMULATION,3,CAUTION,STOPPED,2026-07-07,513.17,Stop Loss Hit,-3.86,64.4,MODERATE,OK
2026-06-30,16:06,EMA21_Bounce,21 EMA Bounce,ABSLAMC,BUY,1154.7,1154.7,1096.08,1242.63,1308.21,2.6,55,100.0,Financial Services,ACCUMULATION,3,CAUTION,EXPIRED,2026-07-16,1132.1,Expired (16d > 15d),-1.96,64.1,MODERATE,OK
2026-06-30,16:06,EMA21_Bounce,21 EMA Bounce,JBMA,BUY,697.75,697.75,669.8,739.68,767.63,2.5,60,94.0,Automobile and Auto Components,ACCUMULATION,3,CAUTION,STOPPED,2026-07-07,669.8,Stop Loss Hit,-4.01,62.7,MODERATE,OK
2026-06-30,16:06,EMA21_Bounce,21 EMA Bounce,INDGN,BUY,525.4,525.4,507.76,551.86,569.5,2.5,60,87.0,Healthcare,ACCUMULATION,3,CAUTION,STOPPED,2026-07-03,507.76,Stop Loss Hit,-3.36,62.3,MODERATE,OK
2026-06-30,16:06,EMA21_Bounce,21 EMA Bounce,USHAMART,BUY,496.9,496.9,473.86,531.46,554.5,2.5,65,90.0,Capital Goods,ACCUMULATION,3,CAUTION,EXPIRED,2026-07-16,500.25,Expired (16d > 15d),0.67,60.8,MODERATE,OK
2026-06-30,16:06,EMA21_Bounce,21 EMA Bounce,VTL,BUY,636.15,636.15,619.39,661.29,678.05,2.5,60,88.0,Textiles,ACCUMULATION,3,CAUTION,TARGET,2026-07-03,661.29,Target 1 Hit,3.95,59.9,MODERATE,OK
2026-06-30,16:06,EMA21_Bounce,21 EMA Bounce,PREMIERENE,BUY,1051.0,1051.0,1015.49,1104.26,1139.77,2.5,55,81.0,Capital Goods,ACCUMULATION,3,CAUTION,STOPPED,2026-07-07,1015.49,Stop Loss Hit,-3.38,59.1,MODERATE,OK
2026-06-30,16:06,EMA21_Bounce,21 EMA Bounce,ASTERDM,BUY,784.45,784.45,753.71,830.56,836.5,1.7,55,74.0,Healthcare,ACCUMULATION,3,CAUTION,TARGET,2026-07-16,830.56,Target 1 Hit,5.88,58.3,MODERATE,OK
2026-06-30,16:06,EMA21_Bounce,21 EMA Bounce,ICICIAMC,BUY,3319.6,3319.6,3200.15,3498.77,3618.22,2.5,60,83.0,Financial Services,ACCUMULATION,3,CAUTION,STOPPED,2026-07-07,3200.15,Stop Loss Hit,-3.6,58.3,MODERATE,OK
2026-06-30,16:06,EMA21_Bounce,21 EMA Bounce,DELHIVERY,BUY,472.05,472.05,452.87,500.82,520.0,2.5,55,72.0,Services,ACCUMULATION,3,CAUTION,TARGET,2026-07-01,500.82,Target 1 Hit,6.09,58.0,MODERATE,OK
2026-06-30,16:06,EMA21_Bounce,21 EMA Bounce,URBANCO,BUY,131.33,131.33,127.01,137.81,139.69,1.9,55,66.0,Consumer Services,ACCUMULATION,3,CAUTION,TARGET,2026-07-07,137.81,Target 1 Hit,4.93,55.6,MODERATE,OK
2026-06-30,16:06,EMA21_Bounce,21 EMA Bounce,LENSKART,BUY,514.95,514.95,496.63,542.43,560.75,2.5,60,51.0,Consumer Services,ACCUMULATION,3,CAUTION,TARGET,2026-07-03,542.43,Target 1 Hit,5.34,54.1,MODERATE,OK
2026-06-30,16:06,EMA21_Bounce,21 EMA Bounce,CANHLIFE,BUY,139.86,139.86,132.51,150.89,158.24,2.5,65,44.0,Financial Services,ACCUMULATION,3,CAUTION,TARGET,2026-07-13,150.89,Target 1 Hit,7.89,51.0,MODERATE,OK
2026-06-30,16:06,52WH_Breakout,52-Week High Breakout,MINDACORP,BUY,696.8,696.8,679.73,824.6,1031.4,8.0,62,100.0,Automobile and Auto Components,ACCUMULATION,3,CAUTION,STOPPED,2026-07-08,679.73,Stop Loss Hit,-2.45,87.8,ELITE,OK
2026-06-30,16:06,52WH_Breakout,52-Week High Breakout,CGCL,BUY,227.66,227.66,222.54,235.34,266.63,7.6,67,100.0,Financial Services,ACCUMULATION,3,CAUTION,TARGET,2026-07-06,235.34,Target 1 Hit,3.37,85.2,ELITE,OK
2026-06-30,16:06,52WH_Breakout,52-Week High Breakout,CAPLIPOINT,BUY,2626.0,2626.0,2538.72,2756.92,3318.77,7.9,62,100.0,Healthcare,ACCUMULATION,3,CAUTION,STOPPED,2026-07-02,2538.72,Stop Loss Hit,-3.32,84.8,ELITE,OK
2026-06-30,16:06,52WH_Breakout,52-Week High Breakout,FLUOROCHEM,BUY,3964.0,3964.0,3892.27,4471.5,5292.7,8.0,62,100.0,Chemicals,ACCUMULATION,3,CAUTION,STOPPED,2026-07-01,3892.27,Stop Loss Hit,-1.81,84.6,ELITE,OK
2026-06-30,16:06,52WH_Breakout,52-Week High Breakout,GLAND,BUY,2495.0,2495.0,2353.49,2707.27,3003.61,3.6,67,100.0,Healthcare,ACCUMULATION,3,CAUTION,STOPPED,2026-07-22,2353.49,Stop Loss Hit,-5.67,84.1,ELITE,OK
2026-06-30,16:06,52WH_Breakout,52-Week High Breakout,NUVAMA,BUY,1806.4,1806.4,1756.56,1881.16,2233.66,8.0,62,100.0,Financial Services,ACCUMULATION,3,CAUTION,TARGET,2026-07-03,1881.16,Target 1 Hit,4.14,83.3,ELITE,OK
2026-06-30,16:06,52WH_Breakout,52-Week High Breakout,RADICO,BUY,3945.5,3945.5,3872.4,4766.33,6094.53,8.0,62,100.0,Fast Moving Consumer Goods,ACCUMULATION,3,CAUTION,STOPPED,2026-07-03,3872.4,Stop Loss Hit,-1.85,81.1,ELITE,OK
2026-06-30,16:06,52WH_Breakout,52-Week High Breakout,AIAENG,BUY,5081.4,5081.4,4977.83,5236.75,6024.59,8.0,62,100.0,Capital Goods,ACCUMULATION,3,CAUTION,STOPPED,2026-07-01,4977.83,Stop Loss Hit,-2.04,79.4,STRONG,OK
2026-06-30,16:06,52WH_Breakout,52-Week High Breakout,HONASA,BUY,457.9,457.9,440.46,484.06,555.39,5.6,62,100.0,Fast Moving Consumer Goods,ACCUMULATION,3,CAUTION,TARGET,2026-07-14,484.06,Target 1 Hit,5.71,78.1,STRONG,OK
2026-06-30,16:06,52WH_Breakout,52-Week High Breakout,ATHERENERG,BUY,1140.55,1140.55,1077.03,1387.87,1788.07,8.0,62,100.0,Automobile and Auto Components,ACCUMULATION,3,CAUTION,EXPIRED,2026-07-27,1214.9,Expired (27d > 25d),6.52,75.0,STRONG,OK
2026-06-30,16:06,52WH_Breakout,52-Week High Breakout,IPCALAB,BUY,1701.0,1701.0,1646.94,1782.09,1878.37,3.3,62,58.0,Healthcare,ACCUMULATION,3,CAUTION,TARGET,2026-07-03,1782.09,Target 1 Hit,4.77,64.2,MODERATE,OK
2026-06-30,16:06,Last30Min_ATH,Near 52W High (EOD),MINDACORP,BUY,696.8,696.8,673.6,824.6,1031.4,8.0,64,100.0,Automobile and Auto Components,ACCUMULATION,3,CAUTION,STOPPED,2026-07-14,673.6,Stop Loss Hit,-3.33,92.2,ELITE,OK
2026-06-30,16:06,Last30Min_ATH,Near 52W High (EOD),FLUOROCHEM,BUY,3964.0,3964.0,3869.9,4471.5,5292.7,8.0,64,100.0,Chemicals,ACCUMULATION,3,CAUTION,STOPPED,2026-07-07,3869.9,Stop Loss Hit,-2.37,89.0,ELITE,OK
2026-06-30,16:06,Last30Min_ATH,Near 52W High (EOD),SOLARINDS,BUY,18696.0,18696.0,17825.0,22245.79,27989.79,8.0,64,100.0,Chemicals,ACCUMULATION,3,CAUTION,STOPPED,2026-07-07,17825.0,Stop Loss Hit,-4.66,86.8,ELITE,OK
2026-06-30,16:06,Last30Min_ATH,Near 52W High (EOD),RADICO,BUY,3945.5,3945.5,3855.8,4766.33,6094.53,8.0,64,100.0,Fast Moving Consumer Goods,ACCUMULATION,3,CAUTION,EXPIRED,2026-07-16,4106.0,Expired (16d > 15d),4.07,85.5,ELITE,OK
2026-06-30,16:06,Last30Min_ATH,Near 52W High (EOD),GRANULES,BUY,813.25,813.25,792.75,943.68,1154.73,8.0,60,100.0,Healthcare,ACCUMULATION,3,CAUTION,EXPIRED,2026-07-16,903.25,Expired (16d > 15d),11.07,82.6,ELITE,OK
2026-06-30,16:06,Last30Min_ATH,Near 52W High (EOD),ATHERENERG,BUY,1140.55,1140.55,1069.0,1387.87,1788.07,8.0,64,100.0,Automobile and Auto Components,ACCUMULATION,3,CAUTION,EXPIRED,2026-07-16,1267.1,Expired (16d > 15d),11.1,79.4,STRONG,OK
2026-06-30,16:06,Last30Min_ATH,Near 52W High (EOD),ZYDUSWELL,BUY,575.4,575.4,558.9,639.3,742.7,8.0,64,100.0,Fast Moving Consumer Goods,ACCUMULATION,3,CAUTION,STOPPED,2026-07-01,558.9,Stop Loss Hit,-2.87,72.0,STRONG,OK
2026-06-30,16:06,Failed_Breakout_Short,Failed Breakout Short,RRKABEL,SHORT,2395.2,2395.2,2577.04,2122.44,1940.6,2.5,65,100.0,Capital Goods,ACCUMULATION,3,CAUTION,STOPPED,2026-07-27,2577.04,Stop Loss Hit,-7.59,58.6,MODERATE,OK
2026-06-30,16:06,Failed_Breakout_Short,Failed Breakout Short,COFORGE,SHORT,1465.7,1465.7,1536.74,1359.14,1288.1,2.5,57,99.0,Information Technology,ACCUMULATION,3,CAUTION,STOPPED,2026-07-13,1536.74,Stop Loss Hit,-4.85,55.2,MODERATE,OK
2026-06-30,16:06,Failed_Breakout_Short,Failed Breakout Short,SAILIFE,SHORT,1234.3,1234.3,1271.9,1177.9,1140.3,2.5,57,99.0,Healthcare,ACCUMULATION,3,CAUTION,STOPPED,2026-07-10,1271.9,Stop Loss Hit,-3.05,48.5,WEAK,OK
2026-06-30,16:06,Failed_Breakout_Short,Failed Breakout Short,JBCHEPHARM,SHORT,2295.9,2295.9,2332.91,2240.39,2203.38,2.5,62,69.0,Healthcare,ACCUMULATION,3,CAUTION,STOPPED,2026-07-03,2332.91,Stop Loss Hit,-1.61,44.9,WEAK,OK
2026-06-30,16:06,Failed_Breakout_Short,Failed Breakout Short,MCX,SHORT,2837.2,2837.2,2963.23,2648.16,2522.13,2.5,57,75.0,Financial Services,ACCUMULATION,3,CAUTION,STOPPED,2026-07-01,2963.23,Stop Loss Hit,-4.44,42.4,WEAK,OK
2026-06-30,16:06,Failed_Breakout_Short,Failed Breakout Short,GESHIP,SHORT,1483.1,1483.1,1551.67,1380.24,1311.67,2.5,62,50.0,Services,ACCUMULATION,3,CAUTION,TARGET,2026-07-07,1380.24,Target 1 Hit,6.94,38.6,WEAK,OK
2026-07-01,13:31,VCP,VCP (Minervini v2),FEDERALBNK,BUY,331.4,332.0,305.51,371.74,420.83,3.4,85,89.0,Financial Services,ACCUMULATION,3,IDEAL,EXPIRED,2026-07-27,356.5,Expired (26d > 25d),7.38,71.4,STRONG,OK
2026-07-01,13:31,VCP,VCP (Minervini v2),ADANIGREEN,BUY,1535.0,1557.0,1443.15,1921.03,2510.08,8.0,85,100.0,Power,ACCUMULATION,3,IDEAL,STOPPED,2026-07-23,1443.15,Stop Loss Hit,-7.31,67.5,STRONG,OK
2026-07-01,13:31,VCP,VCP (Minervini v2),SBIN,BUY,1047.4,1055.4,988.04,1156.44,1223.8,2.5,79,49.0,Financial Services,ACCUMULATION,3,IDEAL,EXPIRED,2026-07-27,1020.6,Expired (26d > 25d),-3.3,64.7,MODERATE,OK
2026-07-01,13:31,EMA21_Bounce,21 EMA Bounce,GAIL,BUY,174.5,174.5,169.96,181.31,185.85,2.5,55,86.0,Oil Gas & Consumable Fuels,ACCUMULATION,3,CAUTION,STOPPED,2026-07-08,169.96,Stop Loss Hit,-2.6,73.2,STRONG,OK
2026-07-01,13:31,EMA21_Bounce,21 EMA Bounce,YESBANK,BUY,24.58,24.58,23.72,25.87,26.73,2.5,55,100.0,Financial Services,ACCUMULATION,3,CAUTION,STOPPED,2026-07-08,23.72,Stop Loss Hit,-3.5,72.9,STRONG,OK
2026-07-01,13:31,EMA21_Bounce,21 EMA Bounce,ADANIPORTS,BUY,1848.2,1848.2,1784.92,1943.12,2119.46,4.3,60,100.0,Services,ACCUMULATION,3,CAUTION,STOPPED,2026-07-08,1784.92,Stop Loss Hit,-3.42,71.4,STRONG,OK
2026-07-01,13:31,EMA21_Bounce,21 EMA Bounce,IDEA,BUY,14.64,14.64,14.09,15.47,16.02,2.5,60,100.0,Telecommunication,ACCUMULATION,3,CAUTION,STOPPED,2026-07-06,14.09,Stop Loss Hit,-3.76,70.9,STRONG,OK
2026-07-01,13:31,EMA21_Bounce,21 EMA Bounce,AXISBANK,BUY,1368.7,1368.7,1331.11,1425.09,1462.68,2.5,55,68.0,Financial Services,ACCUMULATION,3,CAUTION,STOPPED,2026-07-08,1331.11,Stop Loss Hit,-2.75,70.9,STRONG,OK
2026-07-01,13:31,EMA21_Bounce,21 EMA Bounce,AUBANK,BUY,1051.4,1051.4,1007.05,1117.93,1162.28,2.5,55,82.0,Financial Services,ACCUMULATION,3,CAUTION,EXPIRED,2026-07-17,1030.2,Expired (16d > 15d),-2.02,70.7,STRONG,OK
2026-07-01,13:31,EMA21_Bounce,21 EMA Bounce,INDUSINDBK,BUY,941.6,941.6,908.79,990.82,1023.63,2.5,55,82.0,Financial Services,ACCUMULATION,3,CAUTION,TARGET,2026-07-06,990.82,Target 1 Hit,5.23,69.7,STRONG,OK
2026-07-01,13:31,EMA21_Bounce,21 EMA Bounce,ATGL,BUY,734.0,734.0,709.01,771.48,796.47,2.5,60,100.0,Oil Gas & Consumable Fuels,ACCUMULATION,3,CAUTION,STOPPED,2026-07-07,709.01,Stop Loss Hit,-3.4,69.1,STRONG,OK
2026-07-01,13:31,EMA21_Bounce,21 EMA Bounce,EXIDEIND,BUY,390.35,390.35,380.74,404.77,409.8,2.0,60,100.0,Automobile and Auto Components,ACCUMULATION,3,CAUTION,TARGET,2026-07-02,404.77,Target 1 Hit,3.69,67.7,STRONG,OK
2026-07-01,13:31,EMA21_Bounce,21 EMA Bounce,SBIN,BUY,1047.4,1047.4,1013.08,1098.88,1133.2,2.5,55,49.0,Financial Services,ACCUMULATION,3,CAUTION,STOPPED,2026-07-08,1013.08,Stop Loss Hit,-3.28,66.1,STRONG,OK
2026-07-01,13:31,EMA21_Bounce,21 EMA Bounce,HAL,BUY,4434.4,4434.4,4312.05,4617.92,4740.27,2.5,55,81.0,Capital Goods,ACCUMULATION,3,CAUTION,STOPPED,2026-07-08,4312.05,Stop Loss Hit,-2.76,65.9,STRONG,OK
2026-07-01,13:31,EMA21_Bounce,21 EMA Bounce,UNIONBANK,BUY,174.88,174.88,169.49,182.96,188.35,2.5,55,43.0,Financial Services,ACCUMULATION,3,CAUTION,STOPPED,2026-07-03,169.49,Stop Loss Hit,-3.08,64.8,MODERATE,OK
2026-07-01,13:31,EMA21_Bounce,21 EMA Bounce,METROPOLIS,BUY,541.6,541.6,520.56,573.16,594.2,2.5,60,95.0,Pharma,ACCUMULATION,3,CAUTION,TARGET,2026-07-06,573.16,Target 1 Hit,5.83,63.2,MODERATE,OK
2026-07-01,13:31,EMA21_Bounce,21 EMA Bounce,GRASIM,BUY,3140.4,3140.4,3057.52,3264.72,3347.6,2.5,60,85.0,Construction Materials,ACCUMULATION,3,CAUTION,EXPIRED,2026-07-17,3109.7,Expired (16d > 15d),-0.98,62.1,MODERATE,OK
2026-07-01,13:31,EMA21_Bounce,21 EMA Bounce,ASIANPAINT,BUY,2716.4,2716.4,2598.11,2893.84,3012.13,2.5,60,92.0,Consumer Durables,ACCUMULATION,3,CAUTION,STOPPED,2026-07-14,2598.11,Stop Loss Hit,-4.35,60.9,MODERATE,OK
2026-07-01,13:31,52WH_Breakout,52-Week High Breakout,ADANIENT,BUY,3143.6,3143.6,3065.05,3866.28,5035.66,8.0,57,100.0,Metals & Mining,ACCUMULATION,3,CAUTION,STOPPED,2026-07-08,3065.05,Stop Loss Hit,-2.5,84.1,ELITE,OK
2026-07-01,13:31,52WH_Breakout,52-Week High Breakout,PHOENIXLTD,BUY,2018.5,2018.5,1942.71,2328.43,2829.93,8.0,62,100.0,Realty,ACCUMULATION,3,CAUTION,EXPIRED,2026-07-27,2036.6,Expired (26d > 25d),0.9,81.6,ELITE,OK
2026-07-01,13:31,Last30Min_ATH,Near 52W High (EOD),ADANIENT,BUY,3143.6,3143.6,3012.8,3866.28,5035.66,8.0,64,100.0,Metals & Mining,ACCUMULATION,3,CAUTION,EXPIRED,2026-07-17,3160.7,Expired (16d > 15d),0.54,88.5,ELITE,OK
2026-07-01,13:31,Last30Min_ATH,Near 52W High (EOD),PHOENIXLTD,BUY,2018.5,2018.5,1948.0,2328.43,2829.93,8.0,64,100.0,Realty,ACCUMULATION,3,CAUTION,EXPIRED,2026-07-17,2075.8,Expired (16d > 15d),2.84,86.0,ELITE,OK
2026-07-01,13:31,Last30Min_ATH,Near 52W High (EOD),NESTLEIND,BUY,1453.8,1453.8,1407.9,1522.65,1568.55,2.5,58,84.0,Fast Moving Consumer Goods,ACCUMULATION,3,CAUTION,STOPPED,2026-07-17,1407.9,Stop Loss Hit,-3.16,76.8,STRONG,OK
2026-07-01,16:07,EMA21_Bounce,21 EMA Bounce,J&KBANK,BUY,156.2,156.2,148.33,168.0,180.04,3.0,65,100.0,Financial Services,ACCUMULATION,3,CAUTION,TARGET,2026-07-08,168.0,Target 1 Hit,7.55,72.9,STRONG,OK
2026-07-01,16:07,EMA21_Bounce,21 EMA Bounce,ZEEL,BUY,108.31,108.31,102.02,117.74,124.03,2.5,60,100.0,Media Entertainment & Publication,ACCUMULATION,3,CAUTION,STOPPED,2026-07-06,102.02,Stop Loss Hit,-5.81,71.2,STRONG,OK
2026-07-01,16:07,EMA21_Bounce,21 EMA Bounce,ELGIEQUIP,BUY,605.85,605.85,590.45,628.95,644.35,2.5,60,93.0,Capital Goods,ACCUMULATION,3,CAUTION,STOPPED,2026-07-03,590.45,Stop Loss Hit,-2.54,71.1,STRONG,OK
2026-07-01,16:07,EMA21_Bounce,21 EMA Bounce,ADANIENSOL,BUY,1521.4,1521.4,1448.84,1630.24,1702.8,2.5,55,100.0,Power,ACCUMULATION,3,CAUTION,TARGET,2026-07-06,1630.24,Target 1 Hit,7.15,70.9,STRONG,OK
2026-07-01,16:07,EMA21_Bounce,21 EMA Bounce,KARURVYSYA,BUY,300.1,300.1,288.77,319.35,322.0,1.9,60,60.0,Financial Services,ACCUMULATION,3,CAUTION,EXPIRED,2026-07-17,309.8,Expired (16d > 15d),3.23,70.3,STRONG,OK
2026-07-01,16:07,EMA21_Bounce,21 EMA Bounce,CAMS,BUY,792.2,792.2,773.65,820.03,836.0,2.4,55,81.0,Financial Services,ACCUMULATION,3,CAUTION,STOPPED,2026-07-07,773.65,Stop Loss Hit,-2.34,67.6,STRONG,OK
2026-07-01,16:07,EMA21_Bounce,21 EMA Bounce,TITAGARH,BUY,890.7,890.7,860.55,971.0,1020.6,4.3,55,100.0,Capital Goods,ACCUMULATION,3,CAUTION,STOPPED,2026-07-06,860.55,Stop Loss Hit,-3.38,67.4,STRONG,OK
2026-07-01,16:07,EMA21_Bounce,21 EMA Bounce,ANGELONE,BUY,340.4,340.4,322.47,367.29,385.22,2.5,55,100.0,Financial Services,ACCUMULATION,3,CAUTION,EXPIRED,2026-07-17,328.95,Expired (16d > 15d),-3.36,66.4,STRONG,OK
2026-07-01,16:07,EMA21_Bounce,21 EMA Bounce,RAINBOW,BUY,1422.3,1422.3,1383.9,1495.0,1552.7,3.4,55,87.0,Healthcare,ACCUMULATION,3,CAUTION,TARGET,2026-07-09,1495.0,Target 1 Hit,5.11,66.3,STRONG,OK
2026-07-01,16:07,EMA21_Bounce,21 EMA Bounce,DATAPATTNS,BUY,4533.5,4533.5,4376.24,4769.39,4955.9,2.7,55,100.0,Capital Goods,ACCUMULATION,3,CAUTION,STOPPED,2026-07-08,4376.24,Stop Loss Hit,-3.47,62.9,MODERATE,OK
2026-07-01,16:07,EMA21_Bounce,21 EMA Bounce,NIVABUPA,BUY,85.12,85.12,83.35,87.78,89.55,2.5,55,75.0,Financial Services,ACCUMULATION,3,CAUTION,TARGET,2026-07-07,87.78,Target 1 Hit,3.12,60.2,MODERATE,OK
2026-07-01,16:07,EMA21_Bounce,21 EMA Bounce,VTL,BUY,646.2,646.2,619.22,686.67,718.78,2.7,55,84.0,Textiles,ACCUMULATION,3,CAUTION,TARGET,2026-07-06,686.67,Target 1 Hit,6.26,59.6,MODERATE,OK
2026-07-01,16:07,EMA21_Bounce,21 EMA Bounce,ICICIAMC,BUY,3406.0,3406.0,3258.1,3627.85,3775.75,2.5,55,79.0,Financial Services,ACCUMULATION,3,CAUTION,STOPPED,2026-07-07,3258.1,Stop Loss Hit,-4.34,59.1,MODERATE,OK
2026-07-01,16:07,EMA21_Bounce,21 EMA Bounce,PREMIERENE,BUY,1051.6,1051.6,1023.84,1093.24,1103.9,1.9,60,64.0,Capital Goods,ACCUMULATION,3,CAUTION,STOPPED,2026-07-06,1023.84,Stop Loss Hit,-2.64,54.5,MODERATE,OK
2026-07-01,16:07,EMA21_Bounce,21 EMA Bounce,SPLPETRO,BUY,725.05,725.05,705.2,764.88,788.0,3.2,55,36.0,Chemicals,ACCUMULATION,3,CAUTION,STOPPED,2026-07-02,705.2,Stop Loss Hit,-2.74,48.6,WEAK,OK
2026-07-01,16:07,EMA21_Bounce,21 EMA Bounce,CANHLIFE,BUY,140.39,140.39,136.29,146.54,150.64,2.5,60,34.0,Financial Services,ACCUMULATION,3,CAUTION,TARGET,2026-07-13,146.54,Target 1 Hit,4.38,48.0,WEAK,OK
2026-07-01,16:07,52WH_Breakout,52-Week High Breakout,IKS,BUY,1800.2,1800.2,1733.16,2075.33,2520.53,8.0,67,100.0,Information Technology,ACCUMULATION,3,CAUTION,EXPIRED,2026-07-27,1829.0,Expired (26d > 25d),1.6,79.1,STRONG,OK
2026-07-01,16:07,52WH_Breakout,52-Week High Breakout,DELHIVERY,BUY,507.7,507.7,483.76,556.89,636.49,5.4,67,75.0,Services,ACCUMULATION,3,CAUTION,STOPPED,2026-07-20,483.76,Stop Loss Hit,-4.72,71.8,STRONG,OK
2026-07-01,16:07,Last30Min_ATH,Near 52W High (EOD),MINDACORP,BUY,709.5,709.5,692.15,843.17,1059.47,8.0,60,100.0,Automobile and Auto Components,ACCUMULATION,3,CAUTION,STOPPED,2026-07-06,692.15,Stop Loss Hit,-2.45,89.5,ELITE,OK
2026-07-01,16:07,Last30Min_ATH,Near 52W High (EOD),IKS,BUY,1800.2,1800.2,1670.1,2075.33,2520.53,5.5,64,100.0,Information Technology,ACCUMULATION,3,CAUTION,EXPIRED,2026-07-17,1897.1,Expired (16d > 15d),5.38,83.5,ELITE,OK
2026-07-01,16:07,Last30Min_ATH,Near 52W High (EOD),DELHIVERY,BUY,507.7,507.7,470.5,563.5,636.49,3.5,64,75.0,Services,ACCUMULATION,3,CAUTION,EXPIRED,2026-07-17,492.15,Expired (16d > 15d),-3.06,76.2,STRONG,OK
2026-07-01,16:07,Failed_Breakout_Short,Failed Breakout Short,HONAUT,SHORT,39655.0,39655.0,40768.0,37985.5,36872.5,2.5,62,100.0,Capital Goods,ACCUMULATION,3,CAUTION,TARGET,2026-07-07,37985.5,Target 1 Hit,4.21,59.1,MODERATE,OK
2026-07-01,16:07,Failed_Breakout_Short,Failed Breakout Short,FLUOROCHEM,SHORT,3930.9,3930.9,4072.09,3719.12,3577.93,2.5,62,83.0,Chemicals,ACCUMULATION,3,CAUTION,STOPPED,2026-07-15,4072.09,Stop Loss Hit,-3.59,59.0,MODERATE,OK
2026-07-01,16:07,Failed_Breakout_Short,Failed Breakout Short,WELCORP,SHORT,1477.6,1477.6,1551.25,1367.12,1293.47,2.5,62,100.0,Capital Goods,ACCUMULATION,3,CAUTION,STOPPED,2026-07-06,1551.25,Stop Loss Hit,-4.98,55.6,MODERATE,OK
2026-07-01,16:07,Failed_Breakout_Short,Failed Breakout Short,AIAENG,SHORT,4996.0,4996.0,5232.7,4640.95,4404.25,2.5,62,100.0,Capital Goods,ACCUMULATION,3,CAUTION,TARGET,2026-07-08,4640.95,Target 1 Hit,7.11,54.1,MODERATE,OK
2026-07-01,16:07,Failed_Breakout_Short,Failed Breakout Short,WHIRLPOOL,SHORT,807.25,807.25,839.02,759.6,727.83,2.5,62,38.0,Consumer Durables,ACCUMULATION,3,CAUTION,TARGET,2026-07-22,759.6,Target 1 Hit,5.9,45.2,WEAK,OK
2026-07-02,12:53,VCP,VCP (Minervini v2),FEDERALBNK,BUY,331.0,332.35,309.59,366.49,421.74,3.9,85,77.0,Financial Services,ACCUMULATION,3,IDEAL,EXPIRED,2026-07-28,357.25,Expired (26d > 25d),7.49,67.7,STRONG,OK
2026-07-02,12:53,VCP,VCP (Minervini v2),ADANIGREEN,BUY,1555.2,1563.6,1447.92,1898.74,2441.04,7.6,85,100.0,Power,ACCUMULATION,3,IDEAL,STOPPED,2026-07-23,1447.92,Stop Loss Hit,-7.4,67.5,STRONG,OK
2026-07-02,12:53,VCP,VCP (Minervini v2),SBIN,BUY,1051.6,1059.8,999.33,1150.5,1210.97,2.5,79,41.0,Financial Services,ACCUMULATION,3,IDEAL,EXPIRED,2026-07-28,1013.2,Expired (26d > 25d),-4.4,62.3,MODERATE,OK
2026-07-02,12:53,VCP,VCP (Minervini v2),ZYDUSLIFE,BUY,1099.8,1128.5,1048.53,1276.79,1516.74,4.9,81,87.0,Healthcare,ACCUMULATION,3,IDEAL,EXPIRED,2026-07-28,1099.2,Expired (26d > 25d),-2.6,61.8,MODERATE,OK
2026-07-02,12:53,EMA21_Bounce,21 EMA Bounce,BANDHANBNK,BUY,205.1,205.1,200.33,212.48,212.66,1.6,60,100.0,Financial Services,ACCUMULATION,3,CAUTION,STOPPED,2026-07-03,200.33,Stop Loss Hit,-2.33,70.9,STRONG,OK
2026-07-02,12:53,EMA21_Bounce,21 EMA Bounce,MANAPPURAM,BUY,323.1,323.1,312.08,339.63,350.65,2.5,55,82.0,Financial Services,ACCUMULATION,3,CAUTION,TARGET,2026-07-06,339.63,Target 1 Hit,5.12,65.6,STRONG,OK
2026-07-02,12:53,EMA21_Bounce,21 EMA Bounce,HAL,BUY,4434.0,4434.0,4318.81,4606.78,4721.97,2.5,55,74.0,Capital Goods,ACCUMULATION,3,CAUTION,STOPPED,2026-07-08,4318.81,Stop Loss Hit,-2.6,65.3,STRONG,OK
2026-07-02,12:53,EMA21_Bounce,21 EMA Bounce,METROPOLIS,BUY,544.3,544.3,526.31,571.28,589.27,2.5,60,92.0,Pharma,ACCUMULATION,3,CAUTION,TARGET,2026-07-06,571.28,Target 1 Hit,4.96,63.7,MODERATE,OK
2026-07-02,12:53,EMA21_Bounce,21 EMA Bounce,GRASIM,BUY,3169.2,3169.2,3090.1,3469.73,3956.03,8.0,55,76.0,Construction Materials,ACCUMULATION,3,CAUTION,STOPPED,2026-07-15,3090.1,Stop Loss Hit,-2.5,60.7,MODERATE,OK
2026-07-02,12:53,EMA21_Bounce,21 EMA Bounce,BERGEPAINT,BUY,520.75,520.75,505.79,543.19,558.15,2.5,60,75.0,Consumer Durables,ACCUMULATION,3,CAUTION,STOPPED,2026-07-08,505.79,Stop Loss Hit,-2.87,60.1,MODERATE,OK
2026-07-02,12:53,EMA21_Bounce,21 EMA Bounce,FORTIS,BUY,974.95,974.95,935.93,1033.48,1072.5,2.5,55,75.0,Healthcare,ACCUMULATION,3,CAUTION,EXPIRED,2026-07-20,951.2,Expired (18d > 15d),-2.44,59.2,MODERATE,OK
2026-07-02,12:53,EMA21_Bounce,21 EMA Bounce,DIVISLAB,BUY,6682.5,6682.5,6486.7,6976.2,7172.0,2.5,60,62.0,Healthcare,ACCUMULATION,3,CAUTION,TARGET,2026-07-14,6976.2,Target 1 Hit,4.4,56.5,MODERATE,OK
2026-07-02,12:53,EMA21_Bounce,21 EMA Bounce,CHAMBLFERT,BUY,477.05,477.05,465.67,494.12,505.5,2.5,60,47.0,Chemicals,ACCUMULATION,3,CAUTION,STOPPED,2026-07-07,465.67,Stop Loss Hit,-2.39,51.9,MODERATE,OK
2026-07-02,12:53,EMA21_Bounce,21 EMA Bounce,DRREDDY,BUY,1345.7,1345.7,1302.15,1411.02,1414.9,1.6,55,54.0,Healthcare,ACCUMULATION,3,CAUTION,STOPPED,2026-07-09,1302.15,Stop Loss Hit,-3.24,49.0,WEAK,OK
2026-07-02,12:53,52WH_Breakout,52-Week High Breakout,ADANIENT,BUY,3177.5,3177.5,3109.84,3278.99,3905.62,8.0,57,100.0,Metals & Mining,ACCUMULATION,3,CAUTION,STOPPED,2026-07-03,3109.84,Stop Loss Hit,-2.13,84.1,ELITE,OK
2026-07-02,12:53,52WH_Breakout,52-Week High Breakout,EXIDEIND,BUY,419.35,419.35,402.67,444.37,490.95,4.3,62,100.0,Automobile and Auto Components,ACCUMULATION,3,CAUTION,TARGET,2026-07-21,444.37,Target 1 Hit,5.97,80.2,ELITE,OK
2026-07-02,12:53,52WH_Breakout,52-Week High Breakout,OBEROIRLTY,BUY,1864.7,1864.7,1792.28,1973.33,2046.21,2.5,62,81.0,Realty,ACCUMULATION,3,CAUTION,TARGET,2026-07-06,1973.33,Target 1 Hit,5.83,77.9,STRONG,OK
2026-07-02,12:53,52WH_Breakout,52-Week High Breakout,SONACOMS,BUY,662.3,662.3,624.25,719.37,751.42,2.3,67,94.0,Automobile and Auto Components,ACCUMULATION,3,CAUTION,TARGET,2026-07-21,719.37,Target 1 Hit,8.62,76.4,STRONG,OK
2026-07-02,12:53,Last30Min_ATH,Near 52W High (EOD),PHOENIXLTD,BUY,2012.5,2012.5,1977.2,2236.52,2599.02,8.0,64,97.0,Realty,ACCUMULATION,3,CAUTION,EXPIRED,2026-07-20,2074.0,Expired (18d > 15d),3.06,87.5,ELITE,OK
2026-07-02,12:53,Last30Min_ATH,Near 52W High (EOD),EXIDEIND,BUY,419.35,419.35,391.3,461.43,490.95,2.6,62,100.0,Automobile and Auto Components,ACCUMULATION,3,CAUTION,EXPIRED,2026-07-20,436.65,Expired (18d > 15d),4.13,84.5,ELITE,OK
2026-07-02,12:53,Last30Min_ATH,Near 52W High (EOD),OBEROIRLTY,BUY,1864.7,1864.7,1812.9,1942.4,2046.21,3.5,62,81.0,Realty,ACCUMULATION,3,CAUTION,TARGET,2026-07-03,1942.4,Target 1 Hit,4.17,82.3,ELITE,OK
2026-07-02,12:53,Last30Min_ATH,Near 52W High (EOD),ADANIPORTS,BUY,1883.2,1883.2,1845.5,2176.09,2650.03,8.0,60,100.0,Services,ACCUMULATION,3,CAUTION,STOPPED,2026-07-07,1845.5,Stop Loss Hit,-2.0,81.0,ELITE,OK
2026-07-02,12:53,Failed_Breakout_Short,Failed Breakout Short,CGPOWER,SHORT,959.4,959.4,987.81,916.79,888.38,2.5,57,100.0,Capital Goods,ACCUMULATION,3,CAUTION,TARGET,2026-07-03,916.79,Target 1 Hit,4.44,55.6,MODERATE,OK
2026-07-02,12:53,Failed_Breakout_Short,Failed Breakout Short,ALKEM,SHORT,5500.5,5500.5,5664.74,5254.14,5089.9,2.5,62,44.0,Healthcare,ACCUMULATION,3,CAUTION,STOPPED,2026-07-07,5664.74,Stop Loss Hit,-2.99,43.8,WEAK,OK
2026-07-02,15:42,VCP,VCP (Minervini v2),SAILIFE,BUY,1238.0,1260.0,1175.39,1455.29,1771.29,6.0,85,96.0,Healthcare,ACCUMULATION,3,IDEAL,EXPIRED,2026-07-28,1300.5,Expired (26d > 25d),3.21,64.4,MODERATE,OK
2026-07-02,15:42,EMA21_Bounce,21 EMA Bounce,GRAVITA,BUY,1687.4,1687.4,1608.77,1805.35,1883.98,2.5,60,78.0,Metals & Mining,ACCUMULATION,3,CAUTION,TARGET,2026-07-08,1805.35,Target 1 Hit,6.99,71.1,STRONG,OK
2026-07-02,15:42,EMA21_Bounce,21 EMA Bounce,ANGELONE,BUY,346.15,346.15,331.3,368.42,383.27,2.5,60,100.0,Financial Services,ACCUMULATION,3,CAUTION,STOPPED,2026-07-08,331.3,Stop Loss Hit,-4.29,68.4,STRONG,OK
2026-07-02,15:42,EMA21_Bounce,21 EMA Bounce,HSCL,BUY,662.65,662.65,629.66,712.14,745.13,2.5,60,100.0,Chemicals,ACCUMULATION,3,CAUTION,TARGET,2026-07-16,712.14,Target 1 Hit,7.47,68.2,STRONG,OK
2026-07-02,15:42,EMA21_Bounce,21 EMA Bounce,KPIL,BUY,1370.2,1370.2,1320.89,1444.16,1467.84,2.0,55,88.0,Construction,ACCUMULATION,3,CAUTION,STOPPED,2026-07-14,1320.89,Stop Loss Hit,-3.6,67.7,STRONG,OK
2026-07-02,15:42,EMA21_Bounce,21 EMA Bounce,GRSE,BUY,2771.3,2771.3,2688.24,2934.7,2975.43,2.5,55,79.0,Capital Goods,ACCUMULATION,3,CAUTION,STOPPED,2026-07-07,2688.24,Stop Loss Hit,-3.0,67.1,STRONG,OK
2026-07-02,15:42,EMA21_Bounce,21 EMA Bounce,LALPATHLAB,BUY,1650.3,1650.3,1594.01,1734.74,1791.03,2.5,55,82.0,Healthcare,ACCUMULATION,3,CAUTION,TARGET,2026-07-13,1734.74,Target 1 Hit,5.12,66.9,STRONG,OK
2026-07-02,15:42,EMA21_Bounce,21 EMA Bounce,CAMS,BUY,798.15,798.15,775.44,832.21,836.0,1.7,60,75.0,Financial Services,ACCUMULATION,3,CAUTION,STOPPED,2026-07-07,775.44,Stop Loss Hit,-2.85,64.7,MODERATE,OK
2026-07-02,15:42,EMA21_Bounce,21 EMA Bounce,LLOYDSME,BUY,1811.9,1811.9,1740.06,1919.66,1991.5,2.5,55,86.0,Metals & Mining,ACCUMULATION,3,CAUTION,STOPPED,2026-07-07,1740.06,Stop Loss Hit,-3.96,61.2,MODERATE,OK
2026-07-02,15:42,EMA21_Bounce,21 EMA Bounce,NIVABUPA,BUY,86.28,86.28,83.69,90.16,92.75,2.5,55,71.0,Financial Services,ACCUMULATION,3,CAUTION,EXPIRED,2026-07-20,86.08,Expired (18d > 15d),-0.23,60.3,MODERATE,OK
2026-07-02,15:42,EMA21_Bounce,21 EMA Bounce,SHYAMMETL,BUY,962.35,962.35,936.48,1001.16,1027.03,2.5,60,76.0,Capital Goods,ACCUMULATION,3,CAUTION,STOPPED,2026-07-08,936.48,Stop Loss Hit,-2.69,60.2,MODERATE,OK
2026-07-02,15:42,EMA21_Bounce,21 EMA Bounce,IGIL,BUY,361.35,361.35,352.34,374.87,383.88,2.5,55,58.0,Services,ACCUMULATION,3,CAUTION,STOPPED,2026-07-06,352.34,Stop Loss Hit,-2.49,58.3,MODERATE,OK
2026-07-02,15:42,EMA21_Bounce,21 EMA Bounce,LGEINDIA,BUY,1567.9,1567.9,1523.12,1635.07,1679.85,2.5,55,61.0,Consumer Durables,ACCUMULATION,3,CAUTION,STOPPED,2026-07-14,1523.12,Stop Loss Hit,-2.86,56.6,MODERATE,OK
2026-07-02,15:42,EMA21_Bounce,21 EMA Bounce,AARTIIND,BUY,482.05,482.05,459.45,515.95,538.55,2.5,55,72.0,Chemicals,ACCUMULATION,3,CAUTION,EXPIRED,2026-07-20,495.4,Expired (18d > 15d),2.77,56.4,MODERATE,OK
2026-07-02,15:42,EMA21_Bounce,21 EMA Bounce,CHENNPETRO,BUY,1134.1,1134.1,1109.48,1171.03,1195.65,2.5,60,65.0,Oil Gas & Consumable Fuels,ACCUMULATION,3,CAUTION,STOPPED,2026-07-07,1109.48,Stop Loss Hit,-2.17,56.1,MODERATE,OK
2026-07-02,15:42,EMA21_Bounce,21 EMA Bounce,ANTHEM,BUY,772.35,772.35,757.32,794.9,809.93,2.5,65,68.0,Healthcare,ACCUMULATION,3,CAUTION,STOPPED,2026-07-08,757.32,Stop Loss Hit,-1.95,55.8,MODERATE,OK
2026-07-02,15:42,EMA21_Bounce,21 EMA Bounce,ASTERDM,BUY,790.95,790.95,760.28,836.96,867.63,2.5,55,69.0,Healthcare,ACCUMULATION,3,CAUTION,EXPIRED,2026-07-20,815.15,Expired (18d > 15d),3.06,55.3,MODERATE,OK
2026-07-02,15:42,EMA21_Bounce,21 EMA Bounce,URBANCO,BUY,131.89,131.89,127.42,139.8,140.6,1.9,60,47.0,Consumer Services,ACCUMULATION,3,CAUTION,TARGET,2026-07-10,139.8,Target 1 Hit,6.0,54.7,MODERATE,OK
2026-07-02,15:42,EMA21_Bounce,21 EMA Bounce,CIEINDIA,BUY,474.15,474.15,450.72,509.29,532.72,2.5,55,44.0,Automobile and Auto Components,ACCUMULATION,3,CAUTION,STOPPED,2026-07-08,450.72,Stop Loss Hit,-4.94,54.5,MODERATE,OK
2026-07-02,15:42,EMA21_Bounce,21 EMA Bounce,CANHLIFE,BUY,141.82,141.82,136.12,150.37,156.07,2.5,65,30.0,Financial Services,ACCUMULATION,3,CAUTION,TARGET,2026-07-13,150.37,Target 1 Hit,6.03,50.3,MODERATE,OK
2026-07-02,15:42,52WH_Breakout,52-Week High Breakout,CEMPRO,BUY,1431.4,1431.4,1336.39,1958.48,2811.36,8.0,62,100.0,Construction,ACCUMULATION,3,CAUTION,STOPPED,2026-07-28,1336.39,Stop Loss Hit,-6.64,81.1,ELITE,OK
2026-07-02,15:42,52WH_Breakout,52-Week High Breakout,IKS,BUY,1837.5,1837.5,1787.92,1911.87,2102.93,5.4,67,100.0,Information Technology,ACCUMULATION,3,CAUTION,TARGET,2026-07-10,1911.87,Target 1 Hit,4.05,76.6,STRONG,OK
2026-07-02,15:42,52WH_Breakout,52-Week High Breakout,ZYDUSWELL,BUY,594.45,594.45,568.89,666.97,784.32,7.4,62,67.0,Fast Moving Consumer Goods,ACCUMULATION,3,CAUTION,STOPPED,2026-07-08,568.89,Stop Loss Hit,-4.3,64.9,MODERATE,OK
2026-07-02,15:42,Last30Min_ATH,Near 52W High (EOD),J&KBANK,BUY,164.7,164.7,157.65,175.27,193.8,4.1,64,100.0,Financial Services,ACCUMULATION,3,CAUTION,TARGET,2026-07-10,175.27,Target 1 Hit,6.42,90.0,ELITE,OK
2026-07-02,15:42,Last30Min_ATH,Near 52W High (EOD),CEMPRO,BUY,1431.4,1431.4,1380.0,1958.48,2811.36,8.0,64,100.0,Construction,ACCUMULATION,3,CAUTION,EXPIRED,2026-07-20,1627.0,Expired (18d > 15d),13.66,85.5,ELITE,OK
2026-07-02,15:42,Last30Min_ATH,Near 52W High (EOD),ZYDUSWELL,BUY,594.45,594.45,560.85,666.97,784.32,5.7,64,67.0,Fast Moving Consumer Goods,ACCUMULATION,3,CAUTION,STOPPED,2026-07-08,560.85,Stop Loss Hit,-5.65,69.3,STRONG,OK
2026-07-02,15:42,Failed_Breakout_Short,Failed Breakout Short,KARURVYSYA,SHORT,293.95,293.95,304.18,278.6,268.37,2.5,57,52.0,Financial Services,ACCUMULATION,3,CAUTION,STOPPED,2026-07-06,304.18,Stop Loss Hit,-3.48,49.1,WEAK,OK
2026-07-02,15:42,Failed_Breakout_Short,Failed Breakout Short,MCX,SHORT,2923.2,2923.2,3063.69,2712.46,2571.97,2.5,57,63.0,Financial Services,ACCUMULATION,3,CAUTION,TARGET,2026-07-07,2712.46,Target 1 Hit,7.21,44.1,WEAK,OK
2026-07-02,15:42,Failed_Breakout_Short,Failed Breakout Short,RPOWER,SHORT,26.5,26.5,29.74,21.64,18.4,2.5,57,61.0,Power,ACCUMULATION,3,CAUTION,EXPIRED,2026-07-28,23.46,Expired (26d > 25d),11.47,42.3,WEAK,OK
2026-07-02,15:42,Failed_Breakout_Short,Failed Breakout Short,FIRSTCRY,SHORT,226.29,226.29,240.05,205.65,191.89,2.5,57,33.0,Consumer Services,ACCUMULATION,3,CAUTION,TARGET,2026-07-09,205.65,Target 1 Hit,9.12,39.6,WEAK,OK
2026-07-03,12:52,EMA21_Bounce,21 EMA Bounce,YESBANK,BUY,24.39,24.39,23.82,25.38,25.78,2.4,60,100.0,Financial Services,ACCUMULATION,3,CAUTION,STOPPED,2026-07-08,23.82,Stop Loss Hit,-2.34,71.7,STRONG,OK
2026-07-03,12:52,EMA21_Bounce,21 EMA Bounce,BIOCON,BUY,426.8,426.8,412.79,447.82,461.83,2.5,60,87.0,Healthcare,ACCUMULATION,3,CAUTION,STOPPED,2026-07-07,412.79,Stop Loss Hit,-3.28,69.6,STRONG,OK
2026-07-03,12:52,EMA21_Bounce,21 EMA Bounce,DIVISLAB,BUY,6757.0,6757.0,6614.2,6971.2,7114.0,2.5,60,68.0,Healthcare,ACCUMULATION,3,CAUTION,TARGET,2026-07-14,6971.2,Target 1 Hit,3.17,54.6,MODERATE,OK
2026-07-03,12:52,EMA21_Bounce,21 EMA Bounce,SCHAEFFLER,BUY,4162.1,4162.1,4020.79,4374.07,4515.38,2.5,60,62.0,Automobile and Auto Components,ACCUMULATION,3,CAUTION,EXPIRED,2026-07-20,4155.2,Expired (17d > 15d),-0.17,54.4,MODERATE,OK
2026-07-03,12:52,EMA21_Bounce,21 EMA Bounce,CHAMBLFERT,BUY,481.55,481.55,467.8,502.18,515.93,2.5,60,51.0,Chemicals,ACCUMULATION,3,CAUTION,STOPPED,2026-07-07,467.8,Stop Loss Hit,-2.86,52.5,MODERATE,OK
2026-07-03,12:52,52WH_Breakout,52-Week High Breakout,ABCAPITAL,BUY,401.25,401.25,394.72,448.37,524.62,8.0,62,96.0,Financial Services,ACCUMULATION,3,CAUTION,STOPPED,2026-07-08,394.72,Stop Loss Hit,-1.63,89.1,ELITE,OK
2026-07-03,12:52,52WH_Breakout,52-Week High Breakout,ZYDUSLIFE,BUY,1140.6,1140.6,1117.01,1295.22,1545.42,8.0,57,97.0,Healthcare,ACCUMULATION,3,CAUTION,STOPPED,2026-07-22,1117.01,Stop Loss Hit,-2.07,80.6,ELITE,OK
2026-07-03,12:52,52WH_Breakout,52-Week High Breakout,INDUSINDBK,BUY,974.35,974.35,942.08,1082.47,1257.41,8.0,62,85.0,Financial Services,ACCUMULATION,3,CAUTION,EXPIRED,2026-07-29,1012.3,Expired (26d > 25d),3.89,80.1,ELITE,OK
2026-07-03,12:52,52WH_Breakout,52-Week High Breakout,OBEROIRLTY,BUY,1934.4,1934.4,1851.21,2158.98,2522.38,7.1,62,91.0,Realty,ACCUMULATION,3,CAUTION,STOPPED,2026-07-09,1851.21,Stop Loss Hit,-4.3,75.3,STRONG,OK
2026-07-03,12:52,Last30Min_ATH,Near 52W High (EOD),ABCAPITAL,BUY,401.25,401.25,393.85,448.37,524.62,8.0,64,96.0,Financial Services,ACCUMULATION,3,CAUTION,STOPPED,2026-07-08,393.85,Stop Loss Hit,-1.84,93.5,ELITE,OK
2026-07-03,12:52,Last30Min_ATH,Near 52W High (EOD),GMRAIRPORT,BUY,112.8,112.8,110.4,116.4,125.9,5.5,60,84.0,Services,ACCUMULATION,3,CAUTION,STOPPED,2026-07-08,110.4,Stop Loss Hit,-2.13,88.5,ELITE,OK
2026-07-03,12:52,Last30Min_ATH,Near 52W High (EOD),ADANIENT,BUY,3212.1,3212.1,3105.5,3961.61,5174.4,8.0,60,100.0,Metals & Mining,ACCUMULATION,3,CAUTION,STOPPED,2026-07-07,3105.5,Stop Loss Hit,-3.32,88.5,ELITE,OK
2026-07-03,12:52,Last30Min_ATH,Near 52W High (EOD),LAURUSLABS,BUY,1542.3,1542.3,1522.0,1833.26,2304.08,8.0,60,100.0,Healthcare,ACCUMULATION,3,CAUTION,STOPPED,2026-07-06,1522.0,Stop Loss Hit,-1.32,87.0,ELITE,OK
2026-07-03,12:52,Last30Min_ATH,Near 52W High (EOD),ZYDUSLIFE,BUY,1140.6,1140.6,1104.1,1295.22,1545.42,8.0,64,97.0,Healthcare,ACCUMULATION,3,CAUTION,EXPIRED,2026-07-20,1149.0,Expired (17d > 15d),0.74,85.0,ELITE,OK
2026-07-03,12:52,Last30Min_ATH,Near 52W High (EOD),PHOENIXLTD,BUY,2047.6,2047.6,2011.1,2277.87,2650.47,8.0,60,99.0,Realty,ACCUMULATION,3,CAUTION,EXPIRED,2026-07-20,2074.0,Expired (17d > 15d),1.29,84.5,ELITE,OK
2026-07-03,12:52,Last30Min_ATH,Near 52W High (EOD),INDUSINDBK,BUY,974.35,974.35,942.1,1082.47,1257.41,8.0,64,85.0,Financial Services,ACCUMULATION,3,CAUTION,EXPIRED,2026-07-20,1032.85,Expired (17d > 15d),6.0,84.5,ELITE,OK
2026-07-03,12:52,Last30Min_ATH,Near 52W High (EOD),BIOCON,BUY,426.8,426.8,418.6,439.1,447.3,2.5,62,87.0,Healthcare,ACCUMULATION,3,CAUTION,STOPPED,2026-07-07,418.6,Stop Loss Hit,-1.92,83.6,ELITE,OK
2026-07-03,12:52,Last30Min_ATH,Near 52W High (EOD),OBEROIRLTY,BUY,1934.4,1934.4,1864.7,2158.98,2522.38,8.0,64,91.0,Realty,ACCUMULATION,3,CAUTION,STOPPED,2026-07-08,1864.7,Stop Loss Hit,-3.6,79.7,STRONG,OK
2026-07-03,12:52,Last30Min_ATH,Near 52W High (EOD),AUROPHARMA,BUY,1620.5,1620.5,1567.7,1699.7,1798.18,3.4,60,80.0,Healthcare,ACCUMULATION,3,CAUTION,STOPPED,2026-07-08,1567.7,Stop Loss Hit,-3.26,70.7,STRONG,OK
2026-07-03,12:52,Last30Min_ATH,Near 52W High (EOD),LUPIN,BUY,2476.0,2476.0,2407.6,2640.02,2905.42,6.3,60,51.0,Healthcare,ACCUMULATION,3,CAUTION,EXPIRED,2026-07-20,2478.5,Expired (17d > 15d),0.1,68.2,STRONG,OK
2026-07-03,12:52,Failed_Breakout_Short,Failed Breakout Short,CGPOWER,SHORT,892.55,892.55,988.75,748.25,652.05,2.5,60,93.0,Capital Goods,ACCUMULATION,3,CAUTION,EXPIRED,2026-07-29,829.5,Expired (26d > 25d),7.06,56.9,MODERATE,OK
2026-07-03,12:52,Failed_Breakout_Short,Failed Breakout Short,DABUR,SHORT,444.35,444.35,453.34,424.2,421.6,2.5,57,50.0,Fast Moving Consumer Goods,ACCUMULATION,3,CAUTION,STOPPED,2026-07-07,453.34,Stop Loss Hit,-2.02,50.3,MODERATE,OK
2026-07-03,12:52,Failed_Breakout_Short,Failed Breakout Short,MARICO,SHORT,838.55,838.55,878.15,779.15,739.55,2.5,60,59.0,Fast Moving Consumer Goods,ACCUMULATION,3,CAUTION,STOPPED,2026-07-28,878.15,Stop Loss Hit,-4.72,48.8,WEAK,OK
2026-07-03,12:52,Failed_Breakout_Short,Failed Breakout Short,UNIONBANK,SHORT,163.09,163.09,176.97,142.27,128.39,2.5,60,31.0,Financial Services,ACCUMULATION,3,CAUTION,STOPPED,2026-07-15,176.97,Stop Loss Hit,-8.51,47.7,WEAK,OK
2026-07-03,12:52,Failed_Breakout_Short,Failed Breakout Short,HINDUNILVR,SHORT,2201.2,2201.2,2250.37,2127.44,2078.27,2.5,57,47.0,Fast Moving Consumer Goods,ACCUMULATION,3,CAUTION,TARGET,2026-07-13,2127.44,Target 1 Hit,3.35,43.5,WEAK,OK
2026-07-06,14:23,VCP,VCP (Minervini v2),GAIL,BUY,175.03,178.47,169.16,192.44,196.99,2.0,84,63.0,Oil Gas & Consumable Fuels,ACCUMULATION,3,IDEAL,STOPPED,2026-07-08,169.16,Stop Loss Hit,-5.22,61.9,MODERATE,OK
2026-07-06,14:23,VCP,VCP (Minervini v2),FEDERALBNK,BUY,330.3,334.3,314.92,369.65,426.85,4.8,85,67.0,Financial Services,ACCUMULATION,3,IDEAL,TARGET,2026-08-03,369.65,Target 1 Hit,10.57,61.0,MODERATE,OK
2026-07-06,14:23,EMA21_Bounce,21 EMA Bounce,BANDHANBNK,BUY,207.39,207.39,197.48,222.26,232.17,2.5,60,87.0,Financial Services,ACCUMULATION,3,CAUTION,STOPPED,2026-07-08,197.48,Stop Loss Hit,-4.78,73.9,STRONG,OK
2026-07-06,14:23,EMA21_Bounce,21 EMA Bounce,GAIL,BUY,175.03,175.03,170.95,181.15,185.23,2.5,60,63.0,Oil Gas & Consumable Fuels,ACCUMULATION,3,CAUTION,STOPPED,2026-07-08,170.95,Stop Loss Hit,-2.33,63.3,MODERATE,OK
2026-07-06,14:23,EMA21_Bounce,21 EMA Bounce,DIVISLAB,BUY,6857.5,6857.5,6631.77,7196.09,7421.82,2.5,60,69.0,Healthcare,ACCUMULATION,3,CAUTION,TARGET,2026-07-14,7196.09,Target 1 Hit,4.94,57.7,MODERATE,OK
2026-07-06,14:23,EMA21_Bounce,21 EMA Bounce,BEL,BUY,425.55,425.55,411.68,446.36,460.23,2.5,55,31.0,Capital Goods,ACCUMULATION,3,CAUTION,STOPPED,2026-07-08,411.68,Stop Loss Hit,-3.26,57.1,MODERATE,OK
2026-07-06,14:23,EMA21_Bounce,21 EMA Bounce,FORTIS,BUY,980.05,980.05,955.21,1017.31,1042.15,2.5,60,68.0,Healthcare,ACCUMULATION,3,CAUTION,STOPPED,2026-07-08,955.21,Stop Loss Hit,-2.53,56.7,MODERATE,OK
2026-07-06,14:23,EMA21_Bounce,21 EMA Bounce,ABB,BUY,7073.0,7073.0,6805.96,7473.56,7740.6,2.5,60,51.0,Capital Goods,ACCUMULATION,3,CAUTION,STOPPED,2026-07-08,6805.96,Stop Loss Hit,-3.78,56.1,MODERATE,OK
2026-07-06,14:23,EMA21_Bounce,21 EMA Bounce,BERGEPAINT,BUY,521.85,521.85,505.89,545.79,561.75,2.5,60,74.0,Consumer Durables,ACCUMULATION,3,CAUTION,STOPPED,2026-07-08,505.89,Stop Loss Hit,-3.06,55.0,MODERATE,OK
2026-07-06,14:23,EMA21_Bounce,21 EMA Bounce,EICHERMOT,BUY,7471.5,7471.5,7202.14,7875.54,8144.9,2.5,60,44.0,Automobile and Auto Components,ACCUMULATION,3,CAUTION,STOPPED,2026-07-14,7202.14,Stop Loss Hit,-3.61,51.2,MODERATE,OK
2026-07-06,14:23,52WH_Breakout,52-Week High Breakout,PHOENIXLTD,BUY,2105.8,2105.8,2033.86,2372.03,2802.83,8.0,67,99.0,Realty,ACCUMULATION,3,CAUTION,STOPPED,2026-07-08,2033.86,Stop Loss Hit,-3.42,83.1,ELITE,OK
2026-07-06,14:23,52WH_Breakout,52-Week High Breakout,ZYDUSLIFE,BUY,1147.9,1147.9,1131.37,1307.03,1564.53,8.0,57,92.0,Healthcare,ACCUMULATION,3,CAUTION,STOPPED,2026-07-13,1131.37,Stop Loss Hit,-1.44,81.6,ELITE,OK
2026-07-06,14:23,52WH_Breakout,52-Week High Breakout,INDUSINDBK,BUY,1009.8,1009.8,967.15,1139.82,1350.22,8.0,62,77.0,Financial Services,ACCUMULATION,3,CAUTION,EXPIRED,2026-08-03,1028.9,Expired (28d > 25d),1.89,79.1,STRONG,OK
2026-07-06,14:23,52WH_Breakout,52-Week High Breakout,OBEROIRLTY,BUY,1953.4,1953.4,1921.14,2001.79,2189.72,7.3,62,86.0,Realty,ACCUMULATION,3,CAUTION,STOPPED,2026-07-07,1921.14,Stop Loss Hit,-1.65,75.6,STRONG,OK
2026-07-06,14:23,52WH_Breakout,52-Week High Breakout,MANAPPURAM,BUY,346.1,346.1,330.35,400.52,488.58,8.0,62,92.0,Financial Services,ACCUMULATION,3,CAUTION,STOPPED,2026-07-09,330.35,Stop Loss Hit,-4.55,75.2,STRONG,OK
2026-07-06,14:23,Last30Min_ATH,Near 52W High (EOD),CHOLAFIN,BUY,1850.5,1850.5,1808.9,2101.35,2507.25,8.0,64,73.0,Financial Services,ACCUMULATION,3,CAUTION,STOPPED,2026-07-08,1808.9,Stop Loss Hit,-2.25,91.2,ELITE,OK
2026-07-06,14:23,Last30Min_ATH,Near 52W High (EOD),PHOENIXLTD,BUY,2105.8,2105.8,2030.0,2372.03,2802.83,8.0,64,99.0,Realty,ACCUMULATION,3,CAUTION,STOPPED,2026-07-08,2030.0,Stop Loss Hit,-3.6,87.5,ELITE,OK
2026-07-06,14:23,Last30Min_ATH,Near 52W High (EOD),ZYDUSLIFE,BUY,1147.9,1147.9,1131.6,1307.03,1564.53,8.0,64,92.0,Healthcare,ACCUMULATION,3,CAUTION,STOPPED,2026-07-13,1131.6,Stop Loss Hit,-1.42,86.0,ELITE,OK
2026-07-06,14:23,Last30Min_ATH,Near 52W High (EOD),INDUSINDBK,BUY,1009.8,1009.8,960.0,1139.82,1350.22,6.8,64,77.0,Financial Services,ACCUMULATION,3,CAUTION,EXPIRED,2026-07-22,1069.3,Expired (16d > 15d),5.89,83.5,ELITE,OK
2026-07-06,14:23,Last30Min_ATH,Near 52W High (EOD),MANAPPURAM,BUY,346.1,346.1,323.2,400.52,488.58,6.2,64,92.0,Financial Services,ACCUMULATION,3,CAUTION,STOPPED,2026-07-14,323.2,Stop Loss Hit,-6.62,79.6,STRONG,OK
2026-07-06,14:23,Failed_Breakout_Short,Failed Breakout Short,M&MFIN,SHORT,331.8,331.8,343.83,313.76,301.73,2.5,62,59.0,Financial Services,ACCUMULATION,3,CAUTION,STOPPED,2026-07-10,343.83,Stop Loss Hit,-3.63,56.9,MODERATE,OK
2026-07-06,14:23,Failed_Breakout_Short,Failed Breakout Short,CONCOR,SHORT,481.3,481.3,493.71,462.69,450.28,2.5,62,38.0,Services,ACCUMULATION,3,CAUTION,TARGET,2026-07-08,462.69,Target 1 Hit,3.87,49.9,WEAK,OK
2026-07-06,16:38,VCP,VCP (Minervini v2),SAILIFE,BUY,1232.6,1260.0,1175.39,1455.29,1771.29,6.0,85,88.0,Healthcare,ACCUMULATION,3,IDEAL,EXPIRED,2026-08-03,1333.4,Expired (28d > 25d),5.83,65.5,STRONG,OK
2026-07-06,16:38,EMA21_Bounce,21 EMA Bounce,AIAENG,BUY,4813.0,4813.0,4599.45,5133.33,5180.0,1.7,55,96.0,Capital Goods,ACCUMULATION,3,CAUTION,STOPPED,2026-07-22,4599.45,Stop Loss Hit,-4.44,68.7,STRONG,OK
2026-07-06,16:38,EMA21_Bounce,21 EMA Bounce,DATAPATTNS,BUY,4615.5,4615.5,4383.18,4963.98,5196.3,2.5,60,100.0,Capital Goods,ACCUMULATION,3,CAUTION,STOPPED,2026-07-07,4383.18,Stop Loss Hit,-5.03,67.4,STRONG,OK
2026-07-06,16:38,EMA21_Bounce,21 EMA Bounce,GRSE,BUY,2765.7,2765.7,2686.64,2934.7,2966.36,2.5,60,58.0,Capital Goods,ACCUMULATION,3,CAUTION,STOPPED,2026-07-07,2686.64,Stop Loss Hit,-2.86,66.3,STRONG,OK
2026-07-06,16:38,EMA21_Bounce,21 EMA Bounce,LALPATHLAB,BUY,1686.0,1686.0,1613.34,1794.99,1798.66,1.6,60,80.0,Healthcare,ACCUMULATION,3,CAUTION,EXPIRED,2026-07-22,1699.0,Expired (16d > 15d),0.77,64.9,MODERATE,OK
2026-07-06,16:38,EMA21_Bounce,21 EMA Bounce,TATACAP,BUY,350.15,350.15,340.42,374.0,379.95,3.1,60,49.0,Financial Services,ACCUMULATION,3,CAUTION,STOPPED,2026-07-08,340.42,Stop Loss Hit,-2.78,63.3,MODERATE,OK
2026-07-06,16:38,EMA21_Bounce,21 EMA Bounce,PTCIL,BUY,17827.0,17827.0,17379.68,18650.0,19345.0,3.4,60,60.0,Capital Goods,ACCUMULATION,3,CAUTION,STOPPED,2026-07-07,17379.68,Stop Loss Hit,-2.51,60.1,MODERATE,OK
2026-07-06,16:38,EMA21_Bounce,21 EMA Bounce,SAMMAANCAP,BUY,176.64,176.64,170.19,186.31,192.76,2.5,60,66.0,Financial Services,ACCUMULATION,3,CAUTION,STOPPED,2026-07-07,170.19,Stop Loss Hit,-3.65,56.3,MODERATE,OK
2026-07-06,16:38,EMA21_Bounce,21 EMA Bounce,RBLBANK,BUY,368.6,368.6,352.43,392.86,409.03,2.5,60,63.0,Financial Services,ACCUMULATION,3,CAUTION,EXPIRED,2026-07-22,355.5,Expired (16d > 15d),-3.55,54.9,MODERATE,OK
2026-07-06,16:38,EMA21_Bounce,21 EMA Bounce,ANTHEM,BUY,774.05,774.05,757.44,798.96,815.57,2.5,60,60.0,Healthcare,ACCUMULATION,3,CAUTION,STOPPED,2026-07-08,757.44,Stop Loss Hit,-2.15,53.8,MODERATE,OK
2026-07-06,16:38,EMA21_Bounce,21 EMA Bounce,URBANCO,BUY,133.82,133.82,127.94,142.64,143.72,1.7,60,50.0,Consumer Services,ACCUMULATION,3,CAUTION,EXPIRED,2026-07-22,130.88,Expired (16d > 15d),-2.2,53.1,MODERATE,OK
2026-07-06,16:38,EMA21_Bounce,21 EMA Bounce,ENGINERSIN,BUY,243.91,243.91,231.29,262.84,275.46,2.5,60,71.0,Construction,ACCUMULATION,3,CAUTION,STOPPED,2026-07-14,231.29,Stop Loss Hit,-5.17,52.6,MODERATE,OK
2026-07-06,16:38,EMA21_Bounce,21 EMA Bounce,CANHLIFE,BUY,141.54,141.54,137.73,147.26,151.07,2.5,65,28.0,Financial Services,ACCUMULATION,3,CAUTION,TARGET,2026-07-13,147.26,Target 1 Hit,4.04,47.1,WEAK,OK
2026-07-06,16:38,52WH_Breakout,52-Week High Breakout,ADANIENSOL,BUY,1622.8,1622.8,1574.74,1694.89,1937.11,6.5,57,100.0,Power,ACCUMULATION,3,CAUTION,TARGET,2026-07-08,1694.89,Target 1 Hit,4.44,82.6,ELITE,OK
2026-07-06,16:38,52WH_Breakout,52-Week High Breakout,ABDL,BUY,702.7,702.7,665.42,758.62,848.94,3.9,67,100.0,Fast Moving Consumer Goods,ACCUMULATION,3,CAUTION,STOPPED,2026-07-09,665.42,Stop Loss Hit,-5.31,81.1,ELITE,OK
2026-07-06,16:38,52WH_Breakout,52-Week High Breakout,RADICO,BUY,4106.7,4106.7,3937.5,4969.86,6366.56,8.0,67,100.0,Fast Moving Consumer Goods,ACCUMULATION,3,CAUTION,EXPIRED,2026-08-03,4459.1,Expired (28d > 25d),8.58,81.1,ELITE,OK
2026-07-06,16:38,52WH_Breakout,52-Week High Breakout,WELCORP,BUY,1543.6,1543.6,1512.87,1589.7,1924.68,8.0,67,100.0,Capital Goods,ACCUMULATION,3,CAUTION,TARGET,2026-07-09,1589.7,Target 1 Hit,2.99,81.1,ELITE,OK
2026-07-06,16:38,Last30Min_ATH,Near 52W High (EOD),RADICO,BUY,4106.7,4106.7,3903.2,4969.86,6366.56,8.0,64,100.0,Fast Moving Consumer Goods,ACCUMULATION,3,CAUTION,EXPIRED,2026-07-22,4147.5,Expired (16d > 15d),0.99,85.5,ELITE,OK
2026-07-06,16:38,Last30Min_ATH,Near 52W High (EOD),DELHIVERY,BUY,519.65,519.65,508.15,576.23,667.78,8.0,60,61.0,Services,ACCUMULATION,3,CAUTION,STOPPED,2026-07-08,508.15,Stop Loss Hit,-2.21,69.7,STRONG,OK
2026-07-06,16:38,Failed_Breakout_Short,Failed Breakout Short,GODREJIND,SHORT,1209.1,1209.1,1234.96,1170.31,1135.0,2.9,65,100.0,Diversified,ACCUMULATION,3,CAUTION,STOPPED,2026-07-09,1234.96,Stop Loss Hit,-2.14,63.6,MODERATE,OK
2026-07-06,16:38,Failed_Breakout_Short,Failed Breakout Short,ACUTAAS,SHORT,3514.8,3514.8,3779.18,3118.23,2853.85,2.5,62,100.0,Healthcare,ACCUMULATION,3,CAUTION,TARGET,2026-07-28,3118.23,Target 1 Hit,11.28,55.6,MODERATE,OK
2026-07-06,16:38,Failed_Breakout_Short,Failed Breakout Short,DEEPAKFERT,SHORT,1605.2,1605.2,1693.16,1473.26,1385.3,2.5,57,100.0,Chemicals,ACCUMULATION,3,CAUTION,EXPIRED,2026-08-03,1576.0,Expired (28d > 25d),1.82,53.6,MODERATE,OK
2026-07-06,16:38,Failed_Breakout_Short,Failed Breakout Short,EMMVEE,SHORT,350.85,350.85,373.78,316.46,293.53,2.5,57,100.0,Capital Goods,ACCUMULATION,3,CAUTION,TARGET,2026-07-22,316.46,Target 1 Hit,9.8,53.6,MODERATE,OK
2026-07-06,16:38,Failed_Breakout_Short,Failed Breakout Short,VTL,SHORT,661.85,661.85,694.15,613.4,581.1,2.5,57,75.0,Textiles,ACCUMULATION,3,CAUTION,TARGET,2026-07-22,613.4,Target 1 Hit,7.32,47.7,WEAK,OK
2026-07-06,16:38,Failed_Breakout_Short,Failed Breakout Short,ANANTRAJ,SHORT,550.9,550.9,565.27,521.3,517.0,2.4,57,62.0,Realty,ACCUMULATION,3,CAUTION,STOPPED,2026-07-08,565.27,Stop Loss Hit,-2.61,47.2,WEAK,OK
2026-07-06,16:38,Failed_Breakout_Short,Failed Breakout Short,ZENSARTECH,SHORT,477.95,477.95,528.72,401.79,351.02,2.5,57,9.0,Information Technology,ACCUMULATION,3,CAUTION,STOPPED,2026-07-13,528.72,Stop Loss Hit,-10.62,38.6,WEAK,OK
2026-07-07,13:11,VCP,VCP (Minervini v2),APOLLOHOSP,BUY,8837.0,8950.0,8343.08,9860.38,11296.1,3.9,81,74.0,Healthcare,ACCUMULATION,4,IDEAL,EXPIRED,2026-08-03,8820.0,Expired (27d > 25d),-1.45,58.6,MODERATE,OK
2026-07-07,13:11,VCP,VCP (Minervini v2),FEDERALBNK,BUY,331.55,334.3,316.61,369.65,426.85,5.2,87,72.0,Financial Services,ACCUMULATION,4,IDEAL,TARGET,2026-08-03,369.65,Target 1 Hit,10.57,58.6,MODERATE,OK
2026-07-07,13:11,VCP,VCP (Minervini v2),SBIN,BUY,1038.1,1059.8,1008.38,1136.93,1188.35,2.5,79,41.0,Financial Services,ACCUMULATION,4,IDEAL,STOPPED,2026-07-23,1008.38,Stop Loss Hit,-4.85,56.6,MODERATE,OK
2026-07-07,13:11,EMA21_Bounce,21 EMA Bounce,MARICO,BUY,847.65,847.65,821.88,886.3,913.93,2.6,55,64.0,Fast Moving Consumer Goods,ACCUMULATION,4,CAUTION,EXPIRED,2026-07-23,853.2,Expired (16d > 15d),0.65,56.2,MODERATE,OK
2026-07-07,13:11,52WH_Breakout,52-Week High Breakout,INDUSINDBK,BUY,1022.25,1022.25,1000.5,1054.88,1143.03,5.6,62,89.0,Financial Services,ACCUMULATION,4,CAUTION,STOPPED,2026-07-08,1000.5,Stop Loss Hit,-2.13,80.1,ELITE,OK
2026-07-07,13:11,52WH_Breakout,52-Week High Breakout,TITAN,BUY,4604.2,4604.2,4463.45,4815.32,5000.59,2.8,67,45.0,Consumer Durables,ACCUMULATION,4,CAUTION,TARGET,2026-07-28,4815.32,Target 1 Hit,4.59,65.8,STRONG,OK
2026-07-07,13:11,Failed_Breakout_Short,Failed Breakout Short,PRESTIGE,SHORT,1673.3,1673.3,1732.59,1584.36,1525.07,2.5,62,91.0,Realty,ACCUMULATION,4,CAUTION,STOPPED,2026-07-10,1732.59,Stop Loss Hit,-3.54,62.1,MODERATE,OK
2026-07-07,13:11,Failed_Breakout_Short,Failed Breakout Short,DLF,SHORT,651.1,651.1,689.37,593.7,555.43,2.5,57,69.0,Realty,ACCUMULATION,4,CAUTION,STOPPED,2026-07-10,689.37,Stop Loss Hit,-5.88,61.5,MODERATE,OK
2026-07-07,13:11,Failed_Breakout_Short,Failed Breakout Short,OBEROIRLTY,SHORT,1906.4,1906.4,2000.25,1765.63,1671.78,2.5,62,71.0,Realty,ACCUMULATION,4,CAUTION,EXPIRED,2026-08-03,1861.1,Expired (27d > 25d),2.38,58.2,MODERATE,OK
2026-07-07,13:11,Failed_Breakout_Short,Failed Breakout Short,ADANIENT,SHORT,3107.2,3107.2,3271.63,2860.55,2696.12,2.5,57,100.0,Metals & Mining,ACCUMULATION,4,CAUTION,EXPIRED,2026-08-03,3068.0,Expired (27d > 25d),1.26,53.6,MODERATE,OK
2026-07-07,13:11,Failed_Breakout_Short,Failed Breakout Short,DIVISLAB,SHORT,6771.5,6771.5,6996.11,6434.59,6209.98,2.5,57,68.0,Healthcare,ACCUMULATION,4,CAUTION,STOPPED,2026-07-14,6996.11,Stop Loss Hit,-3.32,51.2,MODERATE,OK
2026-07-07,13:11,Failed_Breakout_Short,Failed Breakout Short,ICICIBANK,SHORT,1414.7,1414.7,1439.92,1376.87,1351.65,2.5,62,58.0,Financial Services,ACCUMULATION,4,CAUTION,TARGET,2026-07-08,1376.87,Target 1 Hit,2.67,48.2,WEAK,OK
2026-07-07,13:11,Failed_Breakout_Short,Failed Breakout Short,CANFINHOME,SHORT,909.8,909.8,934.48,872.78,868.47,1.7,57,56.0,Financial Services,ACCUMULATION,4,CAUTION,STOPPED,2026-07-13,934.48,Stop Loss Hit,-2.71,47.3,WEAK,OK
2026-07-07,16:02,EMA21_Bounce,21 EMA Bounce,TATATECH,BUY,726.55,726.55,698.91,768.01,795.65,2.5,60,100.0,Information Technology,ACCUMULATION,4,CAUTION,STOPPED,2026-07-09,698.91,Stop Loss Hit,-3.8,74.0,STRONG,OK
2026-07-07,16:02,EMA21_Bounce,21 EMA Bounce,JINDALSAW,BUY,261.55,261.55,251.47,276.67,286.75,2.5,60,98.0,Capital Goods,ACCUMULATION,4,CAUTION,STOPPED,2026-07-08,251.47,Stop Loss Hit,-3.85,68.6,STRONG,OK
2026-07-07,16:02,EMA21_Bounce,21 EMA Bounce,FLUOROCHEM,BUY,3960.5,3960.5,3755.93,4267.36,4399.28,2.1,55,77.0,Chemicals,ACCUMULATION,4,CAUTION,TARGET,2026-07-20,4267.36,Target 1 Hit,7.75,65.8,STRONG,OK
2026-07-07,16:02,EMA21_Bounce,21 EMA Bounce,LGEINDIA,BUY,1572.3,1572.3,1532.19,1632.46,1640.22,1.7,60,57.0,Consumer Durables,ACCUMULATION,4,CAUTION,STOPPED,2026-07-14,1532.19,Stop Loss Hit,-2.55,64.8,MODERATE,OK
2026-07-07,16:02,EMA21_Bounce,21 EMA Bounce,TATACAP,BUY,352.6,352.6,340.9,374.0,379.95,2.3,60,54.0,Financial Services,ACCUMULATION,4,CAUTION,STOPPED,2026-07-08,340.9,Stop Loss Hit,-3.32,61.3,MODERATE,OK
2026-07-07,16:02,EMA21_Bounce,21 EMA Bounce,SHYAMMETL,BUY,961.6,961.6,938.88,995.68,1018.4,2.5,60,69.0,Capital Goods,ACCUMULATION,4,CAUTION,STOPPED,2026-07-08,938.88,Stop Loss Hit,-2.36,60.8,MODERATE,OK
2026-07-07,16:02,EMA21_Bounce,21 EMA Bounce,NIVABUPA,BUY,86.5,86.5,84.08,90.13,92.55,2.5,55,73.0,Financial Services,ACCUMULATION,4,CAUTION,STOPPED,2026-07-22,84.08,Stop Loss Hit,-2.8,58.7,MODERATE,OK
2026-07-07,16:02,EMA21_Bounce,21 EMA Bounce,RBLBANK,BUY,375.1,375.1,359.58,398.38,413.9,2.5,60,74.0,Financial Services,ACCUMULATION,4,CAUTION,STOPPED,2026-07-08,359.58,Stop Loss Hit,-4.14,56.5,MODERATE,OK
2026-07-07,16:02,EMA21_Bounce,21 EMA Bounce,EMCURE,BUY,1843.5,1843.5,1779.33,1944.0,2057.58,3.3,55,67.0,Healthcare,ACCUMULATION,4,CAUTION,STOPPED,2026-07-17,1779.33,Stop Loss Hit,-3.48,55.9,MODERATE,OK
2026-07-07,16:02,EMA21_Bounce,21 EMA Bounce,CANHLIFE,BUY,143.05,143.05,137.51,151.36,156.9,2.5,60,33.0,Financial Services,ACCUMULATION,4,CAUTION,TARGET,2026-07-13,151.36,Target 1 Hit,5.81,44.9,WEAK,OK
2026-07-07,16:02,52WH_Breakout,52-Week High Breakout,ADANIENSOL,BUY,1651.0,1651.0,1625.66,1951.22,2437.02,8.0,57,100.0,Power,ACCUMULATION,4,CAUTION,STOPPED,2026-07-09,1625.66,Stop Loss Hit,-1.53,79.6,STRONG,OK
2026-07-07,16:02,52WH_Breakout,52-Week High Breakout,PNBHOUSING,BUY,1109.7,1109.7,1079.07,1268.93,1526.58,8.0,67,95.0,Financial Services,ACCUMULATION,4,CAUTION,STOPPED,2026-07-08,1079.07,Stop Loss Hit,-2.76,78.8,STRONG,OK
2026-07-07,16:02,52WH_Breakout,52-Week High Breakout,JBCHEPHARM,BUY,2422.0,2422.0,2370.63,2713.49,3185.15,8.0,67,84.0,Healthcare,ACCUMULATION,4,CAUTION,EXPIRED,2026-07-23,2408.9,Expired (27d > 25d),-0.54,76.7,STRONG,OK
2026-07-07,16:02,Last30Min_ATH,Near 52W High (EOD),GLAND,BUY,2550.0,2550.0,2463.3,3073.51,3920.61,8.0,60,100.0,Healthcare,ACCUMULATION,4,CAUTION,STOPPED,2026-07-08,2463.3,Stop Loss Hit,-3.4,85.5,ELITE,OK
2026-07-07,16:02,Last30Min_ATH,Near 52W High (EOD),ADANIENSOL,BUY,1651.0,1651.0,1616.0,1951.22,2437.02,8.0,64,100.0,Power,ACCUMULATION,4,CAUTION,STOPPED,2026-07-09,1616.0,Stop Loss Hit,-2.12,84.0,ELITE,OK
2026-07-07,16:02,Last30Min_ATH,Near 52W High (EOD),PNBHOUSING,BUY,1109.7,1109.7,1075.7,1268.93,1526.58,8.0,64,95.0,Financial Services,ACCUMULATION,4,CAUTION,STOPPED,2026-07-08,1075.7,Stop Loss Hit,-3.06,83.2,ELITE,OK
2026-07-07,16:02,Last30Min_ATH,Near 52W High (EOD),JBCHEPHARM,BUY,2422.0,2422.0,2390.0,2713.49,3185.15,8.0,64,84.0,Healthcare,ACCUMULATION,4,CAUTION,STOPPED,2026-07-10,2390.0,Stop Loss Hit,-1.32,81.0,ELITE,OK
2026-07-07,16:02,Last30Min_ATH,Near 52W High (EOD),IKS,BUY,1890.5,1890.5,1832.0,2188.68,2671.18,8.0,60,93.0,Information Technology,ACCUMULATION,4,CAUTION,STOPPED,2026-07-08,1832.0,Stop Loss Hit,-3.09,74.8,STRONG,OK
2026-07-07,16:02,Failed_Breakout_Short,Failed Breakout Short,CREDITACC,SHORT,1582.2,1582.2,1622.6,1521.6,1481.2,2.5,62,94.0,Financial Services,ACCUMULATION,4,CAUTION,TARGET,2026-07-13,1521.6,Target 1 Hit,3.83,58.6,MODERATE,OK
2026-07-07,16:02,Failed_Breakout_Short,Failed Breakout Short,SOBHA,SHORT,1454.2,1454.2,1499.96,1385.56,1339.8,2.5,57,61.0,Realty,ACCUMULATION,4,CAUTION,STOPPED,2026-07-10,1499.96,Stop Loss Hit,-3.15,55.7,MODERATE,OK
2026-07-07,16:02,Failed_Breakout_Short,Failed Breakout Short,KIMS,SHORT,805.65,805.65,864.48,717.4,658.57,2.5,57,81.0,Healthcare,ACCUMULATION,4,CAUTION,EXPIRED,2026-08-03,820.6,Expired (27d > 25d),-1.86,54.3,MODERATE,OK
2026-07-07,16:02,Failed_Breakout_Short,Failed Breakout Short,ACUTAAS,SHORT,3391.0,3391.0,3781.23,2805.66,2415.43,2.5,62,100.0,Healthcare,ACCUMULATION,4,CAUTION,EXPIRED,2026-08-03,3116.4,Expired (27d > 25d),8.1,53.6,MODERATE,OK
2026-07-07,16:02,Failed_Breakout_Short,Failed Breakout Short,JUBLINGREA,SHORT,682.95,682.95,700.95,654.75,629.46,3.0,57,51.0,Chemicals,ACCUMULATION,4,CAUTION,STOPPED,2026-07-09,700.95,Stop Loss Hit,-2.64,40.8,WEAK,OK
2026-07-08,12:13,VCP,VCP (Minervini v2),APOLLOHOSP,BUY,8753.5,8950.0,8345.06,9857.41,11279.92,3.9,44,77.0,Healthcare,DISTRIBUTION,0,BLOCKED,EXPIRED,2026-08-03,8820.0,Expired (26d > 25d),-1.45,38.2,WEAK,OK
2026-07-08,12:13,VCP,VCP (Minervini v2),FEDERALBNK,BUY,326.55,334.3,316.61,369.65,426.85,5.2,47,67.0,Financial Services,DISTRIBUTION,0,BLOCKED,TARGET,2026-08-03,369.65,Target 1 Hit,10.57,33.1,WEAK,OK
2026-07-08,12:13,EMA21_Bounce,21 EMA Bounce,EICHERMOT,BUY,7418.5,7418.5,7258.75,7720.5,7754.0,2.1,50,43.0,Automobile and Auto Components,DISTRIBUTION,0,BLOCKED,STOPPED,2026-07-14,7258.75,Stop Loss Hit,-2.15,33.7,WEAK,OK
2026-07-08,12:13,EMA21_Bounce,21 EMA Bounce,BAJAJ-AUTO,BUY,10164.0,10164.0,9881.01,10588.48,10871.47,2.5,50,53.0,Automobile and Auto Components,DISTRIBUTION,0,BLOCKED,TARGET,2026-07-22,10588.48,Target 1 Hit,4.18,32.1,WEAK,OK
2026-07-08,12:13,Last30Min_ATH,Near 52W High (EOD),EXIDEIND,BUY,421.35,421.35,412.15,435.15,481.82,6.6,39,100.0,Automobile and Auto Components,DISTRIBUTION,0,BLOCKED,TARGET,2026-07-17,435.15,Target 1 Hit,3.28,46.4,WEAK,OK
2026-07-08,12:13,Failed_Breakout_Short,Failed Breakout Short,INDUSINDBK,SHORT,994.65,994.65,1045.77,917.97,866.85,2.5,72,83.0,Financial Services,DISTRIBUTION,0,IDEAL,STOPPED,2026-07-21,1045.77,Stop Loss Hit,-5.14,68.8,STRONG,OK
2026-07-08,12:13,Failed_Breakout_Short,Failed Breakout Short,GODREJPROP,SHORT,1979.5,1979.5,2090.23,1813.4,1702.67,2.5,77,74.0,Realty,DISTRIBUTION,0,IDEAL,STOPPED,2026-07-10,2090.23,Stop Loss Hit,-5.59,64.8,MODERATE,OK
2026-07-08,12:13,Failed_Breakout_Short,Failed Breakout Short,UNITDSPR,SHORT,1408.8,1408.8,1438.95,1363.57,1333.42,2.5,75,67.0,Fast Moving Consumer Goods,DISTRIBUTION,0,IDEAL,TARGET,2026-07-16,1363.57,Target 1 Hit,3.21,62.2,MODERATE,OK
2026-07-08,12:13,Failed_Breakout_Short,Failed Breakout Short,SONACOMS,SHORT,662.05,662.05,685.82,626.39,602.62,2.5,77,83.0,Automobile and Auto Components,DISTRIBUTION,0,IDEAL,STOPPED,2026-07-16,685.82,Stop Loss Hit,-3.59,59.7,MODERATE,OK
2026-07-08,12:13,Failed_Breakout_Short,Failed Breakout Short,SUNDARMFIN,SHORT,4653.5,4653.5,4847.91,4361.88,4167.47,2.5,77,33.0,Financial Services,DISTRIBUTION,0,IDEAL,TARGET,2026-07-23,4361.88,Target 1 Hit,6.27,55.6,MODERATE,OK
2026-07-08,12:13,Failed_Breakout_Short,Failed Breakout Short,SUNPHARMA,SHORT,1888.2,1888.2,1938.27,1813.1,1763.03,2.5,77,72.0,Healthcare,DISTRIBUTION,0,IDEAL,STOPPED,2026-07-09,1938.27,Stop Loss Hit,-2.65,55.1,MODERATE,OK
2026-07-08,12:13,Failed_Breakout_Short,Failed Breakout Short,GMRAIRPORT,SHORT,111.01,111.01,116.42,102.9,97.49,2.5,72,77.0,Services,DISTRIBUTION,0,IDEAL,EXPIRED,2026-08-03,105.55,Expired (26d > 25d),4.92,53.7,MODERATE,OK
2026-07-08,12:13,Failed_Breakout_Short,Failed Breakout Short,SHRIRAMFIN,SHORT,1014.4,1014.4,1094.97,893.54,812.97,2.5,72,42.0,Financial Services,DISTRIBUTION,0,IDEAL,STOPPED,2026-08-03,1094.97,Stop Loss Hit,-7.94,53.4,MODERATE,OK
2026-07-08,12:13,Failed_Breakout_Short,Failed Breakout Short,HDFCBANK,SHORT,810.3,810.3,847.43,754.6,717.47,2.5,72,47.0,Financial Services,DISTRIBUTION,0,IDEAL,TARGET,2026-07-22,754.6,Target 1 Hit,6.87,52.5,MODERATE,OK
2026-07-08,12:13,Failed_Breakout_Short,Failed Breakout Short,DIVISLAB,SHORT,6755.0,6755.0,6996.67,6392.5,6150.83,2.5,72,70.0,Healthcare,DISTRIBUTION,0,IDEAL,STOPPED,2026-07-14,6996.67,Stop Loss Hit,-3.58,52.1,MODERATE,OK
2026-07-08,12:13,Failed_Breakout_Short,Failed Breakout Short,JUBLFOOD,SHORT,429.2,429.2,461.34,380.99,348.85,2.5,75,36.0,Consumer Services,DISTRIBUTION,0,IDEAL,STOPPED,2026-08-03,461.34,Stop Loss Hit,-7.49,51.3,MODERATE,OK
2026-07-08,12:13,Failed_Breakout_Short,Failed Breakout Short,HAVELLS,SHORT,1207.8,1207.8,1241.45,1157.32,1123.67,2.5,75,33.0,Consumer Durables,DISTRIBUTION,0,IDEAL,TARGET,2026-07-17,1157.32,Target 1 Hit,4.18,51.3,MODERATE,OK
2026-07-08,12:13,Failed_Breakout_Short,Failed Breakout Short,LUPIN,SHORT,2459.0,2459.0,2541.51,2335.23,2252.72,2.5,77,54.0,Healthcare,DISTRIBUTION,0,IDEAL,EXPIRED,2026-08-03,2393.0,Expired (26d > 25d),2.68,50.9,MODERATE,OK
2026-07-08,12:13,Failed_Breakout_Short,Failed Breakout Short,NESTLEIND,SHORT,1450.5,1450.5,1491.23,1389.4,1348.67,2.5,72,76.0,Fast Moving Consumer Goods,DISTRIBUTION,0,IDEAL,STOPPED,2026-07-22,1491.23,Stop Loss Hit,-2.81,50.3,MODERATE,OK
2026-07-08,12:13,Failed_Breakout_Short,Failed Breakout Short,APOLLOHOSP,SHORT,8753.5,8753.5,8988.58,8400.88,8165.8,2.5,77,77.0,Healthcare,DISTRIBUTION,0,IDEAL,STOPPED,2026-07-15,8988.58,Stop Loss Hit,-2.69,50.0,MODERATE,OK
2026-07-08,12:13,Failed_Breakout_Short,Failed Breakout Short,SBILIFE,SHORT,1789.0,1789.0,1859.15,1683.78,1613.63,2.5,72,29.0,Financial Services,DISTRIBUTION,0,IDEAL,STOPPED,2026-07-10,1859.15,Stop Loss Hit,-3.92,43.6,WEAK,OK
2026-07-08,15:43,EMA21_Bounce,21 EMA Bounce,HONAUT,BUY,38045.0,38045.0,36881.96,40480.0,41145.0,2.7,50,100.0,Capital Goods,DISTRIBUTION,0,BLOCKED,EXPIRED,2026-07-24,37345.0,Expired (16d > 15d),-1.84,58.0,MODERATE,OK
2026-07-08,15:43,EMA21_Bounce,21 EMA Bounce,JINDALSAW,BUY,259.65,259.65,244.86,281.83,296.62,2.5,45,99.0,Capital Goods,DISTRIBUTION,0,BLOCKED,EXPIRED,2026-07-24,255.35,Expired (16d > 15d),-1.66,54.4,MODERATE,OK
2026-07-08,15:43,EMA21_Bounce,21 EMA Bounce,CPPLUS,BUY,3554.6,3554.6,3404.97,3779.04,3928.67,2.5,50,100.0,Capital Goods,DISTRIBUTION,0,BLOCKED,TARGET,2026-07-16,3779.04,Target 1 Hit,6.31,53.9,MODERATE,OK
2026-07-08,15:43,EMA21_Bounce,21 EMA Bounce,ENDURANCE,BUY,2669.7,2669.7,2599.91,2774.38,2789.0,1.7,50,63.0,Automobile and Auto Components,DISTRIBUTION,0,BLOCKED,TARGET,2026-07-16,2774.38,Target 1 Hit,3.92,53.5,MODERATE,OK
2026-07-08,15:43,EMA21_Bounce,21 EMA Bounce,SYRMA,BUY,1366.2,1366.2,1304.69,1458.46,1517.7,2.5,50,100.0,Capital Goods,DISTRIBUTION,0,BLOCKED,STOPPED,2026-07-24,1304.69,Stop Loss Hit,-4.5,52.6,MODERATE,OK
2026-07-08,15:43,EMA21_Bounce,21 EMA Bounce,KIMS,BUY,805.95,805.95,778.78,846.71,858.0,1.9,50,86.0,Healthcare,DISTRIBUTION,0,BLOCKED,STOPPED,2026-07-22,778.78,Stop Loss Hit,-3.37,51.4,MODERATE,OK
2026-07-08,15:43,EMA21_Bounce,21 EMA Bounce,ACMESOLAR,BUY,365.25,365.25,352.51,398.15,425.57,4.7,45,100.0,Power,DISTRIBUTION,0,BLOCKED,TARGET,2026-07-14,398.15,Target 1 Hit,9.01,51.1,MODERATE,OK
2026-07-08,15:43,EMA21_Bounce,21 EMA Bounce,RAINBOW,BUY,1431.1,1431.1,1387.19,1496.96,1540.87,2.5,45,72.0,Healthcare,DISTRIBUTION,0,BLOCKED,TARGET,2026-07-09,1496.96,Target 1 Hit,4.6,43.0,WEAK,OK
2026-07-08,15:43,EMA21_Bounce,21 EMA Bounce,CCL,BUY,1181.2,1181.2,1143.51,1237.74,1275.43,2.5,45,63.0,Fast Moving Consumer Goods,DISTRIBUTION,0,BLOCKED,TARGET,2026-07-13,1237.74,Target 1 Hit,4.79,38.7,WEAK,OK
2026-07-08,15:43,52WH_Breakout,52-Week High Breakout,JBCHEPHARM,BUY,2435.8,2435.8,2405.7,2480.95,2735.82,8.0,42,87.0,Healthcare,DISTRIBUTION,0,BLOCKED,STOPPED,2026-07-10,2405.7,Stop Loss Hit,-1.24,47.6,WEAK,OK
2026-07-08,15:43,52WH_Breakout,52-Week High Breakout,ATHERENERG,BUY,1200.0,1200.0,1153.46,1269.81,1425.17,4.8,37,100.0,Automobile and Auto Components,DISTRIBUTION,0,BLOCKED,TARGET,2026-07-15,1269.81,Target 1 Hit,5.82,43.4,WEAK,OK
2026-07-08,15:43,Failed_Breakout_Short,Failed Breakout Short,AEGISVOPAK,SHORT,276.61,276.61,303.5,236.28,209.39,2.5,77,100.0,Oil Gas & Consumable Fuels,DISTRIBUTION,0,IDEAL,STOPPED,2026-07-13,303.5,Stop Loss Hit,-9.72,66.1,STRONG,OK
2026-07-08,15:43,Failed_Breakout_Short,Failed Breakout Short,CEATLTD,SHORT,3858.6,3858.6,4015.82,3622.77,3465.55,2.5,77,56.0,Automobile and Auto Components,DISTRIBUTION,0,IDEAL,TARGET,2026-07-17,3622.77,Target 1 Hit,6.11,60.0,MODERATE,OK
2026-07-08,15:43,Failed_Breakout_Short,Failed Breakout Short,LTF,SHORT,314.3,314.3,341.38,273.68,246.6,2.5,77,72.0,Financial Services,DISTRIBUTION,0,IDEAL,EXPIRED,2026-08-03,318.0,Expired (26d > 25d),-1.18,59.9,MODERATE,OK
2026-07-08,15:43,Failed_Breakout_Short,Failed Breakout Short,GRAVITA,SHORT,1727.9,1727.9,1839.42,1560.62,1449.1,2.5,75,65.0,Metals & Mining,DISTRIBUTION,0,IDEAL,STOPPED,2026-07-09,1839.42,Stop Loss Hit,-6.45,59.7,MODERATE,OK
2026-07-08,15:43,Failed_Breakout_Short,Failed Breakout Short,CGCL,SHORT,237.06,237.06,249.08,219.03,207.01,2.5,80,100.0,Financial Services,DISTRIBUTION,0,IDEAL,STOPPED,2026-07-09,249.08,Stop Loss Hit,-5.07,59.5,MODERATE,OK
2026-07-08,15:43,Failed_Breakout_Short,Failed Breakout Short,ETERNAL,SHORT,286.7,286.7,298.85,268.47,256.32,2.5,77,82.0,Consumer Services,DISTRIBUTION,0,IDEAL,STOPPED,2026-07-09,298.85,Stop Loss Hit,-4.24,58.8,MODERATE,OK
2026-07-08,15:43,Failed_Breakout_Short,Failed Breakout Short,GRANULES,SHORT,859.55,859.55,886.29,819.44,792.7,2.5,77,100.0,Healthcare,DISTRIBUTION,0,IDEAL,STOPPED,2026-07-09,886.29,Stop Loss Hit,-3.11,58.5,MODERATE,OK
2026-07-08,15:43,Failed_Breakout_Short,Failed Breakout Short,PAYTM,SHORT,1223.4,1223.4,1262.96,1164.06,1124.5,2.5,77,61.0,Financial Services,DISTRIBUTION,0,IDEAL,STOPPED,2026-07-09,1262.96,Stop Loss Hit,-3.23,55.5,MODERATE,OK
2026-07-08,15:43,Failed_Breakout_Short,Failed Breakout Short,PNBHOUSING,SHORT,1072.2,1072.2,1123.08,995.88,945.0,2.5,77,91.0,Financial Services,DISTRIBUTION,0,IDEAL,STOPPED,2026-07-13,1123.08,Stop Loss Hit,-4.75,54.8,MODERATE,OK
2026-07-08,15:43,Failed_Breakout_Short,Failed Breakout Short,GLAND,SHORT,2495.8,2495.8,2596.41,2344.89,2244.28,2.5,77,100.0,Healthcare,DISTRIBUTION,0,IDEAL,EXPIRED,2026-08-03,2579.2,Expired (26d > 25d),-3.34,54.6,MODERATE,OK
2026-07-08,15:43,Failed_Breakout_Short,Failed Breakout Short,CUB,SHORT,220.08,220.08,233.99,199.22,185.31,2.5,77,72.0,Financial Services,DISTRIBUTION,0,IDEAL,STOPPED,2026-07-21,233.99,Stop Loss Hit,-6.32,54.4,MODERATE,OK
2026-07-08,15:43,Failed_Breakout_Short,Failed Breakout Short,JKTYRE,SHORT,397.05,397.05,428.44,349.96,318.57,2.5,72,27.0,Automobile and Auto Components,DISTRIBUTION,0,IDEAL,EXPIRED,2026-08-03,410.3,Expired (26d > 25d),-3.34,49.4,WEAK,OK
2026-07-08,15:43,Failed_Breakout_Short,Failed Breakout Short,CANHLIFE,SHORT,141.89,141.89,145.88,135.9,131.91,2.5,75,39.0,Financial Services,DISTRIBUTION,0,IDEAL,STOPPED,2026-07-13,145.88,Stop Loss Hit,-2.81,46.4,WEAK,OK
2026-07-08,15:43,Failed_Breakout_Short,Failed Breakout Short,MPHASIS,SHORT,2241.9,2241.9,2362.11,2061.58,1941.37,2.5,72,41.0,Information Technology,DISTRIBUTION,0,IDEAL,STOPPED,2026-07-10,2362.11,Stop Loss Hit,-5.36,41.3,WEAK,OK
2026-07-09,13:43,VCP,VCP (Minervini v2),FEDERALBNK,BUY,327.75,334.3,316.61,369.65,426.85,5.2,47,78.0,Financial Services,DISTRIBUTION,0,BLOCKED,TARGET,2026-08-03,369.65,Target 1 Hit,10.57,33.5,WEAK,OK
2026-07-09,13:43,EMA21_Bounce,21 EMA Bounce,ADANIENT,BUY,3083.6,3083.6,2980.58,3245.0,3638.86,5.4,50,100.0,Metals & Mining,DISTRIBUTION,0,BLOCKED,EXPIRED,2026-07-27,3036.6,Expired (18d > 15d),-1.52,55.1,MODERATE,OK
2026-07-09,13:43,EMA21_Bounce,21 EMA Bounce,NAVINFLUOR,BUY,7689.0,7689.0,7288.23,8290.16,8690.93,2.5,50,97.0,Chemicals,DISTRIBUTION,0,BLOCKED,EXPIRED,2026-07-27,7711.0,Expired (18d > 15d),0.29,53.5,MODERATE,OK
2026-07-09,13:43,EMA21_Bounce,21 EMA Bounce,PIDILITIND,BUY,1590.4,1590.4,1550.69,1649.96,1753.8,4.1,50,90.0,Chemicals,DISTRIBUTION,0,BLOCKED,STOPPED,2026-07-14,1550.69,Stop Loss Hit,-2.5,51.6,MODERATE,OK
2026-07-09,13:43,EMA21_Bounce,21 EMA Bounce,NIACL,BUY,183.62,183.62,174.93,196.66,207.18,2.7,45,64.0,Financial Services,DISTRIBUTION,0,BLOCKED,STOPPED,2026-07-17,174.93,Stop Loss Hit,-4.73,50.5,MODERATE,OK
2026-07-09,13:43,EMA21_Bounce,21 EMA Bounce,SHRIRAMFIN,BUY,1031.7,1031.7,1001.61,1076.84,1087.3,1.8,45,57.0,Financial Services,DISTRIBUTION,0,BLOCKED,TARGET,2026-07-23,1076.84,Target 1 Hit,4.38,49.7,WEAK,OK
2026-07-09,13:43,EMA21_Bounce,21 EMA Bounce,HDFCAMC,BUY,2737.1,2737.1,2628.13,2900.55,3009.52,2.5,55,70.0,Financial Services,DISTRIBUTION,0,BLOCKED,STOPPED,2026-07-16,2628.13,Stop Loss Hit,-3.98,47.1,WEAK,OK
2026-07-09,13:43,EMA21_Bounce,21 EMA Bounce,GRASIM,BUY,3191.9,3191.9,3110.28,3500.65,4000.25,8.0,55,86.0,Construction Materials,DISTRIBUTION,0,BLOCKED,STOPPED,2026-07-14,3110.28,Stop Loss Hit,-2.56,46.8,WEAK,OK
2026-07-09,13:43,EMA21_Bounce,21 EMA Bounce,GLENMARK,BUY,2267.2,2267.2,2186.45,2388.32,2469.07,2.5,50,57.0,Healthcare,DISTRIBUTION,0,BLOCKED,STOPPED,2026-07-22,2186.45,Stop Loss Hit,-3.56,45.4,WEAK,OK
2026-07-09,13:43,EMA21_Bounce,21 EMA Bounce,METROPOLIS,BUY,560.05,560.05,536.72,595.04,618.37,2.5,50,93.0,Pharma,DISTRIBUTION,0,BLOCKED,EXPIRED,2026-07-27,577.35,Expired (18d > 15d),3.09,43.3,WEAK,OK
2026-07-09,13:43,EMA21_Bounce,21 EMA Bounce,AUBANK,BUY,1047.4,1047.4,1022.0,1085.5,1110.9,2.5,50,64.0,Financial Services,DISTRIBUTION,0,BLOCKED,STOPPED,2026-07-17,1022.0,Stop Loss Hit,-2.43,38.9,WEAK,OK
2026-07-09,13:43,EMA21_Bounce,21 EMA Bounce,DIVISLAB,BUY,6813.0,6813.0,6645.8,7063.8,7231.0,2.5,50,73.0,Healthcare,DISTRIBUTION,0,BLOCKED,TARGET,2026-07-14,7063.8,Target 1 Hit,3.68,38.3,WEAK,OK
2026-07-09,13:43,52WH_Breakout,52-Week High Breakout,SUNPHARMA,BUY,1938.7,1938.7,1913.39,2142.22,2471.54,8.0,37,86.0,Healthcare,DISTRIBUTION,0,BLOCKED,STOPPED,2026-07-13,1913.39,Stop Loss Hit,-1.31,46.3,WEAK,OK
2026-07-09,13:43,Last30Min_ATH,Near 52W High (EOD),APOLLOHOSP,BUY,8845.5,8845.5,8756.5,8979.0,9667.75,8.0,39,86.0,Healthcare,DISTRIBUTION,0,BLOCKED,STOPPED,2026-07-14,8756.5,Stop Loss Hit,-1.01,48.0,WEAK,OK
2026-07-09,13:43,Last30Min_ATH,Near 52W High (EOD),SUNPHARMA,BUY,1938.7,1938.7,1888.2,2142.22,2471.54,8.0,39,86.0,Healthcare,DISTRIBUTION,0,BLOCKED,EXPIRED,2026-07-27,1973.7,Expired (18d > 15d),1.81,47.6,WEAK,OK
2026-07-09,13:43,Last30Min_ATH,Near 52W High (EOD),GRASIM,BUY,3191.9,3191.9,3136.3,3500.65,4000.25,8.0,39,86.0,Construction Materials,DISTRIBUTION,0,BLOCKED,STOPPED,2026-07-13,3136.3,Stop Loss Hit,-1.74,39.4,WEAK,OK
2026-07-09,13:43,Failed_Breakout_Short,Failed Breakout Short,HAVELLS,SHORT,1190.8,1190.8,1241.76,1114.36,1063.4,2.5,75,38.0,Consumer Durables,DISTRIBUTION,0,IDEAL,STOPPED,2026-07-27,1241.76,Stop Loss Hit,-4.28,52.1,MODERATE,OK
2026-07-09,16:13,VCP,VCP (Minervini v2),SAILIFE,BUY,1234.4,1260.0,1179.27,1455.29,1771.29,6.3,49,99.0,Healthcare,DISTRIBUTION,0,BLOCKED,EXPIRED,2026-08-04,1366.4,Expired (26d > 25d),8.44,42.9,WEAK,OK
2026-07-09,16:13,VCP,VCP (Minervini v2),KAJARIACER,BUY,1215.0,1232.9,1141.46,1370.06,1461.5,2.5,45,67.0,Consumer Durables,DISTRIBUTION,0,BLOCKED,EXPIRED,2026-08-04,1197.8,Expired (26d > 25d),-2.85,31.8,WEAK,OK
2026-07-09,16:13,EMA21_Bounce,21 EMA Bounce,SAREGAMA,BUY,476.1,476.1,440.39,529.67,565.38,2.5,55,100.0,Media Entertainment & Publication,DISTRIBUTION,0,BLOCKED,EXPIRED,2026-07-27,514.85,Expired (18d > 15d),8.14,58.1,MODERATE,OK
2026-07-09,16:13,EMA21_Bounce,21 EMA Bounce,HONAUT,BUY,38015.0,38015.0,37418.36,40480.0,41075.0,5.1,50,100.0,Capital Goods,DISTRIBUTION,0,BLOCKED,STOPPED,2026-07-24,37418.36,Stop Loss Hit,-1.57,56.4,MODERATE,OK
2026-07-09,16:13,EMA21_Bounce,21 EMA Bounce,AJANTPHARM,BUY,3307.6,3307.6,3175.29,3506.9,3657.88,2.6,45,79.0,Healthcare,DISTRIBUTION,0,BLOCKED,TARGET,2026-07-21,3506.9,Target 1 Hit,6.03,55.4,MODERATE,OK
2026-07-09,16:13,EMA21_Bounce,21 EMA Bounce,MANKIND,BUY,2532.0,2532.0,2440.65,2669.02,2760.37,2.5,45,94.0,Healthcare,DISTRIBUTION,0,BLOCKED,EXPIRED,2026-07-27,2551.6,Expired (18d > 15d),0.77,54.6,MODERATE,OK
2026-07-09,16:13,EMA21_Bounce,21 EMA Bounce,BHARATFORG,BUY,2130.6,2130.6,2050.83,2250.26,2330.03,2.5,45,88.0,Automobile and Auto Components,DISTRIBUTION,0,BLOCKED,EXPIRED,2026-07-27,2181.3,Expired (18d > 15d),2.38,53.5,MODERATE,OK
2026-07-09,16:13,EMA21_Bounce,21 EMA Bounce,ACUTAAS,BUY,3458.8,3458.8,3297.37,3740.0,4159.24,4.3,45,100.0,Healthcare,DISTRIBUTION,0,BLOCKED,STOPPED,2026-07-24,3297.37,Stop Loss Hit,-4.67,53.1,MODERATE,OK
2026-07-09,16:13,EMA21_Bounce,21 EMA Bounce,MOTILALOFS,BUY,942.5,942.5,899.18,1007.48,1050.8,2.5,55,99.0,Financial Services,DISTRIBUTION,0,BLOCKED,STOPPED,2026-07-24,899.18,Stop Loss Hit,-4.6,52.8,MODERATE,OK
2026-07-09,16:13,EMA21_Bounce,21 EMA Bounce,IFCI,BUY,76.66,76.66,72.93,82.25,83.44,1.8,45,100.0,Financial Services,DISTRIBUTION,0,BLOCKED,STOPPED,2026-07-17,72.93,Stop Loss Hit,-4.87,52.6,MODERATE,OK
2026-07-09,16:13,EMA21_Bounce,21 EMA Bounce,LGEINDIA,BUY,1563.8,1563.8,1528.2,1617.2,1652.8,2.5,45,59.0,Consumer Durables,DISTRIBUTION,0,BLOCKED,STOPPED,2026-07-14,1528.2,Stop Loss Hit,-2.28,51.9,MODERATE,OK
2026-07-09,16:13,EMA21_Bounce,21 EMA Bounce,KIMS,BUY,813.75,813.75,790.8,858.0,918.47,4.6,50,98.0,Healthcare,DISTRIBUTION,0,BLOCKED,STOPPED,2026-07-20,790.8,Stop Loss Hit,-2.82,51.7,MODERATE,OK
2026-07-09,16:13,EMA21_Bounce,21 EMA Bounce,ENDURANCE,BUY,2706.8,2706.8,2610.94,2850.59,2946.45,2.5,45,77.0,Automobile and Auto Components,DISTRIBUTION,0,BLOCKED,STOPPED,2026-07-24,2610.94,Stop Loss Hit,-3.54,51.5,MODERATE,OK
2026-07-09,16:13,EMA21_Bounce,21 EMA Bounce,TMCV,BUY,419.85,419.85,407.83,437.88,449.9,2.5,50,48.0,Capital Goods,DISTRIBUTION,0,BLOCKED,STOPPED,2026-07-17,407.83,Stop Loss Hit,-2.86,51.4,MODERATE,OK
2026-07-09,16:13,EMA21_Bounce,21 EMA Bounce,CRAFTSMAN,BUY,9282.5,9282.5,8978.41,9738.64,10042.73,2.5,45,100.0,Automobile and Auto Components,DISTRIBUTION,0,BLOCKED,EXPIRED,2026-07-27,9327.0,Expired (18d > 15d),0.48,51.3,MODERATE,OK
2026-07-09,16:13,EMA21_Bounce,21 EMA Bounce,SAILIFE,BUY,1234.4,1234.4,1181.94,1313.09,1365.55,2.5,50,99.0,Healthcare,DISTRIBUTION,0,BLOCKED,EXPIRED,2026-07-27,1287.0,Expired (18d > 15d),4.26,51.2,MODERATE,OK
2026-07-09,16:13,EMA21_Bounce,21 EMA Bounce,APTUS,BUY,279.5,279.5,270.77,292.6,295.0,1.8,45,100.0,Financial Services,DISTRIBUTION,0,BLOCKED,TARGET,2026-07-13,292.6,Target 1 Hit,4.69,47.3,WEAK,OK
2026-07-09,16:13,EMA21_Bounce,21 EMA Bounce,THERMAX,BUY,4785.0,4785.0,4500.43,5211.85,5496.42,2.5,50,99.0,Capital Goods,DISTRIBUTION,0,BLOCKED,STOPPED,2026-07-14,4500.43,Stop Loss Hit,-5.95,46.9,WEAK,OK
2026-07-09,16:13,EMA21_Bounce,21 EMA Bounce,TATACAP,BUY,355.85,355.85,340.26,379.24,379.95,1.5,45,72.0,Financial Services,DISTRIBUTION,0,BLOCKED,STOPPED,2026-07-23,340.26,Stop Loss Hit,-4.38,45.7,WEAK,OK
2026-07-09,16:13,EMA21_Bounce,21 EMA Bounce,LALPATHLAB,BUY,1684.6,1684.6,1623.37,1776.44,1837.67,2.5,50,95.0,Healthcare,DISTRIBUTION,0,BLOCKED,TARGET,2026-07-15,1776.44,Target 1 Hit,5.45,45.3,WEAK,OK
2026-07-09,16:13,EMA21_Bounce,21 EMA Bounce,KPIL,BUY,1349.9,1349.9,1312.38,1406.18,1443.7,2.5,45,83.0,Construction,DISTRIBUTION,0,BLOCKED,STOPPED,2026-07-14,1312.38,Stop Loss Hit,-2.78,44.9,WEAK,OK
2026-07-09,16:13,EMA21_Bounce,21 EMA Bounce,ANGELONE,BUY,341.1,341.1,326.13,363.56,378.53,2.5,45,94.0,Financial Services,DISTRIBUTION,0,BLOCKED,STOPPED,2026-07-17,326.13,Stop Loss Hit,-4.39,44.6,WEAK,OK
2026-07-09,16:13,EMA21_Bounce,21 EMA Bounce,NH,BUY,1993.2,1993.2,1925.13,2095.3,2163.37,2.5,45,76.0,Healthcare,DISTRIBUTION,0,BLOCKED,EXPIRED,2026-07-27,2054.0,Expired (18d > 15d),3.05,42.1,WEAK,OK
2026-07-09,16:13,EMA21_Bounce,21 EMA Bounce,FLUOROCHEM,BUY,3863.6,3863.6,3775.21,3996.18,4084.57,2.5,50,81.0,Chemicals,DISTRIBUTION,0,BLOCKED,TARGET,2026-07-15,3996.18,Target 1 Hit,3.43,42.0,WEAK,OK
2026-07-09,16:13,EMA21_Bounce,21 EMA Bounce,NIVABUPA,BUY,85.74,85.74,83.67,88.84,90.91,2.5,45,83.0,Financial Services,DISTRIBUTION,0,BLOCKED,TARGET,2026-07-13,88.84,Target 1 Hit,3.62,41.8,WEAK,OK
2026-07-09,16:13,EMA21_Bounce,21 EMA Bounce,TRAVELFOOD,BUY,1315.0,1315.0,1266.64,1387.54,1435.9,2.5,45,52.0,Consumer Services,DISTRIBUTION,0,BLOCKED,STOPPED,2026-07-24,1266.64,Stop Loss Hit,-3.68,38.0,WEAK,OK
2026-07-09,16:13,EMA21_Bounce,21 EMA Bounce,USHAMART,BUY,502.2,502.2,482.92,531.12,550.4,2.5,45,81.0,Capital Goods,DISTRIBUTION,0,BLOCKED,EXPIRED,2026-07-27,502.1,Expired (18d > 15d),-0.02,34.6,WEAK,OK
2026-07-09,16:13,52WH_Breakout,52-Week High Breakout,JINDALSAW,BUY,272.3,272.3,265.85,281.98,308.32,5.6,37,100.0,Capital Goods,DISTRIBUTION,0,BLOCKED,STOPPED,2026-07-14,265.85,Stop Loss Hit,-2.37,50.8,MODERATE,OK
2026-07-09,16:13,52WH_Breakout,52-Week High Breakout,WELCORP,BUY,1601.9,1601.9,1537.77,1698.1,1937.36,5.2,42,100.0,Capital Goods,DISTRIBUTION,0,BLOCKED,TARGET,2026-07-15,1698.1,Target 1 Hit,6.01,46.4,WEAK,OK
2026-07-09,16:13,52WH_Breakout,52-Week High Breakout,CGCL,BUY,252.64,252.64,242.99,267.11,297.59,4.7,37,100.0,Financial Services,DISTRIBUTION,0,BLOCKED,STOPPED,2026-07-22,242.99,Stop Loss Hit,-3.82,43.4,WEAK,OK
2026-07-09,16:13,52WH_Breakout,52-Week High Breakout,NEULANDLAB,BUY,19542.0,19542.0,19087.0,20224.5,22792.06,7.1,37,100.0,Healthcare,DISTRIBUTION,0,BLOCKED,STOPPED,2026-07-13,19087.0,Stop Loss Hit,-2.33,43.3,WEAK,OK
2026-07-09,16:13,Last30Min_ATH,Near 52W High (EOD),DELHIVERY,BUY,515.65,515.65,505.0,531.62,569.76,5.1,35,72.0,Services,DISTRIBUTION,0,BLOCKED,STOPPED,2026-07-15,505.0,Stop Loss Hit,-2.07,32.1,WEAK,OK
2026-07-10,13:04,VCP,VCP (Minervini v2),FEDERALBNK,BUY,329.85,334.3,316.61,369.65,426.85,5.2,49,76.0,Financial Services,DISTRIBUTION,1,BLOCKED,TARGET,2026-08-03,369.65,Target 1 Hit,10.57,33.3,WEAK,OK
2026-07-10,13:04,VCP,VCP (Minervini v2),SBIN,BUY,1036.0,1059.8,1006.64,1139.54,1192.7,2.5,41,43.0,Financial Services,DISTRIBUTION,1,BLOCKED,STOPPED,2026-07-23,1006.64,Stop Loss Hit,-5.02,32.5,WEAK,OK
2026-07-10,13:04,EMA21_Bounce,21 EMA Bounce,ATGL,BUY,723.9,723.9,693.11,770.08,800.87,2.5,55,93.0,Oil Gas & Consumable Fuels,DISTRIBUTION,1,BLOCKED,STOPPED,2026-07-21,693.11,Stop Loss Hit,-4.25,57.1,MODERATE,OK
2026-07-10,13:04,EMA21_Bounce,21 EMA Bounce,ADANIGREEN,BUY,1536.6,1536.6,1471.9,1633.65,1698.35,2.5,50,100.0,Power,DISTRIBUTION,1,BLOCKED,STOPPED,2026-07-22,1471.9,Stop Loss Hit,-4.21,51.6,MODERATE,OK
2026-07-10,13:04,EMA21_Bounce,21 EMA Bounce,BIOCON,BUY,418.5,418.5,398.2,448.95,469.25,2.5,50,86.0,Healthcare,DISTRIBUTION,1,BLOCKED,EXPIRED,2026-07-27,436.25,Expired (17d > 15d),4.24,51.1,MODERATE,OK
2026-07-10,13:04,EMA21_Bounce,21 EMA Bounce,BANDHANBNK,BUY,210.0,210.0,197.23,229.16,241.93,2.5,55,88.0,Financial Services,DISTRIBUTION,1,BLOCKED,STOPPED,2026-07-22,197.23,Stop Loss Hit,-6.08,49.7,WEAK,OK
2026-07-10,13:04,EMA21_Bounce,21 EMA Bounce,HAL,BUY,4506.8,4506.8,4349.63,4742.56,4808.6,1.9,55,59.0,Capital Goods,DISTRIBUTION,1,BLOCKED,EXPIRED,2026-07-27,4619.0,Expired (17d > 15d),2.49,46.7,WEAK,OK
2026-07-10,13:04,EMA21_Bounce,21 EMA Bounce,SBIN,BUY,1036.0,1036.0,1014.31,1068.54,1090.23,2.5,50,43.0,Financial Services,DISTRIBUTION,1,BLOCKED,STOPPED,2026-07-14,1014.31,Stop Loss Hit,-2.09,42.9,WEAK,OK
2026-07-10,13:04,EMA21_Bounce,21 EMA Bounce,CUMMINSIND,BUY,5621.5,5621.5,5493.66,5813.26,5869.0,1.9,45,71.0,Capital Goods,DISTRIBUTION,1,BLOCKED,STOPPED,2026-07-14,5493.66,Stop Loss Hit,-2.27,42.0,WEAK,OK
2026-07-10,13:04,EMA21_Bounce,21 EMA Bounce,GAIL,BUY,173.73,173.73,169.43,180.18,184.48,2.5,45,69.0,Oil Gas & Consumable Fuels,DISTRIBUTION,1,BLOCKED,STOPPED,2026-07-24,169.43,Stop Loss Hit,-2.48,39.7,WEAK,OK
2026-07-10,13:04,EMA21_Bounce,21 EMA Bounce,ADANIPORTS,BUY,1828.1,1828.1,1778.99,1901.76,1950.87,2.5,50,89.0,Services,DISTRIBUTION,1,BLOCKED,STOPPED,2026-07-23,1778.99,Stop Loss Hit,-2.69,39.3,WEAK,OK
2026-07-10,13:04,EMA21_Bounce,21 EMA Bounce,FORTIS,BUY,968.0,968.0,938.06,1012.91,1042.85,2.5,50,67.0,Healthcare,DISTRIBUTION,1,BLOCKED,STOPPED,2026-07-24,938.06,Stop Loss Hit,-3.09,35.1,WEAK,OK
2026-07-10,13:04,EMA21_Bounce,21 EMA Bounce,UNIONBANK,BUY,164.51,164.51,155.67,177.77,186.61,2.5,50,26.0,Financial Services,DISTRIBUTION,1,BLOCKED,TARGET,2026-07-21,177.77,Target 1 Hit,8.06,27.5,WEAK,OK
2026-07-10,13:04,52WH_Breakout,52-Week High Breakout,OFSS,BUY,11651.0,11651.0,11173.55,14142.94,18175.21,8.0,37,100.0,Information Technology,DISTRIBUTION,1,BLOCKED,STOPPED,2026-07-22,11173.55,Stop Loss Hit,-4.1,49.4,WEAK,OK
2026-07-10,13:04,Last30Min_ATH,Near 52W High (EOD),OFSS,BUY,11651.0,11651.0,11249.0,14142.94,18175.21,8.0,39,100.0,Information Technology,DISTRIBUTION,1,BLOCKED,STOPPED,2026-07-22,11249.0,Stop Loss Hit,-3.45,50.7,MODERATE,OK
2026-07-10,13:04,Last30Min_ATH,Near 52W High (EOD),TORNTPHARM,BUY,4901.5,4901.5,4778.8,5423.38,6267.84,8.0,39,83.0,Healthcare,DISTRIBUTION,1,BLOCKED,STOPPED,2026-07-17,4778.8,Stop Loss Hit,-2.5,48.1,WEAK,OK
2026-07-10,13:04,Failed_Breakout_Short,Failed Breakout Short,DIXON,SHORT,13421.0,13421.0,14159.02,12313.97,11575.95,2.5,80,89.0,Consumer Durables,DISTRIBUTION,1,IDEAL,STOPPED,2026-07-16,14159.02,Stop Loss Hit,-5.5,64.1,MODERATE,OK
2026-07-10,15:56,VCP,VCP (Minervini v2),KAJARIACER,BUY,1218.0,1232.9,1147.23,1361.41,1447.08,2.5,45,56.0,Consumer Durables,DISTRIBUTION,1,BLOCKED,EXPIRED,2026-08-05,1185.9,Expired (26d > 25d),-3.81,30.3,WEAK,OK
2026-07-10,15:56,EMA21_Bounce,21 EMA Bounce,PIRAMALFIN,BUY,2166.9,2166.9,2078.92,2298.87,2386.85,2.5,45,96.0,Financial Services,DISTRIBUTION,1,BLOCKED,STOPPED,2026-07-17,2078.92,Stop Loss Hit,-4.06,56.4,MODERATE,OK
2026-07-10,15:56,EMA21_Bounce,21 EMA Bounce,SOLARINDS,BUY,18236.0,18236.0,16940.43,20179.36,21474.93,2.5,55,91.0,Chemicals,DISTRIBUTION,1,BLOCKED,EXPIRED,2026-07-27,18628.0,Expired (17d > 15d),2.15,54.9,MODERATE,OK
2026-07-10,15:56,EMA21_Bounce,21 EMA Bounce,SAREGAMA,BUY,479.2,479.2,459.91,508.13,527.42,2.5,50,100.0,Media Entertainment & Publication,DISTRIBUTION,1,BLOCKED,TARGET,2026-07-20,508.13,Target 1 Hit,6.04,52.6,MODERATE,OK
2026-07-10,15:56,EMA21_Bounce,21 EMA Bounce,PTCIL,BUY,17602.0,17602.0,17195.0,18212.5,18650.0,2.6,45,70.0,Capital Goods,DISTRIBUTION,1,BLOCKED,TARGET,2026-07-23,18212.5,Target 1 Hit,3.47,52.5,MODERATE,OK
2026-07-10,15:56,EMA21_Bounce,21 EMA Bounce,HSCL,BUY,660.45,660.45,641.43,688.98,693.3,1.7,50,100.0,Chemicals,DISTRIBUTION,1,BLOCKED,TARGET,2026-07-16,688.98,Target 1 Hit,4.32,49.6,WEAK,OK
2026-07-10,15:56,EMA21_Bounce,21 EMA Bounce,ABSLAMC,BUY,1146.6,1146.6,1114.31,1203.6,1224.9,2.4,45,65.0,Financial Services,DISTRIBUTION,1,BLOCKED,STOPPED,2026-07-21,1114.31,Stop Loss Hit,-2.82,43.6,WEAK,OK
2026-07-10,15:56,EMA21_Bounce,21 EMA Bounce,FLUOROCHEM,BUY,3941.5,3941.5,3808.98,4140.28,4368.54,3.2,50,80.0,Chemicals,DISTRIBUTION,1,BLOCKED,TARGET,2026-07-15,4140.28,Target 1 Hit,5.04,43.6,WEAK,OK
2026-07-10,15:56,EMA21_Bounce,21 EMA Bounce,CANHLIFE,BUY,144.03,144.03,138.67,152.07,157.43,2.5,55,43.0,Financial Services,DISTRIBUTION,1,BLOCKED,TARGET,2026-07-13,152.07,Target 1 Hit,5.58,43.2,WEAK,OK
2026-07-10,15:56,EMA21_Bounce,21 EMA Bounce,360ONE,BUY,1129.0,1129.0,1088.62,1189.57,1229.95,2.5,55,61.0,Financial Services,DISTRIBUTION,1,BLOCKED,STOPPED,2026-07-14,1088.62,Stop Loss Hit,-3.58,42.0,WEAK,OK
2026-07-10,15:56,EMA21_Bounce,21 EMA Bounce,NIVABUPA,BUY,86.51,86.51,84.42,89.65,91.74,2.5,50,79.0,Financial Services,DISTRIBUTION,1,BLOCKED,TARGET,2026-07-16,89.65,Target 1 Hit,3.63,41.1,WEAK,OK
2026-07-10,15:56,EMA21_Bounce,21 EMA Bounce,SHYAMMETL,BUY,975.1,975.1,939.22,1028.92,1064.8,2.5,50,73.0,Capital Goods,DISTRIBUTION,1,BLOCKED,TARGET,2026-07-13,1028.92,Target 1 Hit,5.52,41.0,WEAK,OK
2026-07-10,15:56,EMA21_Bounce,21 EMA Bounce,AARTIIND,BUY,484.1,484.1,462.96,515.81,536.95,2.5,50,71.0,Chemicals,DISTRIBUTION,1,BLOCKED,EXPIRED,2026-07-27,486.1,Expired (17d > 15d),0.41,40.9,WEAK,OK
2026-07-10,15:56,EMA21_Bounce,21 EMA Bounce,LLOYDSME,BUY,1799.6,1799.6,1726.17,1909.74,1983.17,2.5,55,85.0,Metals & Mining,DISTRIBUTION,1,BLOCKED,TARGET,2026-07-20,1909.74,Target 1 Hit,6.12,40.8,WEAK,OK
2026-07-10,15:56,EMA21_Bounce,21 EMA Bounce,ANGELONE,BUY,346.05,346.05,334.53,363.33,374.85,2.5,45,79.0,Financial Services,DISTRIBUTION,1,BLOCKED,STOPPED,2026-07-14,334.53,Stop Loss Hit,-3.33,40.5,WEAK,OK
2026-07-10,15:56,EMA21_Bounce,21 EMA Bounce,AMBER,BUY,7779.0,7779.0,7512.27,8179.09,8218.0,1.6,50,54.0,Consumer Durables,DISTRIBUTION,1,BLOCKED,STOPPED,2026-07-22,7512.27,Stop Loss Hit,-3.43,39.4,WEAK,OK
2026-07-10,15:56,EMA21_Bounce,21 EMA Bounce,CAMS,BUY,790.5,790.5,768.13,824.06,846.43,2.5,45,65.0,Financial Services,DISTRIBUTION,1,BLOCKED,STOPPED,2026-07-14,768.13,Stop Loss Hit,-2.83,39.3,WEAK,OK
2026-07-10,15:56,EMA21_Bounce,21 EMA Bounce,SPLPETRO,BUY,733.55,733.55,714.46,762.18,778.63,2.4,45,38.0,Chemicals,DISTRIBUTION,1,BLOCKED,STOPPED,2026-07-15,714.46,Stop Loss Hit,-2.6,35.8,WEAK,OK
2026-07-10,15:56,EMA21_Bounce,21 EMA Bounce,GROWW,BUY,204.47,204.47,194.07,220.07,230.47,2.5,50,43.0,Financial Services,DISTRIBUTION,1,BLOCKED,TARGET,2026-07-16,220.07,Target 1 Hit,7.63,32.5,WEAK,OK
2026-07-10,15:56,52WH_Breakout,52-Week High Breakout,SAILIFE,BUY,1265.0,1265.0,1240.9,1301.15,1463.38,8.0,37,100.0,Healthcare,DISTRIBUTION,1,BLOCKED,STOPPED,2026-07-23,1240.9,Stop Loss Hit,-1.91,50.8,MODERATE,OK
2026-07-10,15:56,52WH_Breakout,52-Week High Breakout,JINDALSAW,BUY,275.8,275.8,271.31,282.54,313.99,8.0,32,100.0,Capital Goods,DISTRIBUTION,1,BLOCKED,STOPPED,2026-07-13,271.31,Stop Loss Hit,-1.63,47.8,WEAK,OK
2026-07-10,15:56,52WH_Breakout,52-Week High Breakout,GODREJIND,BUY,1417.7,1417.7,1231.44,1697.09,1728.34,1.7,42,100.0,Diversified,DISTRIBUTION,1,BLOCKED,EXPIRED,2026-08-05,1320.4,Expired (26d > 25d),-6.86,45.0,WEAK,OK
2026-07-10,15:56,52WH_Breakout,52-Week High Breakout,ANANDRATHI,BUY,2146.8,2146.8,2085.71,2238.44,2416.37,4.4,42,82.0,Financial Services,DISTRIBUTION,1,BLOCKED,STOPPED,2026-07-14,2085.71,Stop Loss Hit,-2.85,41.5,WEAK,OK
2026-07-10,15:56,52WH_Breakout,52-Week High Breakout,PREMIERENE,BUY,1117.2,1117.2,1079.81,1173.29,1210.68,2.5,32,70.0,Capital Goods,DISTRIBUTION,1,BLOCKED,STOPPED,2026-07-17,1079.81,Stop Loss Hit,-3.35,31.5,WEAK,OK
2026-07-10,15:56,Last30Min_ATH,Near 52W High (EOD),RBLBANK,BUY,380.65,380.65,365.0,426.72,501.27,7.7,39,84.0,Financial Services,DISTRIBUTION,1,BLOCKED,STOPPED,2026-07-16,365.0,Stop Loss Hit,-4.11,37.9,WEAK,OK
2026-07-10,15:56,Failed_Breakout_Short,Failed Breakout Short,JBCHEPHARM,SHORT,2435.5,2435.5,2488.19,2356.46,2303.77,2.5,77,93.0,Healthcare,DISTRIBUTION,1,IDEAL,STOPPED,2026-07-14,2488.19,Stop Loss Hit,-2.16,61.6,MODERATE,OK
2026-07-10,15:56,Failed_Breakout_Short,Failed Breakout Short,LENSKART,SHORT,543.65,543.65,568.1,506.97,482.52,2.5,77,48.0,Consumer Services,DISTRIBUTION,1,IDEAL,STOPPED,2026-07-27,568.1,Stop Loss Hit,-4.5,48.5,WEAK,OK
2026-07-10,15:56,Failed_Breakout_Short,Failed Breakout Short,KAYNES,SHORT,3336.1,3336.1,3511.16,3073.51,2898.45,2.5,72,12.0,Capital Goods,DISTRIBUTION,1,IDEAL,STOPPED,2026-07-29,3511.16,Stop Loss Hit,-5.25,34.7,WEAK,OK
2026-07-13,13:12,VCP,VCP (Minervini v2),NAVINFLUOR,BUY,7637.0,7810.0,7252.56,8778.72,10346.23,4.5,39,93.0,Chemicals,DISTRIBUTION,1,BLOCKED,EXPIRED,2026-08-10,8196.5,Expired (28d > 25d),4.95,42.9,WEAK,OK
2026-07-13,13:12,VCP,VCP (Minervini v2),LUPIN,BUY,2492.6,2526.9,2325.22,2829.42,3038.67,2.5,42,63.0,Healthcare,DISTRIBUTION,1,BLOCKED,STOPPED,2026-08-10,2325.22,Stop Loss Hit,-7.98,41.5,WEAK,OK
2026-07-13,13:12,VCP,VCP (Minervini v2),FEDERALBNK,BUY,332.5,336.5,316.61,373.21,432.61,4.8,49,82.0,Financial Services,DISTRIBUTION,1,BLOCKED,EXPIRED,2026-08-10,358.35,Expired (28d > 25d),6.49,34.2,WEAK,OK
2026-07-13,13:12,VCP,VCP (Minervini v2),SBIN,BUY,1037.0,1059.8,1006.64,1139.54,1192.7,2.5,41,47.0,Financial Services,DISTRIBUTION,1,BLOCKED,STOPPED,2026-07-23,1006.64,Stop Loss Hit,-5.02,33.4,WEAK,OK
2026-07-13,13:12,EMA21_Bounce,21 EMA Bounce,ADANIGREEN,BUY,1546.5,1546.5,1487.94,1634.34,1795.86,4.3,50,100.0,Power,DISTRIBUTION,1,BLOCKED,STOPPED,2026-07-22,1487.94,Stop Loss Hit,-3.79,53.6,MODERATE,OK
2026-07-13,13:12,EMA21_Bounce,21 EMA Bounce,PIDILITIND,BUY,1580.7,1580.7,1545.2,1633.95,1724.69,4.1,50,86.0,Chemicals,DISTRIBUTION,1,BLOCKED,STOPPED,2026-07-14,1545.2,Stop Loss Hit,-2.25,52.2,MODERATE,OK
2026-07-13,13:12,EMA21_Bounce,21 EMA Bounce,ATGL,BUY,720.95,720.95,702.24,749.02,767.73,2.5,50,90.0,Oil Gas & Consumable Fuels,DISTRIBUTION,1,BLOCKED,STOPPED,2026-07-17,702.24,Stop Loss Hit,-2.6,49.2,WEAK,OK
2026-07-13,13:12,EMA21_Bounce,21 EMA Bounce,SHRIRAMFIN,BUY,1048.1,1048.1,1003.44,1115.09,1159.75,2.5,45,55.0,Financial Services,DISTRIBUTION,1,BLOCKED,STOPPED,2026-07-24,1003.44,Stop Loss Hit,-4.26,46.8,WEAK,OK
2026-07-13,13:12,EMA21_Bounce,21 EMA Bounce,SBIN,BUY,1037.0,1037.0,1013.0,1073.0,1097.0,2.5,50,47.0,Financial Services,DISTRIBUTION,1,BLOCKED,STOPPED,2026-07-14,1013.0,Stop Loss Hit,-2.31,43.8,WEAK,OK
2026-07-13,13:12,EMA21_Bounce,21 EMA Bounce,SCHAEFFLER,BUY,4134.7,4134.7,4012.11,4318.58,4441.17,2.5,45,59.0,Automobile and Auto Components,DISTRIBUTION,1,BLOCKED,STOPPED,2026-07-24,4012.11,Stop Loss Hit,-2.96,43.4,WEAK,OK
2026-07-13,13:12,EMA21_Bounce,21 EMA Bounce,DIVISLAB,BUY,6938.5,6938.5,6675.64,7402.62,8153.62,4.6,45,73.0,Healthcare,DISTRIBUTION,1,BLOCKED,TARGET,2026-07-20,7402.62,Target 1 Hit,6.69,40.6,WEAK,OK
2026-07-13,13:12,EMA21_Bounce,21 EMA Bounce,NIACL,BUY,181.82,181.82,172.85,195.27,205.0,2.6,45,64.0,Financial Services,DISTRIBUTION,1,BLOCKED,STOPPED,2026-07-23,172.85,Stop Loss Hit,-4.93,40.5,WEAK,OK
2026-07-13,13:12,EMA21_Bounce,21 EMA Bounce,HAL,BUY,4511.3,4511.3,4360.47,4737.54,4808.6,2.0,50,55.0,Capital Goods,DISTRIBUTION,1,BLOCKED,EXPIRED,2026-07-29,4592.0,Expired (16d > 15d),1.79,40.3,WEAK,OK
2026-07-13,13:12,EMA21_Bounce,21 EMA Bounce,GAIL,BUY,173.12,173.12,169.0,179.3,183.42,2.5,50,67.0,Oil Gas & Consumable Fuels,DISTRIBUTION,1,BLOCKED,STOPPED,2026-07-24,169.0,Stop Loss Hit,-2.38,39.4,WEAK,OK
2026-07-13,13:12,EMA21_Bounce,21 EMA Bounce,LICHSGFIN,BUY,551.9,551.9,537.01,574.23,589.12,2.5,55,55.0,Financial Services,DISTRIBUTION,1,BLOCKED,STOPPED,2026-07-23,537.01,Stop Loss Hit,-2.7,37.9,WEAK,OK
2026-07-13,13:12,EMA21_Bounce,21 EMA Bounce,FORTIS,BUY,963.5,963.5,943.7,993.2,1013.0,2.5,50,69.0,Healthcare,DISTRIBUTION,1,BLOCKED,STOPPED,2026-07-23,943.7,Stop Loss Hit,-2.06,33.1,WEAK,OK
2026-07-13,13:12,Last30Min_ATH,Near 52W High (EOD),TORNTPHARM,BUY,4951.1,4951.1,4861.5,5503.63,6397.69,8.0,35,87.0,Healthcare,DISTRIBUTION,1,BLOCKED,STOPPED,2026-07-16,4861.5,Stop Loss Hit,-1.81,46.7,WEAK,OK
2026-07-13,13:12,Last30Min_ATH,Near 52W High (EOD),PHOENIXLTD,BUY,2154.0,2154.0,2113.5,2450.02,2929.02,8.0,35,90.0,Realty,DISTRIBUTION,1,BLOCKED,STOPPED,2026-07-16,2113.5,Stop Loss Hit,-1.88,46.2,WEAK,OK
2026-07-13,13:12,Failed_Breakout_Short,Failed Breakout Short,INDHOTEL,SHORT,738.55,738.55,758.32,708.89,689.12,2.5,72,76.0,Consumer Services,DISTRIBUTION,1,IDEAL,EXPIRED,2026-08-10,728.7,Expired (28d > 25d),1.33,53.0,MODERATE,OK
2026-07-13,13:12,Failed_Breakout_Short,Failed Breakout Short,GRASIM,SHORT,3144.3,3144.3,3262.33,2967.26,2849.23,2.5,72,80.0,Construction Materials,DISTRIBUTION,1,IDEAL,STOPPED,2026-08-07,3262.33,Stop Loss Hit,-3.75,46.2,WEAK,OK
2026-07-13,16:05,VCP,VCP (Minervini v2),CCL,BUY,1229.7,1242.2,1144.75,1388.38,1564.51,3.3,42,78.0,Fast Moving Consumer Goods,DISTRIBUTION,1,BLOCKED,STOPPED,2026-08-03,1144.75,Stop Loss Hit,-7.84,37.6,WEAK,OK
2026-07-13,16:05,EMA21_Bounce,21 EMA Bounce,HONAUT,BUY,38215.0,38215.0,37184.29,40480.0,41075.0,2.8,55,99.0,Capital Goods,DISTRIBUTION,1,BLOCKED,TARGET,2026-07-29,40480.0,Target 1 Hit,5.93,59.2,MODERATE,OK
2026-07-13,16:05,EMA21_Bounce,21 EMA Bounce,PTCIL,BUY,17687.0,17687.0,17190.82,18431.27,18650.0,1.9,50,70.0,Capital Goods,DISTRIBUTION,1,BLOCKED,TARGET,2026-07-23,18431.27,Target 1 Hit,4.21,54.2,MODERATE,OK
2026-07-13,16:05,EMA21_Bounce,21 EMA Bounce,AIAENG,BUY,4732.0,4732.0,4565.52,4981.72,5060.0,2.0,45,90.0,Capital Goods,DISTRIBUTION,1,BLOCKED,STOPPED,2026-07-22,4565.52,Stop Loss Hit,-3.52,52.0,MODERATE,OK
2026-07-13,16:05,EMA21_Bounce,21 EMA Bounce,EMMVEE,BUY,339.2,339.2,325.09,360.36,374.47,2.5,50,100.0,Capital Goods,DISTRIBUTION,1,BLOCKED,TARGET,2026-07-16,360.36,Target 1 Hit,6.24,51.6,MODERATE,OK
2026-07-13,16:05,EMA21_Bounce,21 EMA Bounce,CRAFTSMAN,BUY,9333.0,9333.0,9117.27,9656.59,9738.0,1.9,45,100.0,Automobile and Auto Components,DISTRIBUTION,1,BLOCKED,STOPPED,2026-07-14,9117.27,Stop Loss Hit,-2.31,51.3,MODERATE,OK
2026-07-13,16:05,EMA21_Bounce,21 EMA Bounce,HSCL,BUY,663.1,663.1,640.53,696.96,719.53,2.5,50,100.0,Chemicals,DISTRIBUTION,1,BLOCKED,TARGET,2026-07-16,696.96,Target 1 Hit,5.11,49.6,WEAK,OK
2026-07-13,16:05,EMA21_Bounce,21 EMA Bounce,NIVABUPA,BUY,88.09,88.09,84.63,93.28,96.74,2.5,55,80.0,Financial Services,DISTRIBUTION,1,BLOCKED,STOPPED,2026-07-22,84.63,Stop Loss Hit,-3.93,49.1,WEAK,OK
2026-07-13,16:05,EMA21_Bounce,21 EMA Bounce,BHARATFORG,BUY,2145.6,2145.6,2060.07,2273.89,2359.42,2.5,50,81.0,Automobile and Auto Components,DISTRIBUTION,1,BLOCKED,EXPIRED,2026-07-29,2171.5,Expired (16d > 15d),1.21,49.0,WEAK,OK
2026-07-13,16:05,EMA21_Bounce,21 EMA Bounce,ENDURANCE,BUY,2698.2,2698.2,2595.91,2851.64,2953.93,2.5,50,75.0,Automobile and Auto Components,DISTRIBUTION,1,BLOCKED,STOPPED,2026-07-24,2595.91,Stop Loss Hit,-3.79,48.9,WEAK,OK
2026-07-13,16:05,EMA21_Bounce,21 EMA Bounce,TMCV,BUY,420.75,420.75,409.16,438.14,449.73,2.5,45,41.0,Capital Goods,DISTRIBUTION,1,BLOCKED,STOPPED,2026-07-17,409.16,Stop Loss Hit,-2.75,47.0,WEAK,OK
2026-07-13,16:05,EMA21_Bounce,21 EMA Bounce,ABSLAMC,BUY,1173.7,1173.7,1116.28,1259.83,1317.25,2.5,55,72.0,Financial Services,DISTRIBUTION,1,BLOCKED,STOPPED,2026-07-20,1116.28,Stop Loss Hit,-4.89,46.0,WEAK,OK
2026-07-13,16:05,EMA21_Bounce,21 EMA Bounce,BELRISE,BUY,236.56,236.56,224.93,254.0,265.63,2.5,50,75.0,Automobile and Auto Components,DISTRIBUTION,1,BLOCKED,STOPPED,2026-07-24,224.93,Stop Loss Hit,-4.92,43.9,WEAK,OK
2026-07-13,16:05,EMA21_Bounce,21 EMA Bounce,HUDCO,BUY,210.24,210.24,204.35,219.08,224.97,2.5,55,66.0,Financial Services,DISTRIBUTION,1,BLOCKED,STOPPED,2026-07-16,204.35,Stop Loss Hit,-2.8,41.0,WEAK,OK
2026-07-13,16:05,EMA21_Bounce,21 EMA Bounce,VTL,BUY,650.65,650.65,616.77,701.47,735.35,2.5,50,87.0,Textiles,DISTRIBUTION,1,BLOCKED,STOPPED,2026-07-22,616.77,Stop Loss Hit,-5.21,40.6,WEAK,OK
2026-07-13,16:05,EMA21_Bounce,21 EMA Bounce,TRAVELFOOD,BUY,1337.8,1337.8,1285.62,1416.07,1468.25,2.5,50,53.0,Consumer Services,DISTRIBUTION,1,BLOCKED,STOPPED,2026-07-16,1285.62,Stop Loss Hit,-3.9,39.3,WEAK,OK
2026-07-13,16:05,EMA21_Bounce,21 EMA Bounce,AARTIIND,BUY,484.3,484.3,467.42,509.62,526.5,2.5,50,70.0,Chemicals,DISTRIBUTION,1,BLOCKED,TARGET,2026-07-15,509.62,Target 1 Hit,5.23,38.7,WEAK,OK
2026-07-13,16:05,EMA21_Bounce,21 EMA Bounce,JBMA,BUY,696.55,696.55,662.02,748.34,782.87,2.5,45,72.0,Automobile and Auto Components,DISTRIBUTION,1,BLOCKED,STOPPED,2026-07-20,662.02,Stop Loss Hit,-4.96,38.4,WEAK,OK
2026-07-13,16:05,EMA21_Bounce,21 EMA Bounce,SPLPETRO,BUY,734.75,734.75,716.0,762.88,780.57,2.4,45,39.0,Chemicals,DISTRIBUTION,1,BLOCKED,STOPPED,2026-07-15,716.0,Stop Loss Hit,-2.55,36.0,WEAK,OK
2026-07-13,16:05,EMA21_Bounce,21 EMA Bounce,CAMS,BUY,785.75,785.75,767.42,813.25,831.58,2.5,45,63.0,Financial Services,DISTRIBUTION,1,BLOCKED,STOPPED,2026-07-14,767.42,Stop Loss Hit,-2.33,35.0,WEAK,OK
2026-07-13,16:05,EMA21_Bounce,21 EMA Bounce,CIEINDIA,BUY,469.4,469.4,451.0,497.0,515.4,2.5,50,45.0,Automobile and Auto Components,DISTRIBUTION,1,BLOCKED,STOPPED,2026-07-23,451.0,Stop Loss Hit,-3.92,31.6,WEAK,OK
2026-07-13,16:05,52WH_Breakout,52-Week High Breakout,JSWINFRA,BUY,351.2,351.2,337.53,371.71,410.51,4.3,37,100.0,Services,DISTRIBUTION,1,BLOCKED,STOPPED,2026-07-15,337.53,Stop Loss Hit,-3.89,53.6,MODERATE,OK
2026-07-13,16:05,52WH_Breakout,52-Week High Breakout,SHYAMMETL,BUY,1029.35,1029.35,984.03,1169.67,1396.72,8.0,37,87.0,Capital Goods,DISTRIBUTION,1,BLOCKED,STOPPED,2026-08-07,984.03,Stop Loss Hit,-4.4,37.0,WEAK,OK
2026-07-13,16:05,Last30Min_ATH,Near 52W High (EOD),IPCALAB,BUY,1823.3,1823.3,1760.0,2046.52,2407.72,8.0,35,98.0,Healthcare,DISTRIBUTION,1,BLOCKED,STOPPED,2026-07-22,1760.0,Stop Loss Hit,-3.47,51.2,MODERATE,OK
2026-07-13,16:05,Last30Min_ATH,Near 52W High (EOD),TATATECH,BUY,760.8,760.8,709.0,838.5,895.09,2.6,39,100.0,Information Technology,DISTRIBUTION,1,BLOCKED,STOPPED,2026-07-23,709.0,Stop Loss Hit,-6.81,50.2,MODERATE,OK
2026-07-13,16:05,Last30Min_ATH,Near 52W High (EOD),JBCHEPHARM,BUY,2460.0,2460.0,2406.6,2773.99,3282.06,8.0,35,99.0,Healthcare,DISTRIBUTION,1,BLOCKED,STOPPED,2026-07-16,2406.6,Stop Loss Hit,-2.17,48.2,WEAK,OK
2026-07-13,16:05,Last30Min_ATH,Near 52W High (EOD),PAYTM,BUY,1386.5,1386.5,1328.5,1616.7,1989.2,8.0,39,90.0,Financial Services,DISTRIBUTION,1,BLOCKED,STOPPED,2026-07-17,1328.5,Stop Loss Hit,-4.18,47.7,WEAK,OK
2026-07-13,16:05,Last30Min_ATH,Near 52W High (EOD),SHYAMMETL,BUY,1029.35,1029.35,965.15,1169.67,1396.72,5.7,39,87.0,Capital Goods,DISTRIBUTION,1,BLOCKED,EXPIRED,2026-07-29,1033.6,Expired (16d > 15d),0.41,38.3,WEAK,OK
2026-07-13,16:05,Failed_Breakout_Short,Failed Breakout Short,SWIGGY,SHORT,266.77,266.77,287.45,235.75,215.07,2.5,72,39.0,Consumer Services,DISTRIBUTION,1,IDEAL,STOPPED,2026-07-29,287.45,Stop Loss Hit,-7.75,56.2,MODERATE,OK
2026-07-14,12:05,VCP,VCP (Minervini v2),NAVINFLUOR,BUY,7586.0,7810.0,7252.56,8778.72,10346.23,4.5,39,90.0,Chemicals,DISTRIBUTION,-1,BLOCKED,EXPIRED,2026-08-10,8196.5,Expired (27d > 25d),4.95,42.5,WEAK,OK
2026-07-14,12:05,VCP,VCP (Minervini v2),FEDERALBNK,BUY,327.5,336.5,316.61,373.21,432.61,4.8,49,71.0,Financial Services,DISTRIBUTION,-1,BLOCKED,EXPIRED,2026-08-10,358.35,Expired (27d > 25d),6.49,32.5,WEAK,OK
2026-07-14,12:05,VCP,VCP (Minervini v2),BOSCHLTD,BUY,41460.0,42565.0,39307.48,47451.28,55088.32,3.8,42,70.0,Automobile and Auto Components,DISTRIBUTION,-1,BLOCKED,EXPIRED,2026-08-10,43505.0,Expired (27d > 25d),2.21,31.5,WEAK,OK
2026-07-14,12:05,EMA21_Bounce,21 EMA Bounce,APOLLOHOSP,BUY,8900.5,8900.5,8608.46,9728.0,11067.0,7.4,50,79.0,Healthcare,DISTRIBUTION,-1,BLOCKED,EXPIRED,2026-07-30,8988.0,Expired (16d > 15d),0.98,56.0,MODERATE,OK
2026-07-14,12:05,EMA21_Bounce,21 EMA Bounce,ZYDUSLIFE,BUY,1133.6,1133.6,1107.13,1181.5,1283.9,5.7,45,88.0,Healthcare,DISTRIBUTION,-1,BLOCKED,STOPPED,2026-07-23,1107.13,Stop Loss Hit,-2.34,54.5,MODERATE,OK
2026-07-14,12:05,EMA21_Bounce,21 EMA Bounce,ATGL,BUY,721.6,721.6,705.11,746.34,746.4,1.5,50,76.0,Oil Gas & Consumable Fuels,DISTRIBUTION,-1,BLOCKED,STOPPED,2026-07-16,705.11,Stop Loss Hit,-2.29,49.8,WEAK,OK
2026-07-14,12:05,EMA21_Bounce,21 EMA Bounce,ADANIPOWER,BUY,226.17,226.17,213.31,245.46,258.32,2.5,50,76.0,Power,DISTRIBUTION,-1,BLOCKED,STOPPED,2026-07-17,213.31,Stop Loss Hit,-5.69,47.5,WEAK,OK
2026-07-14,12:05,EMA21_Bounce,21 EMA Bounce,NESTLEIND,BUY,1427.1,1427.1,1403.94,1461.84,1462.97,1.5,45,71.0,Fast Moving Consumer Goods,DISTRIBUTION,-1,BLOCKED,TARGET,2026-07-21,1461.84,Target 1 Hit,2.43,46.3,WEAK,OK
2026-07-14,12:05,EMA21_Bounce,21 EMA Bounce,AUROPHARMA,BUY,1552.8,1552.8,1521.84,1599.24,1636.8,2.7,50,72.0,Healthcare,DISTRIBUTION,-1,BLOCKED,STOPPED,2026-07-17,1521.84,Stop Loss Hit,-1.99,44.9,WEAK,OK
2026-07-14,12:05,EMA21_Bounce,21 EMA Bounce,MARICO,BUY,848.25,848.25,829.86,875.84,894.23,2.5,45,72.0,Fast Moving Consumer Goods,DISTRIBUTION,-1,BLOCKED,TARGET,2026-07-28,875.84,Target 1 Hit,3.25,44.7,WEAK,OK
2026-07-14,12:05,EMA21_Bounce,21 EMA Bounce,POLYCAB,BUY,9532.5,9532.5,9101.43,10179.1,10610.17,2.5,50,82.0,Capital Goods,DISTRIBUTION,-1,BLOCKED,STOPPED,2026-07-16,9101.43,Stop Loss Hit,-4.52,44.0,WEAK,OK
2026-07-14,12:05,EMA21_Bounce,21 EMA Bounce,MANAPPURAM,BUY,328.1,328.1,317.51,343.99,354.58,2.5,50,93.0,Financial Services,DISTRIBUTION,-1,BLOCKED,TARGET,2026-07-21,343.99,Target 1 Hit,4.84,42.6,WEAK,OK
2026-07-14,12:05,EMA21_Bounce,21 EMA Bounce,SCHAEFFLER,BUY,4139.2,4139.2,4054.04,4266.94,4352.1,2.5,50,57.0,Automobile and Auto Components,DISTRIBUTION,-1,BLOCKED,STOPPED,2026-07-23,4054.04,Stop Loss Hit,-2.06,39.8,WEAK,OK
2026-07-14,12:05,EMA21_Bounce,21 EMA Bounce,ADANIPORTS,BUY,1821.9,1821.9,1789.37,1870.7,1903.23,2.5,50,81.0,Services,DISTRIBUTION,-1,BLOCKED,STOPPED,2026-07-23,1789.37,Stop Loss Hit,-1.79,38.2,WEAK,OK
2026-07-14,12:05,EMA21_Bounce,21 EMA Bounce,FORTIS,BUY,969.75,969.75,949.68,999.86,1019.93,2.5,50,66.0,Healthcare,DISTRIBUTION,-1,BLOCKED,STOPPED,2026-07-17,949.68,Stop Loss Hit,-2.07,32.7,WEAK,OK
2026-07-14,12:05,52WH_Breakout,52-Week High Breakout,BIOCON,BUY,437.3,437.3,424.95,455.83,492.44,4.5,37,93.0,Healthcare,DISTRIBUTION,-1,BLOCKED,STOPPED,2026-07-30,424.95,Stop Loss Hit,-2.82,48.4,WEAK,OK
2026-07-14,12:05,52WH_Breakout,52-Week High Breakout,ADANIGREEN,BUY,1604.5,1604.5,1563.9,1665.4,1886.62,6.9,32,100.0,Power,DISTRIBUTION,-1,BLOCKED,STOPPED,2026-07-15,1563.9,Stop Loss Hit,-2.53,46.4,WEAK,OK
2026-07-14,12:05,52WH_Breakout,52-Week High Breakout,DIVISLAB,BUY,7188.5,7188.5,6883.79,7775.6,8725.6,5.0,42,77.0,Healthcare,DISTRIBUTION,-1,BLOCKED,TARGET,2026-07-29,7775.6,Target 1 Hit,8.17,39.9,WEAK,OK
2026-07-14,12:05,Last30Min_ATH,Near 52W High (EOD),TORNTPHARM,BUY,4973.5,4973.5,4916.4,5539.87,6456.34,8.0,35,87.0,Healthcare,DISTRIBUTION,-1,BLOCKED,STOPPED,2026-07-16,4916.4,Stop Loss Hit,-1.15,49.7,WEAK,OK
2026-07-14,12:05,Last30Min_ATH,Near 52W High (EOD),SUNPHARMA,BUY,1942.6,1942.6,1910.0,2148.53,2481.75,8.0,35,81.0,Healthcare,DISTRIBUTION,-1,BLOCKED,EXPIRED,2026-07-30,2001.1,Expired (16d > 15d),3.01,49.3,WEAK,OK
2026-07-14,12:05,Last30Min_ATH,Near 52W High (EOD),APOLLOHOSP,BUY,8900.5,8900.5,8739.0,9728.0,11067.0,8.0,35,79.0,Healthcare,DISTRIBUTION,-1,BLOCKED,EXPIRED,2026-07-30,8988.0,Expired (16d > 15d),0.98,48.6,WEAK,OK
2026-07-14,12:05,Last30Min_ATH,Near 52W High (EOD),DIVISLAB,BUY,7188.5,7188.5,6909.0,7775.6,8725.6,5.5,39,77.0,Healthcare,DISTRIBUTION,-1,BLOCKED,TARGET,2026-07-29,7775.6,Target 1 Hit,8.17,41.3,WEAK,OK
2026-07-14,12:05,Failed_Breakout_Short,Failed Breakout Short,GODREJPROP,SHORT,2107.4,2107.4,2186.56,1988.66,1909.5,2.5,77,88.0,Realty,DISTRIBUTION,-1,IDEAL,TARGET,2026-07-24,1988.66,Target 1 Hit,5.63,60.9,MODERATE,OK
2026-07-14,12:05,Failed_Breakout_Short,Failed Breakout Short,PHOENIXLTD,SHORT,2132.5,2132.5,2187.45,2050.08,1995.13,2.5,77,88.0,Realty,DISTRIBUTION,-1,IDEAL,TARGET,2026-07-22,2050.08,Target 1 Hit,3.86,55.3,MODERATE,OK
2026-07-14,12:05,Failed_Breakout_Short,Failed Breakout Short,BAJAJ-AUTO,SHORT,10166.0,10166.0,10506.9,9654.65,9313.75,2.5,72,59.0,Automobile and Auto Components,DISTRIBUTION,-1,IDEAL,STOPPED,2026-07-20,10506.9,Stop Loss Hit,-3.35,46.1,WEAK,OK
2026-07-14,12:05,Failed_Breakout_Short,Failed Breakout Short,HCLTECH,SHORT,1166.7,1166.7,1249.5,1042.5,959.7,2.5,75,13.0,Information Technology,DISTRIBUTION,-1,IDEAL,STOPPED,2026-07-24,1249.5,Stop Loss Hit,-7.1,45.9,WEAK,OK
2026-07-14,15:09,VCP,VCP (Minervini v2),MANKIND,BUY,2531.1,2604.0,2444.72,2842.92,3002.2,2.5,42,89.0,Healthcare,DISTRIBUTION,-1,BLOCKED,STOPPED,2026-07-31,2444.72,Stop Loss Hit,-6.12,46.2,WEAK,OK
2026-07-14,15:09,VCP,VCP (Minervini v2),CCL,BUY,1229.5,1242.2,1150.22,1380.17,1564.51,3.5,42,74.0,Fast Moving Consumer Goods,DISTRIBUTION,-1,BLOCKED,STOPPED,2026-07-31,1150.22,Stop Loss Hit,-7.4,39.4,WEAK,OK
2026-07-14,15:09,EMA21_Bounce,21 EMA Bounce,MANKIND,BUY,2531.1,2531.1,2458.57,2639.89,2712.42,2.5,50,89.0,Healthcare,DISTRIBUTION,-1,BLOCKED,TARGET,2026-07-29,2639.89,Target 1 Hit,4.3,54.5,MODERATE,OK
2026-07-14,15:09,EMA21_Bounce,21 EMA Bounce,HFCL,BUY,212.78,212.78,201.46,229.76,241.08,2.5,50,100.0,Telecommunication,DISTRIBUTION,-1,BLOCKED,STOPPED,2026-07-24,201.46,Stop Loss Hit,-5.32,51.9,MODERATE,OK
2026-07-14,15:09,EMA21_Bounce,21 EMA Bounce,AIAENG,BUY,4760.0,4760.0,4599.21,5001.18,5060.0,1.9,45,91.0,Capital Goods,DISTRIBUTION,-1,BLOCKED,STOPPED,2026-07-22,4599.21,Stop Loss Hit,-3.38,50.8,MODERATE,OK
2026-07-14,15:09,EMA21_Bounce,21 EMA Bounce,HSCL,BUY,671.4,671.4,648.41,705.88,728.87,2.5,50,100.0,Chemicals,DISTRIBUTION,-1,BLOCKED,TARGET,2026-07-16,705.88,Target 1 Hit,5.14,49.6,WEAK,OK
2026-07-14,15:09,EMA21_Bounce,21 EMA Bounce,SOLARINDS,BUY,18287.0,18287.0,17653.32,19237.52,19871.2,2.5,50,91.0,Chemicals,DISTRIBUTION,-1,BLOCKED,EXPIRED,2026-07-30,18053.0,Expired (16d > 15d),-1.28,48.8,WEAK,OK
2026-07-14,15:09,EMA21_Bounce,21 EMA Bounce,ENDURANCE,BUY,2681.1,2681.1,2582.82,2828.52,2926.8,2.5,50,73.0,Automobile and Auto Components,DISTRIBUTION,-1,BLOCKED,STOPPED,2026-07-24,2582.82,Stop Loss Hit,-3.67,45.8,WEAK,OK
2026-07-14,15:09,EMA21_Bounce,21 EMA Bounce,FLUOROCHEM,BUY,3923.9,3923.9,3787.01,4129.23,4340.06,3.0,50,82.0,Chemicals,DISTRIBUTION,-1,BLOCKED,TARGET,2026-07-15,4129.23,Target 1 Hit,5.23,45.1,WEAK,OK
2026-07-14,15:09,EMA21_Bounce,21 EMA Bounce,KIMS,BUY,806.7,806.7,784.16,840.51,863.05,2.5,50,85.0,Healthcare,DISTRIBUTION,-1,BLOCKED,STOPPED,2026-07-21,784.16,Stop Loss Hit,-2.79,43.4,WEAK,OK
2026-07-14,15:09,EMA21_Bounce,21 EMA Bounce,EMCURE,BUY,1810.1,1810.1,1760.71,1884.18,1933.57,2.5,45,65.0,Healthcare,DISTRIBUTION,-1,BLOCKED,STOPPED,2026-07-17,1760.71,Stop Loss Hit,-2.73,39.1,WEAK,OK
2026-07-14,15:09,EMA21_Bounce,21 EMA Bounce,AARTIIND,BUY,483.05,483.05,468.22,505.29,520.12,2.5,50,67.0,Chemicals,DISTRIBUTION,-1,BLOCKED,TARGET,2026-07-15,505.29,Target 1 Hit,4.6,38.9,WEAK,OK
2026-07-14,15:09,EMA21_Bounce,21 EMA Bounce,AMBER,BUY,7786.5,7786.5,7519.79,8186.56,8218.0,1.6,50,44.0,Consumer Durables,DISTRIBUTION,-1,BLOCKED,STOPPED,2026-07-22,7519.79,Stop Loss Hit,-3.43,35.7,WEAK,OK
2026-07-14,15:09,52WH_Breakout,52-Week High Breakout,JBCHEPHARM,BUY,2487.6,2487.6,2450.4,2818.64,3354.31,8.0,37,98.0,Healthcare,DISTRIBUTION,-1,BLOCKED,STOPPED,2026-07-15,2450.4,Stop Loss Hit,-1.5,49.9,WEAK,OK
2026-07-14,15:09,52WH_Breakout,52-Week High Breakout,WELCORP,BUY,1683.4,1683.4,1608.46,2040.03,2617.1,8.0,42,100.0,Capital Goods,DISTRIBUTION,-1,BLOCKED,STOPPED,2026-07-17,1608.46,Stop Loss Hit,-4.45,43.4,WEAK,OK
2026-07-14,15:09,Last30Min_ATH,Near 52W High (EOD),JBCHEPHARM,BUY,2487.6,2487.6,2449.1,2818.64,3354.31,8.0,39,98.0,Healthcare,DISTRIBUTION,-1,BLOCKED,STOPPED,2026-07-15,2449.1,Stop Loss Hit,-1.55,51.2,MODERATE,OK
2026-07-14,15:09,Last30Min_ATH,Near 52W High (EOD),PAYTM,BUY,1381.4,1381.4,1364.0,1407.5,1608.45,8.0,35,86.0,Financial Services,DISTRIBUTION,-1,BLOCKED,STOPPED,2026-07-15,1364.0,Stop Loss Hit,-1.26,46.7,WEAK,OK
2026-07-14,15:09,Last30Min_ATH,Near 52W High (EOD),WELCORP,BUY,1683.4,1683.4,1635.0,2040.03,2617.1,8.0,39,100.0,Capital Goods,DISTRIBUTION,-1,BLOCKED,STOPPED,2026-07-17,1635.0,Stop Loss Hit,-2.88,44.7,WEAK,OK
2026-07-14,15:09,Failed_Breakout_Short,Failed Breakout Short,ARE&M,SHORT,894.9,894.9,920.27,856.84,831.47,2.5,72,78.0,Automobile and Auto Components,DISTRIBUTION,-1,IDEAL,STOPPED,2026-07-20,920.27,Stop Loss Hit,-2.83,61.3,MODERATE,OK
2026-07-14,15:09,Failed_Breakout_Short,Failed Breakout Short,AEGISVOPAK,SHORT,280.64,280.64,316.54,226.79,190.89,2.5,77,100.0,Oil Gas & Consumable Fuels,DISTRIBUTION,-1,IDEAL,EXPIRED,2026-08-10,276.55,Expired (27d > 25d),1.46,57.2,MODERATE,OK
2026-07-14,15:09,Failed_Breakout_Short,Failed Breakout Short,CHENNPETRO,SHORT,1110.9,1110.9,1246.49,907.52,771.93,2.5,72,61.0,Oil Gas & Consumable Fuels,DISTRIBUTION,-1,IDEAL,STOPPED,2026-07-16,1246.49,Stop Loss Hit,-12.21,51.9,MODERATE,OK
2026-07-14,15:09,Failed_Breakout_Short,Failed Breakout Short,MRPL,SHORT,156.96,156.96,171.64,134.94,120.26,2.5,72,20.0,Oil Gas & Consumable Fuels,DISTRIBUTION,-1,IDEAL,STOPPED,2026-07-16,171.64,Stop Loss Hit,-9.35,51.2,MODERATE,OK
2026-07-14,15:09,Failed_Breakout_Short,Failed Breakout Short,NIVABUPA,SHORT,86.17,86.17,90.04,80.36,76.49,2.5,75,68.0,Financial Services,DISTRIBUTION,-1,IDEAL,STOPPED,2026-07-31,90.04,Stop Loss Hit,-4.49,48.5,WEAK,OK
2026-07-14,15:09,Failed_Breakout_Short,Failed Breakout Short,SONATSOFTW,SHORT,307.75,307.75,333.77,268.72,242.7,2.5,72,68.0,Information Technology,DISTRIBUTION,-1,IDEAL,STOPPED,2026-08-03,333.77,Stop Loss Hit,-8.45,47.3,WEAK,OK
2026-07-14,15:09,Failed_Breakout_Short,Failed Breakout Short,JUBLINGREA,SHORT,724.05,724.05,748.67,687.12,662.5,2.5,77,66.0,Chemicals,DISTRIBUTION,-1,IDEAL,STOPPED,2026-07-16,748.67,Stop Loss Hit,-3.4,46.6,WEAK,OK
2026-07-14,15:09,Failed_Breakout_Short,Failed Breakout Short,PFIZER,SHORT,4664.6,4664.6,4779.91,4491.64,4376.33,2.5,72,40.0,Healthcare,DISTRIBUTION,-1,IDEAL,STOPPED,2026-07-29,4779.91,Stop Loss Hit,-2.47,45.9,WEAK,OK
2026-07-14,15:09,Failed_Breakout_Short,Failed Breakout Short,RBLBANK,SHORT,377.95,377.95,385.1,367.22,360.07,2.5,72,88.0,Financial Services,DISTRIBUTION,-1,IDEAL,TARGET,2026-07-16,367.22,Target 1 Hit,2.84,45.3,WEAK,OK
2026-07-14,15:09,Failed_Breakout_Short,Failed Breakout Short,GROWW,SHORT,203.79,203.79,212.2,191.18,182.77,2.5,72,54.0,Financial Services,DISTRIBUTION,-1,IDEAL,STOPPED,2026-07-15,212.2,Stop Loss Hit,-4.13,40.2,WEAK,OK
2026-07-14,15:09,Failed_Breakout_Short,Failed Breakout Short,LTM,SHORT,4062.8,4062.8,4279.28,3738.08,3521.6,2.5,72,21.0,Information Technology,DISTRIBUTION,-1,IDEAL,STOPPED,2026-07-28,4279.28,Stop Loss Hit,-5.33,38.4,WEAK,OK
2026-07-15,12:10,VCP,VCP (Minervini v2),LUPIN,BUY,2493.0,2526.9,2325.22,2829.42,3038.67,2.5,45,62.0,Healthcare,DISTRIBUTION,-1,BLOCKED,STOPPED,2026-08-10,2325.22,Stop Loss Hit,-7.98,42.8,WEAK,OK
2026-07-15,12:10,VCP,VCP (Minervini v2),NAVINFLUOR,BUY,7618.0,7810.0,7252.56,8778.41,10345.42,4.5,39,84.0,Chemicals,DISTRIBUTION,-1,BLOCKED,EXPIRED,2026-08-10,8196.5,Expired (26d > 25d),4.95,40.0,WEAK,OK
2026-07-15,12:10,VCP,VCP (Minervini v2),FEDERALBNK,BUY,327.55,336.5,320.54,373.21,432.61,6.0,49,71.0,Financial Services,DISTRIBUTION,-1,BLOCKED,EXPIRED,2026-08-10,358.35,Expired (26d > 25d),6.49,32.4,WEAK,OK
2026-07-15,12:10,VCP,VCP (Minervini v2),BOSCHLTD,BUY,41445.0,42565.0,39307.48,47451.28,55088.32,3.8,44,69.0,Automobile and Auto Components,DISTRIBUTION,-1,BLOCKED,EXPIRED,2026-08-10,43505.0,Expired (26d > 25d),2.21,31.4,WEAK,OK
2026-07-15,12:10,EMA21_Bounce,21 EMA Bounce,NAVINFLUOR,BUY,7618.0,7618.0,7425.12,7907.32,8100.2,2.5,50,84.0,Chemicals,DISTRIBUTION,-1,BLOCKED,TARGET,2026-07-21,7907.32,Target 1 Hit,3.8,50.3,MODERATE,OK
2026-07-15,12:10,EMA21_Bounce,21 EMA Bounce,CGPOWER,BUY,929.15,929.15,901.97,969.92,997.1,2.5,50,82.0,Capital Goods,DISTRIBUTION,-1,BLOCKED,STOPPED,2026-07-17,901.97,Stop Loss Hit,-2.93,44.2,WEAK,OK
2026-07-15,12:10,EMA21_Bounce,21 EMA Bounce,SHRIRAMFIN,BUY,1033.8,1033.8,1007.55,1073.18,1087.3,2.0,55,47.0,Financial Services,DISTRIBUTION,-1,BLOCKED,TARGET,2026-07-23,1073.18,Target 1 Hit,3.81,42.2,WEAK,OK
2026-07-15,12:10,EMA21_Bounce,21 EMA Bounce,GAIL,BUY,173.15,173.15,168.95,179.45,183.65,2.5,50,68.0,Oil Gas & Consumable Fuels,DISTRIBUTION,-1,BLOCKED,STOPPED,2026-07-24,168.95,Stop Loss Hit,-2.43,41.5,WEAK,OK
2026-07-15,12:10,EMA21_Bounce,21 EMA Bounce,HDFCAMC,BUY,2729.2,2729.2,2636.37,2868.44,2961.27,2.5,55,50.0,Financial Services,DISTRIBUTION,-1,BLOCKED,STOPPED,2026-07-16,2636.37,Stop Loss Hit,-3.4,41.5,WEAK,OK
2026-07-15,12:10,EMA21_Bounce,21 EMA Bounce,NIACL,BUY,180.05,180.05,173.81,192.75,202.14,3.5,50,68.0,Financial Services,DISTRIBUTION,-1,BLOCKED,STOPPED,2026-07-23,173.81,Stop Loss Hit,-3.47,40.3,WEAK,OK
2026-07-15,12:10,EMA21_Bounce,21 EMA Bounce,EICHERMOT,BUY,7404.5,7404.5,7201.04,7709.69,7720.5,1.6,45,52.0,Automobile and Auto Components,DISTRIBUTION,-1,BLOCKED,TARGET,2026-07-21,7709.69,Target 1 Hit,4.12,37.0,WEAK,OK
2026-07-15,12:10,EMA21_Bounce,21 EMA Bounce,ADANIPORTS,BUY,1829.1,1829.1,1798.67,1874.74,1905.17,2.5,50,81.0,Services,DISTRIBUTION,-1,BLOCKED,STOPPED,2026-07-23,1798.67,Stop Loss Hit,-1.66,34.2,WEAK,OK
2026-07-15,12:10,52WH_Breakout,52-Week High Breakout,DIVISLAB,BUY,7273.0,7273.0,7130.82,7905.83,8929.83,8.0,37,82.0,Healthcare,DISTRIBUTION,-1,BLOCKED,TARGET,2026-07-30,7905.83,Target 1 Hit,8.7,38.6,WEAK,OK
2026-07-15,12:10,52WH_Breakout,52-Week High Breakout,BANDHANBNK,BUY,216.52,216.52,211.92,223.42,246.01,6.4,32,95.0,Financial Services,DISTRIBUTION,-1,BLOCKED,STOPPED,2026-07-17,211.92,Stop Loss Hit,-2.12,35.5,WEAK,OK
2026-07-15,12:10,Last30Min_ATH,Near 52W High (EOD),TORNTPHARM,BUY,5017.8,5017.8,4918.1,5611.55,6572.31,8.0,35,88.0,Healthcare,DISTRIBUTION,-1,BLOCKED,STOPPED,2026-07-16,4918.1,Stop Loss Hit,-1.99,49.7,WEAK,OK
2026-07-15,12:10,Last30Min_ATH,Near 52W High (EOD),DIVISLAB,BUY,7273.0,7273.0,7234.0,7905.83,8929.83,8.0,39,82.0,Healthcare,DISTRIBUTION,-1,BLOCKED,STOPPED,2026-07-17,7234.0,Stop Loss Hit,-0.54,39.9,WEAK,OK
2026-07-15,15:09,VCP,VCP (Minervini v2),MEDANTA,BUY,1338.5,1369.7,1289.42,1490.12,1549.6,2.2,47,94.0,Healthcare,DISTRIBUTION,-1,BLOCKED,TARGET,2026-08-10,1490.12,Target 1 Hit,8.79,43.5,WEAK,OK
2026-07-15,15:09,VCP,VCP (Minervini v2),CCL,BUY,1223.0,1242.2,1150.22,1380.17,1564.51,3.5,42,73.0,Fast Moving Consumer Goods,DISTRIBUTION,-1,BLOCKED,STOPPED,2026-07-31,1150.22,Stop Loss Hit,-7.4,39.9,WEAK,OK
2026-07-15,15:09,EMA21_Bounce,21 EMA Bounce,WOCKPHARMA,BUY,1890.2,1890.2,1815.39,2002.42,2077.23,2.5,45,100.0,Healthcare,DISTRIBUTION,-1,BLOCKED,EXPIRED,2026-07-31,1959.7,Expired (16d > 15d),3.68,55.9,MODERATE,OK
2026-07-15,15:09,EMA21_Bounce,21 EMA Bounce,CHENNPETRO,BUY,1157.2,1157.2,1075.75,1279.38,1360.83,2.5,55,78.0,Oil Gas & Consumable Fuels,DISTRIBUTION,-1,BLOCKED,TARGET,2026-07-16,1279.38,Target 1 Hit,10.56,55.6,MODERATE,OK
2026-07-15,15:09,EMA21_Bounce,21 EMA Bounce,PTCIL,BUY,17591.0,17591.0,17288.32,18145.0,18650.0,3.5,50,66.0,Capital Goods,DISTRIBUTION,-1,BLOCKED,TARGET,2026-07-23,18145.0,Target 1 Hit,3.15,54.1,MODERATE,OK
2026-07-15,15:09,EMA21_Bounce,21 EMA Bounce,MEDANTA,BUY,1338.5,1338.5,1295.45,1403.07,1446.12,2.5,50,94.0,Healthcare,DISTRIBUTION,-1,BLOCKED,TARGET,2026-07-27,1403.07,Target 1 Hit,4.82,51.8,MODERATE,OK
2026-07-15,15:09,EMA21_Bounce,21 EMA Bounce,KPRMILL,BUY,1139.8,1139.8,1096.98,1208.7,1231.0,2.1,45,96.0,Textiles,DISTRIBUTION,-1,BLOCKED,STOPPED,2026-07-22,1096.98,Stop Loss Hit,-3.76,50.0,MODERATE,OK
2026-07-15,15:09,EMA21_Bounce,21 EMA Bounce,EMMVEE,BUY,337.8,337.8,325.12,356.82,369.5,2.5,50,100.0,Capital Goods,DISTRIBUTION,-1,BLOCKED,TARGET,2026-07-16,356.82,Target 1 Hit,5.63,49.6,WEAK,OK
2026-07-15,15:09,EMA21_Bounce,21 EMA Bounce,CRAFTSMAN,BUY,9230.5,9230.5,8996.91,9580.88,9814.47,2.5,50,88.0,Automobile and Auto Components,DISTRIBUTION,-1,BLOCKED,TARGET,2026-07-29,9580.88,Target 1 Hit,3.8,48.1,WEAK,OK
2026-07-15,15:09,EMA21_Bounce,21 EMA Bounce,TMCV,BUY,423.55,423.55,410.94,442.46,455.07,2.5,45,43.0,Capital Goods,DISTRIBUTION,-1,BLOCKED,STOPPED,2026-07-17,410.94,Stop Loss Hit,-2.98,46.6,WEAK,OK
2026-07-15,15:09,EMA21_Bounce,21 EMA Bounce,MEESHO,BUY,189.24,189.24,182.33,199.6,206.51,2.5,50,81.0,Consumer Services,DISTRIBUTION,-1,BLOCKED,STOPPED,2026-07-24,182.33,Stop Loss Hit,-3.65,44.4,WEAK,OK
2026-07-15,15:09,EMA21_Bounce,21 EMA Bounce,TITAGARH,BUY,879.1,879.1,846.25,928.38,971.0,2.8,50,89.0,Capital Goods,DISTRIBUTION,-1,BLOCKED,STOPPED,2026-07-20,846.25,Stop Loss Hit,-3.74,42.4,WEAK,OK
2026-07-15,15:09,EMA21_Bounce,21 EMA Bounce,ANGELONE,BUY,343.4,343.4,329.05,364.92,379.27,2.5,55,63.0,Financial Services,DISTRIBUTION,-1,BLOCKED,STOPPED,2026-07-17,329.05,Stop Loss Hit,-4.18,42.1,WEAK,OK
2026-07-15,15:09,EMA21_Bounce,21 EMA Bounce,NIVABUPA,BUY,88.36,88.36,84.82,93.67,97.21,2.5,45,69.0,Financial Services,DISTRIBUTION,-1,BLOCKED,STOPPED,2026-07-22,84.82,Stop Loss Hit,-4.01,40.9,WEAK,OK
2026-07-15,15:09,EMA21_Bounce,21 EMA Bounce,LGEINDIA,BUY,1556.7,1556.7,1498.06,1644.66,1703.3,2.5,50,43.0,Consumer Durables,DISTRIBUTION,-1,BLOCKED,STOPPED,2026-07-30,1498.06,Stop Loss Hit,-3.77,40.7,WEAK,OK
2026-07-15,15:09,EMA21_Bounce,21 EMA Bounce,ZENTEC,BUY,1823.1,1823.1,1774.11,1896.58,1904.0,1.7,50,70.0,Capital Goods,DISTRIBUTION,-1,BLOCKED,STOPPED,2026-07-17,1774.11,Stop Loss Hit,-2.69,40.6,WEAK,OK
2026-07-15,15:09,EMA21_Bounce,21 EMA Bounce,ABSLAMC,BUY,1149.1,1149.1,1120.53,1203.6,1224.9,2.7,50,63.0,Financial Services,DISTRIBUTION,-1,BLOCKED,STOPPED,2026-07-20,1120.53,Stop Loss Hit,-2.49,39.6,WEAK,OK
2026-07-15,15:09,52WH_Breakout,52-Week High Breakout,GABRIEL,BUY,1354.5,1354.5,1268.08,1484.13,1593.98,2.8,42,100.0,Automobile and Auto Components,DISTRIBUTION,-1,BLOCKED,TARGET,2026-07-21,1484.13,Target 1 Hit,9.57,49.1,WEAK,OK
2026-07-15,15:09,52WH_Breakout,52-Week High Breakout,JBCHEPHARM,BUY,2506.0,2506.0,2466.32,2848.42,3402.49,8.0,37,100.0,Healthcare,DISTRIBUTION,-1,BLOCKED,STOPPED,2026-07-16,2466.32,Stop Loss Hit,-1.58,48.4,WEAK,OK
2026-07-15,15:09,52WH_Breakout,52-Week High Breakout,ATHERENERG,BUY,1296.4,1296.4,1224.41,1404.39,1562.82,3.7,42,100.0,Automobile and Auto Components,DISTRIBUTION,-1,BLOCKED,STOPPED,2026-07-23,1224.41,Stop Loss Hit,-5.55,46.7,WEAK,OK
2026-07-15,15:09,52WH_Breakout,52-Week High Breakout,FLUOROCHEM,BUY,4131.6,4131.6,3981.66,4667.16,5533.76,8.0,42,100.0,Chemicals,DISTRIBUTION,-1,BLOCKED,EXPIRED,2026-08-10,4484.0,Expired (26d > 25d),8.53,39.0,WEAK,OK
2026-07-15,15:09,52WH_Breakout,52-Week High Breakout,LLOYDSME,BUY,1866.1,1866.1,1820.16,1935.01,2008.84,3.1,37,77.0,Metals & Mining,DISTRIBUTION,-1,BLOCKED,STOPPED,2026-07-16,1820.16,Stop Loss Hit,-2.46,29.5,WEAK,OK
2026-07-15,15:09,Last30Min_ATH,Near 52W High (EOD),GABRIEL,BUY,1354.5,1354.5,1255.7,1502.7,1593.98,2.4,37,100.0,Automobile and Auto Components,DISTRIBUTION,-1,BLOCKED,TARGET,2026-07-21,1502.7,Target 1 Hit,10.94,50.5,MODERATE,OK
2026-07-15,15:09,Last30Min_ATH,Near 52W High (EOD),JBCHEPHARM,BUY,2506.0,2506.0,2441.3,2848.42,3402.49,8.0,39,100.0,Healthcare,DISTRIBUTION,-1,BLOCKED,STOPPED,2026-07-16,2441.3,Stop Loss Hit,-2.58,49.7,WEAK,OK
2026-07-15,15:09,Last30Min_ATH,Near 52W High (EOD),HFCL,BUY,223.08,223.08,214.3,236.25,301.49,8.0,33,100.0,Telecommunication,DISTRIBUTION,-1,BLOCKED,STOPPED,2026-07-17,214.3,Stop Loss Hit,-3.94,48.5,WEAK,OK
2026-07-15,15:09,Last30Min_ATH,Near 52W High (EOD),FLUOROCHEM,BUY,4131.6,4131.6,3923.9,4667.16,5533.76,6.8,39,100.0,Chemicals,DISTRIBUTION,-1,BLOCKED,EXPIRED,2026-07-31,4366.8,Expired (16d > 15d),5.69,40.4,WEAK,OK
2026-07-15,15:09,Last30Min_ATH,Near 52W High (EOD),LLOYDSME,BUY,1866.1,1866.1,1810.9,1948.9,2008.84,2.6,39,77.0,Metals & Mining,DISTRIBUTION,-1,BLOCKED,STOPPED,2026-07-17,1810.9,Stop Loss Hit,-2.96,30.8,WEAK,OK
2026-07-15,15:09,Failed_Breakout_Short,Failed Breakout Short,3MINDIA,SHORT,35930.0,35930.0,37190.5,34039.25,32778.75,2.5,77,77.0,Diversified,DISTRIBUTION,-1,IDEAL,EXPIRED,2026-08-10,35900.0,Expired (26d > 25d),0.08,62.2,MODERATE,OK
2026-07-15,15:09,Failed_Breakout_Short,Failed Breakout Short,SHYAMMETL,SHORT,1033.75,1033.75,1057.47,998.17,974.45,2.5,77,91.0,Capital Goods,DISTRIBUTION,-1,IDEAL,STOPPED,2026-07-16,1057.47,Stop Loss Hit,-2.29,48.8,WEAK,OK
2026-07-16,12:14,VCP,VCP (Minervini v2),LUPIN,BUY,2500.5,2529.5,2331.78,2826.08,3045.48,2.6,45,67.0,Healthcare,DISTRIBUTION,-1,BLOCKED,STOPPED,2026-08-10,2331.78,Stop Loss Hit,-7.82,46.1,WEAK,OK
2026-07-16,12:14,VCP,VCP (Minervini v2),NAVINFLUOR,BUY,7650.0,7810.0,7252.56,8771.31,10326.84,4.5,41,91.0,Chemicals,DISTRIBUTION,-1,BLOCKED,TARGET,2026-08-06,8771.31,Target 1 Hit,12.31,42.5,WEAK,OK
2026-07-16,12:14,VCP,VCP (Minervini v2),FEDERALBNK,BUY,326.6,336.5,320.54,373.21,432.61,6.0,49,72.0,Financial Services,DISTRIBUTION,-1,BLOCKED,EXPIRED,2026-08-11,354.55,Expired (26d > 25d),5.36,33.2,WEAK,OK
2026-07-16,12:14,EMA21_Bounce,21 EMA Bounce,SCHAEFFLER,BUY,4131.7,4131.7,4050.84,4252.99,4333.85,2.5,55,51.0,Automobile and Auto Components,DISTRIBUTION,-1,BLOCKED,STOPPED,2026-07-23,4050.84,Stop Loss Hit,-1.96,50.2,MODERATE,OK
2026-07-16,12:14,EMA21_Bounce,21 EMA Bounce,CUMMINSIND,BUY,5592.0,5592.0,5401.02,5878.47,6069.45,2.5,55,70.0,Capital Goods,DISTRIBUTION,-1,BLOCKED,STOPPED,2026-07-17,5401.02,Stop Loss Hit,-3.42,43.8,WEAK,OK
2026-07-16,12:14,EMA21_Bounce,21 EMA Bounce,EICHERMOT,BUY,7418.5,7418.5,7279.52,7626.97,7720.5,2.2,45,56.0,Automobile and Auto Components,DISTRIBUTION,-1,BLOCKED,TARGET,2026-07-21,7626.97,Target 1 Hit,2.81,41.1,WEAK,OK
2026-07-16,12:14,EMA21_Bounce,21 EMA Bounce,SIEMENS,BUY,3657.6,3657.6,3508.67,3881.0,4029.93,2.5,55,48.0,Capital Goods,DISTRIBUTION,-1,BLOCKED,TARGET,2026-08-03,3881.0,Target 1 Hit,6.11,39.8,WEAK,OK
2026-07-16,12:14,EMA21_Bounce,21 EMA Bounce,HAL,BUY,4433.8,4433.8,4349.85,4559.73,4643.68,2.5,50,54.0,Capital Goods,DISTRIBUTION,-1,BLOCKED,TARGET,2026-07-21,4559.73,Target 1 Hit,2.84,35.3,WEAK,OK
2026-07-16,12:14,52WH_Breakout,52-Week High Breakout,BHEL,BUY,435.4,435.4,415.89,464.66,498.67,3.2,42,100.0,Capital Goods,DISTRIBUTION,-1,BLOCKED,STOPPED,2026-07-20,415.89,Stop Loss Hit,-4.48,40.4,WEAK,OK
2026-07-16,12:14,Last30Min_ATH,Near 52W High (EOD),TITAN,BUY,4625.8,4625.8,4580.0,4694.5,5043.54,8.0,35,58.0,Consumer Durables,DISTRIBUTION,-1,BLOCKED,TARGET,2026-07-22,4694.5,Target 1 Hit,1.49,38.6,WEAK,OK
2026-07-16,12:14,Failed_Breakout_Short,Failed Breakout Short,TORNTPHARM,SHORT,4987.6,4987.6,5122.23,4785.66,4651.03,2.5,80,93.0,Healthcare,DISTRIBUTION,-1,IDEAL,TARGET,2026-07-17,4785.66,Target 1 Hit,4.05,64.6,MODERATE,OK
2026-07-16,12:14,Failed_Breakout_Short,Failed Breakout Short,ICICIPRULI,SHORT,508.85,508.85,536.75,467.0,439.1,2.5,75,37.0,Financial Services,DISTRIBUTION,-1,IDEAL,EXPIRED,2026-08-11,501.5,Expired (26d > 25d),1.44,53.3,MODERATE,OK
2026-07-16,15:19,VCP,VCP (Minervini v2),MEDANTA,BUY,1332.2,1369.7,1289.42,1490.12,1539.09,2.1,47,98.0,Healthcare,DISTRIBUTION,-1,BLOCKED,TARGET,2026-08-10,1490.12,Target 1 Hit,8.79,44.6,WEAK,OK
2026-07-16,15:19,EMA21_Bounce,21 EMA Bounce,MINDACORP,BUY,682.95,682.95,664.32,710.9,711.5,1.5,50,100.0,Automobile and Auto Components,DISTRIBUTION,-1,BLOCKED,STOPPED,2026-07-23,664.32,Stop Loss Hit,-2.73,53.1,MODERATE,OK
2026-07-16,15:19,EMA21_Bounce,21 EMA Bounce,ZEEL,BUY,105.82,105.82,97.62,118.12,126.32,2.5,50,95.0,Media Entertainment & Publication,DISTRIBUTION,-1,BLOCKED,STOPPED,2026-08-03,97.62,Stop Loss Hit,-7.75,53.0,MODERATE,OK
2026-07-16,15:19,EMA21_Bounce,21 EMA Bounce,CREDITACC,BUY,1495.1,1495.1,1446.64,1567.79,1568.0,1.5,50,88.0,Financial Services,DISTRIBUTION,-1,BLOCKED,TARGET,2026-07-27,1567.79,Target 1 Hit,4.86,50.5,MODERATE,OK
2026-07-16,15:19,EMA21_Bounce,21 EMA Bounce,SOLARINDS,BUY,18400.0,18400.0,17790.12,19314.82,19924.7,2.5,45,97.0,Chemicals,DISTRIBUTION,-1,BLOCKED,EXPIRED,2026-08-03,18659.0,Expired (18d > 15d),1.41,48.1,WEAK,OK
2026-07-16,15:19,EMA21_Bounce,21 EMA Bounce,PPLPHARMA,BUY,174.79,174.79,167.85,185.2,186.32,1.7,50,83.0,Healthcare,DISTRIBUTION,-1,BLOCKED,TARGET,2026-07-21,185.2,Target 1 Hit,5.96,46.7,WEAK,OK
2026-07-16,15:19,EMA21_Bounce,21 EMA Bounce,BHARATFORG,BUY,2104.7,2104.7,2049.57,2187.39,2242.52,2.5,45,74.0,Automobile and Auto Components,DISTRIBUTION,-1,BLOCKED,TARGET,2026-07-17,2187.39,Target 1 Hit,3.93,45.0,WEAK,OK
2026-07-16,15:19,EMA21_Bounce,21 EMA Bounce,LGEINDIA,BUY,1581.3,1581.3,1531.11,1656.58,1706.77,2.5,50,47.0,Consumer Durables,DISTRIBUTION,-1,BLOCKED,STOPPED,2026-07-22,1531.11,Stop Loss Hit,-3.17,42.4,WEAK,OK
2026-07-16,15:19,EMA21_Bounce,21 EMA Bounce,USHAMART,BUY,500.25,500.25,485.81,521.91,536.35,2.5,45,77.0,Capital Goods,DISTRIBUTION,-1,BLOCKED,STOPPED,2026-07-17,485.81,Stop Loss Hit,-2.89,38.8,WEAK,OK
2026-07-16,15:19,EMA21_Bounce,21 EMA Bounce,CIEINDIA,BUY,472.6,472.6,455.78,497.83,514.65,2.5,50,48.0,Automobile and Auto Components,DISTRIBUTION,-1,BLOCKED,STOPPED,2026-07-23,455.78,Stop Loss Hit,-3.56,36.3,WEAK,OK
2026-07-16,15:19,52WH_Breakout,52-Week High Breakout,IPCALAB,BUY,1890.2,1890.2,1852.84,1946.24,2149.88,7.0,42,100.0,Healthcare,DISTRIBUTION,-1,BLOCKED,STOPPED,2026-07-17,1852.84,Stop Loss Hit,-1.98,54.4,MODERATE,OK
2026-07-16,15:19,52WH_Breakout,52-Week High Breakout,HSCL,BUY,722.35,722.35,687.15,775.15,835.74,3.2,32,100.0,Chemicals,DISTRIBUTION,-1,BLOCKED,TARGET,2026-07-20,775.15,Target 1 Hit,7.31,44.9,WEAK,OK
2026-07-16,15:19,Last30Min_ATH,Near 52W High (EOD),SAILIFE,BUY,1294.9,1294.9,1255.0,1508.48,1854.08,8.0,35,100.0,Healthcare,DISTRIBUTION,-1,BLOCKED,STOPPED,2026-07-22,1255.0,Stop Loss Hit,-3.08,49.7,WEAK,OK
2026-07-16,15:19,Failed_Breakout_Short,Failed Breakout Short,NUVOCO,SHORT,357.95,357.95,403.12,290.19,245.02,2.5,77,86.0,Construction Materials,DISTRIBUTION,-1,IDEAL,EXPIRED,2026-08-11,331.25,Expired (26d > 25d),7.46,65.1,STRONG,OK
2026-07-16,15:19,Failed_Breakout_Short,Failed Breakout Short,JBCHEPHARM,SHORT,2408.9,2408.9,2543.43,2207.11,2072.58,2.5,80,94.0,Healthcare,DISTRIBUTION,-1,IDEAL,EXPIRED,2026-07-23,2408.9,Expired (26d > 25d),0.0,64.6,MODERATE,OK
2026-07-16,15:19,Failed_Breakout_Short,Failed Breakout Short,PAYTM,SHORT,1361.1,1361.1,1420.93,1271.35,1211.52,2.5,77,84.0,Financial Services,DISTRIBUTION,-1,IDEAL,TARGET,2026-07-22,1271.35,Target 1 Hit,6.59,62.6,MODERATE,OK
2026-07-16,15:19,Failed_Breakout_Short,Failed Breakout Short,3MINDIA,SHORT,35445.0,35445.0,37213.32,32792.52,31024.2,2.5,72,76.0,Diversified,DISTRIBUTION,-1,IDEAL,EXPIRED,2026-08-11,36115.0,Expired (26d > 25d),-1.89,58.6,MODERATE,OK
2026-07-16,15:19,Failed_Breakout_Short,Failed Breakout Short,SIGNATURE,SHORT,793.15,793.15,910.09,617.74,500.8,2.5,72,43.0,Realty,DISTRIBUTION,-1,IDEAL,EXPIRED,2026-08-11,814.9,Expired (26d > 25d),-2.74,53.1,MODERATE,OK
2026-07-16,15:19,Failed_Breakout_Short,Failed Breakout Short,RBLBANK,SHORT,362.8,362.8,385.61,328.58,305.77,2.5,75,77.0,Financial Services,DISTRIBUTION,-1,IDEAL,STOPPED,2026-08-05,385.61,Stop Loss Hit,-6.29,48.9,WEAK,OK
2026-07-16,15:19,Failed_Breakout_Short,Failed Breakout Short,GROWW,SHORT,205.64,205.64,223.54,178.79,160.89,2.5,72,43.0,Financial Services,DISTRIBUTION,-1,IDEAL,EXPIRED,2026-08-11,193.5,Expired (26d > 25d),5.9,46.6,WEAK,OK
2026-07-17,12:02,VCP,VCP (Minervini v2),NAVINFLUOR,BUY,7579.0,7810.0,7252.56,8662.99,10043.22,4.0,41,92.0,Chemicals,DISTRIBUTION,-1,BLOCKED,TARGET,2026-08-06,8662.99,Target 1 Hit,10.92,41.1,WEAK,OK
2026-07-17,12:02,EMA21_Bounce,21 EMA Bounce,MARICO,BUY,844.0,844.0,821.73,877.4,899.67,2.5,50,69.0,Fast Moving Consumer Goods,DISTRIBUTION,-1,BLOCKED,TARGET,2026-07-28,877.4,Target 1 Hit,3.96,50.3,MODERATE,OK
2026-07-17,12:02,EMA21_Bounce,21 EMA Bounce,ABCAPITAL,BUY,401.55,401.55,387.94,421.96,435.57,2.5,50,79.0,Financial Services,DISTRIBUTION,-1,BLOCKED,STOPPED,2026-07-24,387.94,Stop Loss Hit,-3.39,46.7,WEAK,OK
2026-07-17,12:02,EMA21_Bounce,21 EMA Bounce,NAM-INDIA,BUY,1186.5,1186.5,1128.77,1273.1,1330.83,2.5,50,76.0,Financial Services,DISTRIBUTION,-1,BLOCKED,STOPPED,2026-07-23,1128.77,Stop Loss Hit,-4.87,45.2,WEAK,OK
2026-07-17,12:02,EMA21_Bounce,21 EMA Bounce,AXISBANK,BUY,1328.5,1328.5,1290.67,1385.24,1423.07,2.5,50,43.0,Financial Services,DISTRIBUTION,-1,BLOCKED,STOPPED,2026-07-20,1290.67,Stop Loss Hit,-2.85,41.3,WEAK,OK
2026-07-17,12:02,EMA21_Bounce,21 EMA Bounce,MOTHERSON,BUY,144.17,144.17,141.15,148.7,151.72,2.5,45,69.0,Automobile and Auto Components,DISTRIBUTION,-1,BLOCKED,TARGET,2026-07-27,148.7,Target 1 Hit,3.14,39.8,WEAK,OK
2026-07-17,12:02,EMA21_Bounce,21 EMA Bounce,NESTLEIND,BUY,1427.2,1427.2,1390.86,1481.71,1518.05,2.5,45,56.0,Fast Moving Consumer Goods,DISTRIBUTION,-1,BLOCKED,TARGET,2026-07-22,1481.71,Target 1 Hit,3.82,38.5,WEAK,OK
2026-07-17,12:02,EMA21_Bounce,21 EMA Bounce,EICHERMOT,BUY,7563.5,7563.5,7307.22,7947.92,8204.2,2.5,50,59.0,Automobile and Auto Components,DISTRIBUTION,-1,BLOCKED,TARGET,2026-08-03,7947.92,Target 1 Hit,5.08,38.4,WEAK,OK
2026-07-17,12:02,EMA21_Bounce,21 EMA Bounce,SHRIRAMFIN,BUY,1034.9,1034.9,1008.22,1074.92,1087.3,2.0,50,49.0,Financial Services,DISTRIBUTION,-1,BLOCKED,TARGET,2026-07-23,1074.92,Target 1 Hit,3.87,38.4,WEAK,OK
2026-07-17,12:02,EMA21_Bounce,21 EMA Bounce,HAL,BUY,4500.7,4500.7,4376.25,4718.17,4808.6,2.5,45,55.0,Capital Goods,DISTRIBUTION,-1,BLOCKED,EXPIRED,2026-08-03,4690.0,Expired (17d > 15d),4.21,37.3,WEAK,OK
2026-07-17,12:02,EMA21_Bounce,21 EMA Bounce,ADANIPORTS,BUY,1837.4,1837.4,1797.59,1897.12,1992.57,3.9,45,82.0,Services,DISTRIBUTION,-1,BLOCKED,STOPPED,2026-07-23,1797.59,Stop Loss Hit,-2.17,36.5,WEAK,OK
2026-07-17,12:02,EMA21_Bounce,21 EMA Bounce,ASIANPAINT,BUY,2689.0,2689.0,2639.23,2763.66,2813.43,2.5,50,62.0,Consumer Durables,DISTRIBUTION,-1,BLOCKED,STOPPED,2026-07-24,2639.23,Stop Loss Hit,-1.85,33.4,WEAK,OK
2026-07-17,12:02,EMA21_Bounce,21 EMA Bounce,LICHSGFIN,BUY,549.9,549.9,537.5,568.5,580.9,2.5,45,47.0,Financial Services,DISTRIBUTION,-1,BLOCKED,STOPPED,2026-07-23,537.5,Stop Loss Hit,-2.25,32.7,WEAK,OK
2026-07-17,12:02,EMA21_Bounce,21 EMA Bounce,SIEMENS,BUY,3658.8,3658.8,3531.69,3849.46,3976.57,2.5,50,41.0,Capital Goods,DISTRIBUTION,-1,BLOCKED,TARGET,2026-08-03,3849.46,Target 1 Hit,5.21,30.7,WEAK,OK
2026-07-17,12:02,52WH_Breakout,52-Week High Breakout,EXIDEIND,BUY,435.2,435.2,425.31,499.03,602.32,8.0,42,97.0,Automobile and Auto Components,DISTRIBUTION,-1,BLOCKED,STOPPED,2026-07-27,425.31,Stop Loss Hit,-2.27,52.6,MODERATE,OK
2026-07-17,12:02,52WH_Breakout,52-Week High Breakout,SONACOMS,BUY,704.85,704.85,681.05,798.11,949.02,8.0,37,90.0,Automobile and Auto Components,DISTRIBUTION,-1,BLOCKED,TARGET,2026-08-05,798.11,Target 1 Hit,13.23,44.6,WEAK,OK
2026-07-17,12:02,52WH_Breakout,52-Week High Breakout,FEDERALBNK,BUY,349.0,349.0,332.48,393.43,465.33,7.0,42,86.0,Financial Services,DISTRIBUTION,-1,BLOCKED,EXPIRED,2026-08-12,356.85,Expired (26d > 25d),2.25,41.5,WEAK,OK
2026-07-17,12:02,Last30Min_ATH,Near 52W High (EOD),EXIDEIND,BUY,435.2,435.2,418.55,499.03,602.32,8.0,39,97.0,Automobile and Auto Components,DISTRIBUTION,-1,BLOCKED,EXPIRED,2026-08-03,444.7,Expired (17d > 15d),2.18,53.9,MODERATE,OK
2026-07-17,12:02,Last30Min_ATH,Near 52W High (EOD),SONACOMS,BUY,704.85,704.85,680.35,798.11,949.02,8.0,39,90.0,Automobile and Auto Components,DISTRIBUTION,-1,BLOCKED,EXPIRED,2026-08-03,785.0,Expired (17d > 15d),11.37,45.9,WEAK,OK
2026-07-17,12:02,Last30Min_ATH,Near 52W High (EOD),FEDERALBNK,BUY,349.0,349.0,323.4,393.43,465.33,4.5,39,86.0,Financial Services,DISTRIBUTION,-1,BLOCKED,EXPIRED,2026-08-03,371.7,Expired (17d > 15d),6.5,42.9,WEAK,OK
2026-07-17,12:02,Failed_Breakout_Short,Failed Breakout Short,BIOCON,SHORT,437.2,437.2,451.56,415.66,401.3,2.5,72,95.0,Healthcare,DISTRIBUTION,-1,IDEAL,EXPIRED,2026-08-12,427.4,Expired (26d > 25d),2.24,67.6,STRONG,OK
2026-07-17,12:02,Failed_Breakout_Short,Failed Breakout Short,BHEL,SHORT,422.0,422.0,451.43,377.86,348.43,2.5,75,100.0,Capital Goods,DISTRIBUTION,-1,IDEAL,EXPIRED,2026-08-12,420.0,Expired (26d > 25d),0.47,65.6,STRONG,OK
2026-07-17,12:02,Failed_Breakout_Short,Failed Breakout Short,DIVISLAB,SHORT,7247.5,7247.5,7437.34,6962.74,6772.9,2.5,77,81.0,Healthcare,DISTRIBUTION,-1,IDEAL,STOPPED,2026-07-20,7437.34,Stop Loss Hit,-2.62,64.6,MODERATE,OK
2026-07-17,12:02,Failed_Breakout_Short,Failed Breakout Short,TORNTPHARM,SHORT,4763.0,4763.0,5123.42,4222.37,3861.95,2.5,72,84.0,Healthcare,DISTRIBUTION,-1,IDEAL,STOPPED,2026-07-31,5123.42,Stop Loss Hit,-7.57,63.1,MODERATE,OK
2026-07-17,12:02,Failed_Breakout_Short,Failed Breakout Short,ULTRACEMCO,SHORT,11727.0,11727.0,11937.44,11411.34,11200.9,2.5,72,43.0,Construction Materials,DISTRIBUTION,-1,IDEAL,STOPPED,2026-07-20,11937.44,Stop Loss Hit,-1.79,42.0,WEAK,OK
2026-07-17,14:59,EMA21_Bounce,21 EMA Bounce,PTCIL,BUY,17941.0,17941.0,17126.25,19163.12,19977.87,2.5,50,76.0,Capital Goods,DISTRIBUTION,-1,BLOCKED,EXPIRED,2026-08-03,17981.0,Expired (17d > 15d),0.22,62.8,MODERATE,OK
2026-07-17,14:59,EMA21_Bounce,21 EMA Bounce,WOCKPHARMA,BUY,1900.7,1900.7,1792.85,2062.48,2170.33,2.5,45,100.0,Healthcare,DISTRIBUTION,-1,BLOCKED,EXPIRED,2026-08-03,2028.4,Expired (17d > 15d),6.72,53.9,MODERATE,OK
2026-07-17,14:59,EMA21_Bounce,21 EMA Bounce,PWL,BUY,136.05,136.05,123.14,159.43,161.99,2.0,45,100.0,Consumer Services,DISTRIBUTION,-1,BLOCKED,STOPPED,2026-07-27,123.14,Stop Loss Hit,-9.49,52.9,MODERATE,OK
2026-07-17,14:59,EMA21_Bounce,21 EMA Bounce,NUVAMA,BUY,1863.1,1863.1,1786.51,1977.98,1993.7,1.7,50,100.0,Financial Services,DISTRIBUTION,-1,BLOCKED,TARGET,2026-07-24,1977.98,Target 1 Hit,6.17,52.6,MODERATE,OK
2026-07-17,14:59,EMA21_Bounce,21 EMA Bounce,KPRMILL,BUY,1140.3,1140.3,1093.41,1210.63,1231.0,1.9,50,96.0,Textiles,DISTRIBUTION,-1,BLOCKED,STOPPED,2026-07-22,1093.41,Stop Loss Hit,-4.11,50.4,MODERATE,OK
2026-07-17,14:59,EMA21_Bounce,21 EMA Bounce,SOLARINDS,BUY,18467.0,18467.0,17833.4,19417.4,20051.0,2.5,50,92.0,Chemicals,DISTRIBUTION,-1,BLOCKED,EXPIRED,2026-08-03,18659.0,Expired (17d > 15d),1.04,45.7,WEAK,OK
2026-07-17,14:59,EMA21_Bounce,21 EMA Bounce,MOTILALOFS,BUY,967.1,967.1,933.58,1017.38,1050.9,2.5,50,89.0,Financial Services,DISTRIBUTION,-1,BLOCKED,STOPPED,2026-07-22,933.58,Stop Loss Hit,-3.47,43.7,WEAK,OK
2026-07-17,14:59,EMA21_Bounce,21 EMA Bounce,PNBHOUSING,BUY,1099.8,1099.8,1056.47,1164.79,1208.12,2.5,45,72.0,Financial Services,DISTRIBUTION,-1,BLOCKED,STOPPED,2026-07-24,1056.47,Stop Loss Hit,-3.94,43.6,WEAK,OK
2026-07-17,14:59,EMA21_Bounce,21 EMA Bounce,ABSLAMC,BUY,1150.6,1150.6,1104.81,1219.28,1265.07,2.5,50,76.0,Financial Services,DISTRIBUTION,-1,BLOCKED,STOPPED,2026-07-21,1104.81,Stop Loss Hit,-3.98,43.5,WEAK,OK
2026-07-17,14:59,EMA21_Bounce,21 EMA Bounce,360ONE,BUY,1113.7,1113.7,1067.94,1182.34,1228.1,2.5,55,63.0,Financial Services,DISTRIBUTION,-1,BLOCKED,STOPPED,2026-07-24,1067.94,Stop Loss Hit,-4.11,42.4,WEAK,OK
2026-07-17,14:59,EMA21_Bounce,21 EMA Bounce,TATACAP,BUY,354.2,354.2,346.2,366.2,374.0,2.5,45,60.0,Financial Services,DISTRIBUTION,-1,BLOCKED,STOPPED,2026-07-22,346.2,Stop Loss Hit,-2.26,41.1,WEAK,OK
2026-07-17,14:59,EMA21_Bounce,21 EMA Bounce,ANTHEM,BUY,777.0,777.0,746.55,822.68,853.13,2.5,55,55.0,Healthcare,DISTRIBUTION,-1,BLOCKED,STOPPED,2026-07-22,746.55,Stop Loss Hit,-3.92,40.9,WEAK,OK
2026-07-17,14:59,EMA21_Bounce,21 EMA Bounce,MEESHO,BUY,187.87,187.87,181.28,197.76,204.35,2.5,45,61.0,Consumer Services,DISTRIBUTION,-1,BLOCKED,STOPPED,2026-07-24,181.28,Stop Loss Hit,-3.51,40.3,WEAK,OK
2026-07-17,14:59,EMA21_Bounce,21 EMA Bounce,RBLBANK,BUY,368.1,368.1,354.82,388.02,401.3,2.5,50,82.0,Financial Services,DISTRIBUTION,-1,BLOCKED,STOPPED,2026-07-22,354.82,Stop Loss Hit,-3.61,40.2,WEAK,OK
2026-07-17,14:59,EMA21_Bounce,21 EMA Bounce,CIEINDIA,BUY,473.7,473.7,458.13,497.05,512.62,2.5,50,45.0,Automobile and Auto Components,DISTRIBUTION,-1,BLOCKED,STOPPED,2026-07-23,458.13,Stop Loss Hit,-3.29,38.4,WEAK,OK
2026-07-17,14:59,52WH_Breakout,52-Week High Breakout,HSCL,BUY,741.55,741.55,720.51,866.81,1069.49,8.0,32,100.0,Chemicals,DISTRIBUTION,-1,BLOCKED,EXPIRED,2026-08-12,762.4,Expired (26d > 25d),2.81,40.4,WEAK,OK
2026-07-17,14:59,Last30Min_ATH,Near 52W High (EOD),BHARATFORG,BUY,2190.5,2190.5,2101.0,2324.75,2423.92,2.6,35,81.0,Automobile and Auto Components,DISTRIBUTION,-1,BLOCKED,EXPIRED,2026-08-03,2211.0,Expired (17d > 15d),0.94,42.7,WEAK,OK
2026-07-17,14:59,Last30Min_ATH,Near 52W High (EOD),HSCL,BUY,741.55,741.55,706.55,866.81,1069.49,8.0,39,100.0,Chemicals,DISTRIBUTION,-1,BLOCKED,EXPIRED,2026-08-03,750.65,Expired (17d > 15d),1.23,41.7,WEAK,OK
2026-07-17,14:59,Last30Min_ATH,Near 52W High (EOD),LLOYDSME,BUY,1865.4,1865.4,1799.1,1964.85,2007.71,2.1,35,72.0,Metals & Mining,DISTRIBUTION,-1,BLOCKED,TARGET,2026-07-27,1964.85,Target 1 Hit,5.33,30.1,WEAK,OK
2026-07-17,14:59,Failed_Breakout_Short,Failed Breakout Short,CHENNPETRO,SHORT,1200.6,1200.6,1296.44,1056.84,961.0,2.5,72,74.0,Oil Gas & Consumable Fuels,DISTRIBUTION,-1,IDEAL,STOPPED,2026-07-22,1296.44,Stop Loss Hit,-7.98,60.3,MODERATE,OK
2026-07-17,14:59,Failed_Breakout_Short,Failed Breakout Short,IIFL,SHORT,555.2,555.2,580.36,517.46,492.3,2.5,77,88.0,Financial Services,DISTRIBUTION,-1,IDEAL,STOPPED,2026-07-22,580.36,Stop Loss Hit,-4.53,59.6,MODERATE,OK
2026-07-17,14:59,Failed_Breakout_Short,Failed Breakout Short,VIJAYA,SHORT,1341.3,1341.3,1457.65,1166.77,1050.42,2.5,75,100.0,Healthcare,DISTRIBUTION,-1,IDEAL,STOPPED,2026-08-12,1457.65,Stop Loss Hit,-8.67,59.6,MODERATE,OK
2026-07-17,14:59,Failed_Breakout_Short,Failed Breakout Short,HYUNDAI,SHORT,1993.3,1993.3,2081.11,1861.58,1773.77,2.5,72,66.0,Automobile and Auto Components,DISTRIBUTION,-1,IDEAL,STOPPED,2026-07-31,2081.11,Stop Loss Hit,-4.41,58.8,MODERATE,OK
2026-07-17,14:59,Failed_Breakout_Short,Failed Breakout Short,EMMVEE,SHORT,345.05,345.05,376.68,297.6,265.97,2.5,72,100.0,Capital Goods,DISTRIBUTION,-1,IDEAL,EXPIRED,2026-08-12,317.2,Expired (26d > 25d),8.07,58.1,MODERATE,OK
2026-07-17,14:59,Failed_Breakout_Short,Failed Breakout Short,GRANULES,SHORT,880.8,880.8,917.18,826.23,789.85,2.5,77,100.0,Healthcare,DISTRIBUTION,-1,IDEAL,TARGET,2026-07-27,826.23,Target 1 Hit,6.2,58.1,MODERATE,OK
2026-07-17,14:59,Failed_Breakout_Short,Failed Breakout Short,CPPLUS,SHORT,3614.4,3614.4,3909.51,3171.73,2876.62,2.5,72,100.0,Capital Goods,DISTRIBUTION,-1,IDEAL,STOPPED,2026-08-11,3909.51,Stop Loss Hit,-8.16,56.6,MODERATE,OK
2026-07-17,14:59,Failed_Breakout_Short,Failed Breakout Short,JSWCEMENT,SHORT,139.93,139.93,143.93,133.93,129.93,2.5,80,70.0,Construction Materials,DISTRIBUTION,-1,IDEAL,TARGET,2026-07-23,133.93,Target 1 Hit,4.29,52.3,MODERATE,OK
2026-07-17,14:59,Failed_Breakout_Short,Failed Breakout Short,DALBHARAT,SHORT,1823.2,1823.2,1853.86,1731.8,1712.87,3.6,77,34.0,Construction Materials,DISTRIBUTION,-1,IDEAL,STOPPED,2026-07-20,1853.86,Stop Loss Hit,-1.68,47.4,WEAK,OK
2026-07-17,14:59,Failed_Breakout_Short,Failed Breakout Short,LATENTVIEW,SHORT,303.85,303.85,318.58,281.76,267.03,2.5,72,53.0,Information Technology,DISTRIBUTION,-1,IDEAL,STOPPED,2026-07-27,318.58,Stop Loss Hit,-4.85,43.6,WEAK,OK
2026-07-17,14:59,Failed_Breakout_Short,Failed Breakout Short,ERIS,SHORT,1455.4,1455.4,1511.11,1371.84,1316.13,2.5,72,63.0,Healthcare,DISTRIBUTION,-1,IDEAL,TARGET,2026-07-30,1371.84,Target 1 Hit,5.74,41.6,WEAK,OK
2026-07-20,13:00,VCP,VCP (Minervini v2),ZYDUSLIFE,BUY,1149.0,1181.5,1089.62,1361.4,1652.5,5.1,45,94.0,Healthcare,DISTRIBUTION,-1,BLOCKED,EXPIRED,2026-08-17,1131.5,Expired (28d > 25d),-4.23,44.3,WEAK,OK
2026-07-20,13:00,VCP,VCP (Minervini v2),ADANIPORTS,BUY,1844.0,1891.1,1773.69,2077.12,2378.12,4.1,38,82.0,Services,DISTRIBUTION,-1,BLOCKED,STOPPED,2026-07-23,1773.69,Stop Loss Hit,-6.21,31.1,WEAK,OK
2026-07-20,13:00,EMA21_Bounce,21 EMA Bounce,LUPIN,BUY,2478.5,2478.5,2396.73,2601.15,2682.92,2.5,45,64.0,Healthcare,DISTRIBUTION,-1,BLOCKED,STOPPED,2026-07-23,2396.73,Stop Loss Hit,-3.3,56.7,MODERATE,OK
2026-07-20,13:00,EMA21_Bounce,21 EMA Bounce,APOLLOHOSP,BUY,8905.0,8905.0,8670.11,9257.33,9735.28,3.5,45,80.0,Healthcare,DISTRIBUTION,-1,BLOCKED,EXPIRED,2026-08-05,8910.0,Expired (16d > 15d),0.06,53.9,MODERATE,OK
2026-07-20,13:00,EMA21_Bounce,21 EMA Bounce,CIPLA,BUY,1441.6,1441.6,1406.18,1494.73,1530.15,2.5,45,74.0,Healthcare,DISTRIBUTION,-1,BLOCKED,STOPPED,2026-07-22,1406.18,Stop Loss Hit,-2.46,53.0,MODERATE,OK
2026-07-20,13:00,EMA21_Bounce,21 EMA Bounce,ADANIENT,BUY,3183.3,3183.3,3061.64,3365.79,3487.45,2.5,45,100.0,Metals & Mining,DISTRIBUTION,-1,BLOCKED,STOPPED,2026-07-23,3061.64,Stop Loss Hit,-3.82,52.6,MODERATE,OK
2026-07-20,13:00,EMA21_Bounce,21 EMA Bounce,ADANIGREEN,BUY,1530.0,1530.0,1469.68,1620.48,1680.8,2.5,50,100.0,Power,DISTRIBUTION,-1,BLOCKED,STOPPED,2026-07-22,1469.68,Stop Loss Hit,-3.94,51.6,MODERATE,OK
2026-07-20,13:00,EMA21_Bounce,21 EMA Bounce,MARICO,BUY,855.3,855.3,828.78,895.08,921.6,2.5,50,71.0,Fast Moving Consumer Goods,DISTRIBUTION,-1,BLOCKED,EXPIRED,2026-08-05,852.0,Expired (16d > 15d),-0.39,48.1,WEAK,OK
2026-07-20,13:00,EMA21_Bounce,21 EMA Bounce,GMRAIRPORT,BUY,111.54,111.54,108.39,116.27,119.42,2.5,50,82.0,Services,DISTRIBUTION,-1,BLOCKED,STOPPED,2026-07-23,108.39,Stop Loss Hit,-2.82,47.0,WEAK,OK
2026-07-20,13:00,EMA21_Bounce,21 EMA Bounce,AUROPHARMA,BUY,1559.6,1559.6,1513.99,1628.02,1636.8,1.7,50,68.0,Healthcare,DISTRIBUTION,-1,BLOCKED,STOPPED,2026-07-23,1513.99,Stop Loss Hit,-2.92,45.3,WEAK,OK
2026-07-20,13:00,EMA21_Bounce,21 EMA Bounce,SCHAEFFLER,BUY,4155.2,4155.2,4077.12,4272.32,4350.4,2.5,50,48.0,Automobile and Auto Components,DISTRIBUTION,-1,BLOCKED,STOPPED,2026-07-23,4077.12,Stop Loss Hit,-1.88,43.9,WEAK,OK
2026-07-20,13:00,EMA21_Bounce,21 EMA Bounce,ABCAPITAL,BUY,401.15,401.15,388.72,419.79,432.22,2.5,50,80.0,Financial Services,DISTRIBUTION,-1,BLOCKED,STOPPED,2026-07-24,388.72,Stop Loss Hit,-3.1,42.1,WEAK,OK
2026-07-20,13:00,EMA21_Bounce,21 EMA Bounce,OBEROIRLTY,BUY,1882.7,1882.7,1809.5,1992.5,2065.7,2.5,45,69.0,Realty,DISTRIBUTION,-1,BLOCKED,STOPPED,2026-07-24,1809.5,Stop Loss Hit,-3.89,40.7,WEAK,OK
2026-07-20,13:00,EMA21_Bounce,21 EMA Bounce,GAIL,BUY,173.01,173.01,168.02,180.49,185.48,2.5,50,61.0,Oil Gas & Consumable Fuels,DISTRIBUTION,-1,BLOCKED,STOPPED,2026-07-24,168.02,Stop Loss Hit,-2.88,40.5,WEAK,OK
2026-07-20,13:00,EMA21_Bounce,21 EMA Bounce,BOSCHLTD,BUY,40960.0,40960.0,40004.64,42393.04,42485.0,1.6,45,67.0,Automobile and Auto Components,DISTRIBUTION,-1,BLOCKED,TARGET,2026-07-23,42393.04,Target 1 Hit,3.5,39.5,WEAK,OK
2026-07-20,13:00,EMA21_Bounce,21 EMA Bounce,ADANIPORTS,BUY,1844.0,1844.0,1804.39,1903.42,2000.91,4.0,50,82.0,Services,DISTRIBUTION,-1,BLOCKED,STOPPED,2026-07-23,1804.39,Stop Loss Hit,-2.15,39.4,WEAK,OK
2026-07-20,13:00,EMA21_Bounce,21 EMA Bounce,GRASIM,BUY,3143.8,3143.8,3054.6,3277.6,3366.8,2.5,50,81.0,Construction Materials,DISTRIBUTION,-1,BLOCKED,EXPIRED,2026-08-05,3224.0,Expired (16d > 15d),2.55,38.6,WEAK,OK
2026-07-20,13:00,EMA21_Bounce,21 EMA Bounce,ASIANPAINT,BUY,2691.4,2691.4,2640.93,2767.11,2817.58,2.5,50,66.0,Consumer Durables,DISTRIBUTION,-1,BLOCKED,STOPPED,2026-07-24,2640.93,Stop Loss Hit,-1.88,37.1,WEAK,OK
2026-07-20,13:00,EMA21_Bounce,21 EMA Bounce,NESTLEIND,BUY,1446.3,1446.3,1406.32,1506.27,1546.25,2.5,45,57.0,Fast Moving Consumer Goods,DISTRIBUTION,-1,BLOCKED,TARGET,2026-07-22,1506.27,Target 1 Hit,4.15,36.8,WEAK,OK
2026-07-20,13:00,EMA21_Bounce,21 EMA Bounce,LICHSGFIN,BUY,552.45,552.45,540.74,570.02,581.73,2.5,50,54.0,Financial Services,DISTRIBUTION,-1,BLOCKED,STOPPED,2026-07-22,540.74,Stop Loss Hit,-2.12,36.2,WEAK,OK
2026-07-20,13:00,EMA21_Bounce,21 EMA Bounce,SIEMENS,BUY,3678.4,3678.4,3539.16,3887.26,4026.5,2.5,50,41.0,Capital Goods,DISTRIBUTION,-1,BLOCKED,TARGET,2026-08-03,3887.26,Target 1 Hit,5.68,27.3,WEAK,OK
2026-07-20,13:00,52WH_Breakout,52-Week High Breakout,NAVINFLUOR,BUY,7861.5,7861.5,7698.88,8666.07,9967.96,8.0,32,100.0,Chemicals,DISTRIBUTION,-1,BLOCKED,STOPPED,2026-07-23,7698.88,Stop Loss Hit,-2.07,48.5,WEAK,OK
2026-07-20,13:00,Last30Min_ATH,Near 52W High (EOD),NAVINFLUOR,BUY,7861.5,7861.5,7475.0,8666.07,9967.96,5.5,39,100.0,Chemicals,DISTRIBUTION,-1,BLOCKED,STOPPED,2026-07-30,7475.0,Stop Loss Hit,-4.92,49.8,WEAK,OK
2026-07-20,13:00,Last30Min_ATH,Near 52W High (EOD),SONACOMS,BUY,714.55,714.55,701.15,813.81,974.42,8.0,35,100.0,Automobile and Auto Components,DISTRIBUTION,-1,BLOCKED,TARGET,2026-08-05,813.81,Target 1 Hit,13.89,43.9,WEAK,OK
2026-07-20,13:00,Last30Min_ATH,Near 52W High (EOD),FEDERALBNK,BUY,350.75,350.75,341.5,396.27,469.92,8.0,35,89.0,Financial Services,DISTRIBUTION,-1,BLOCKED,EXPIRED,2026-08-05,356.45,Expired (16d > 15d),1.63,40.9,WEAK,OK
2026-07-20,13:00,Failed_Breakout_Short,Failed Breakout Short,SBICARD,SHORT,644.95,644.95,663.02,617.85,599.78,2.5,77,41.0,Financial Services,DISTRIBUTION,-1,IDEAL,TARGET,2026-07-23,617.85,Target 1 Hit,4.2,56.5,MODERATE,OK
2026-07-20,13:00,Failed_Breakout_Short,Failed Breakout Short,JIOFIN,SHORT,238.92,238.92,251.73,219.7,206.89,2.5,72,43.0,Financial Services,DISTRIBUTION,-1,IDEAL,STOPPED,2026-07-29,251.73,Stop Loss Hit,-5.36,48.8,WEAK,OK
2026-07-20,15:30,VCP,VCP (Minervini v2),AJANTPHARM,BUY,3469.0,3506.9,3238.53,3980.35,4746.45,4.6,42,100.0,Healthcare,DISTRIBUTION,-1,BLOCKED,EXPIRED,2026-08-17,3718.2,Expired (28d > 25d),6.03,47.8,WEAK,OK
2026-07-20,15:30,VCP,VCP (Minervini v2),CAPLIPOINT,BUY,2649.2,2699.0,2489.09,3331.78,4355.7,7.9,47,100.0,Healthcare,DISTRIBUTION,-1,BLOCKED,STOPPED,2026-07-22,2489.09,Stop Loss Hit,-7.78,44.3,WEAK,OK
2026-07-20,15:30,VCP,VCP (Minervini v2),MEDANTA,BUY,1331.4,1369.7,1289.42,1490.12,1535.08,2.1,47,91.0,Healthcare,DISTRIBUTION,-1,BLOCKED,TARGET,2026-08-10,1490.12,Target 1 Hit,8.79,41.3,WEAK,OK
2026-07-20,15:30,VCP,VCP (Minervini v2),USHAMART,BUY,508.4,519.85,478.3,582.18,623.73,2.5,39,83.0,Capital Goods,DISTRIBUTION,-1,BLOCKED,EXPIRED,2026-08-17,498.05,Expired (28d > 25d),-4.19,35.7,WEAK,OK
2026-07-20,15:30,EMA21_Bounce,21 EMA Bounce,PTCIL,BUY,18030.0,18030.0,17412.14,18956.79,19345.0,2.1,45,76.0,Capital Goods,DISTRIBUTION,-1,BLOCKED,EXPIRED,2026-08-05,18092.0,Expired (16d > 15d),0.34,57.8,MODERATE,OK
2026-07-20,15:30,EMA21_Bounce,21 EMA Bounce,PIRAMALFIN,BUY,2157.6,2157.6,2080.06,2273.91,2351.45,2.5,50,85.0,Financial Services,DISTRIBUTION,-1,BLOCKED,STOPPED,2026-07-24,2080.06,Stop Loss Hit,-3.59,56.9,MODERATE,OK
2026-07-20,15:30,EMA21_Bounce,21 EMA Bounce,WOCKPHARMA,BUY,1923.4,1923.4,1848.89,2035.16,2109.67,2.5,55,100.0,Healthcare,DISTRIBUTION,-1,BLOCKED,STOPPED,2026-07-22,1848.89,Stop Loss Hit,-3.87,55.9,MODERATE,OK
2026-07-20,15:30,EMA21_Bounce,21 EMA Bounce,CRAFTSMAN,BUY,9393.5,9393.5,9031.09,9937.12,10299.53,2.5,55,96.0,Automobile and Auto Components,DISTRIBUTION,-1,BLOCKED,TARGET,2026-07-29,9937.12,Target 1 Hit,5.79,55.3,MODERATE,OK
2026-07-20,15:30,EMA21_Bounce,21 EMA Bounce,GLAND,BUY,2459.1,2459.1,2383.84,2571.99,2647.25,2.5,50,100.0,Healthcare,DISTRIBUTION,-1,BLOCKED,STOPPED,2026-07-22,2383.84,Stop Loss Hit,-3.06,52.6,MODERATE,OK
2026-07-20,15:30,EMA21_Bounce,21 EMA Bounce,NUVAMA,BUY,1854.0,1854.0,1795.92,1955.0,1993.7,2.4,50,100.0,Financial Services,DISTRIBUTION,-1,BLOCKED,TARGET,2026-07-23,1955.0,Target 1 Hit,5.45,52.6,MODERATE,OK
2026-07-20,15:30,EMA21_Bounce,21 EMA Bounce,CCL,BUY,1201.1,1201.1,1166.08,1253.63,1288.65,2.5,50,71.0,Fast Moving Consumer Goods,DISTRIBUTION,-1,BLOCKED,STOPPED,2026-07-24,1166.08,Stop Loss Hit,-2.92,51.5,MODERATE,OK
2026-07-20,15:30,EMA21_Bounce,21 EMA Bounce,NEULANDLAB,BUY,18949.0,18949.0,18126.71,20182.44,21760.28,3.4,50,100.0,Healthcare,DISTRIBUTION,-1,BLOCKED,EXPIRED,2026-08-05,19956.0,Expired (16d > 15d),5.31,51.2,MODERATE,OK
2026-07-20,15:30,EMA21_Bounce,21 EMA Bounce,MANKIND,BUY,2565.8,2565.8,2448.55,2741.68,2858.93,2.5,55,81.0,Healthcare,DISTRIBUTION,-1,BLOCKED,STOPPED,2026-07-31,2448.55,Stop Loss Hit,-4.57,50.2,MODERATE,OK
2026-07-20,15:30,EMA21_Bounce,21 EMA Bounce,MEDANTA,BUY,1331.4,1331.4,1289.74,1393.89,1435.55,2.5,50,91.0,Healthcare,DISTRIBUTION,-1,BLOCKED,TARGET,2026-07-23,1393.89,Target 1 Hit,4.69,49.6,WEAK,OK
2026-07-20,15:30,EMA21_Bounce,21 EMA Bounce,RRKABEL,BUY,2332.9,2332.9,2196.48,2537.53,2549.0,1.6,50,100.0,Capital Goods,DISTRIBUTION,-1,BLOCKED,TARGET,2026-07-27,2537.53,Target 1 Hit,8.77,49.6,WEAK,OK
2026-07-20,15:30,EMA21_Bounce,21 EMA Bounce,CREDITACC,BUY,1498.0,1498.0,1444.23,1578.66,1632.43,2.5,50,92.0,Financial Services,DISTRIBUTION,-1,BLOCKED,TARGET,2026-07-27,1578.66,Target 1 Hit,5.38,48.3,WEAK,OK
2026-07-20,15:30,EMA21_Bounce,21 EMA Bounce,RBLBANK,BUY,368.45,368.45,352.88,391.8,407.37,2.5,55,87.0,Financial Services,DISTRIBUTION,-1,BLOCKED,STOPPED,2026-07-23,352.88,Stop Loss Hit,-4.23,47.4,WEAK,OK
2026-07-20,15:30,EMA21_Bounce,21 EMA Bounce,MOTILALOFS,BUY,973.15,973.15,935.43,1029.73,1088.32,3.1,50,97.0,Financial Services,DISTRIBUTION,-1,BLOCKED,STOPPED,2026-07-22,935.43,Stop Loss Hit,-3.88,47.1,WEAK,OK
2026-07-20,15:30,EMA21_Bounce,21 EMA Bounce,THELEELA,BUY,492.55,492.55,472.62,522.45,542.38,2.5,50,79.0,Consumer Services,DISTRIBUTION,-1,BLOCKED,STOPPED,2026-07-23,472.62,Stop Loss Hit,-4.05,46.6,WEAK,OK
2026-07-20,15:30,EMA21_Bounce,21 EMA Bounce,USHAMART,BUY,508.4,508.4,485.29,543.06,566.17,2.5,50,83.0,Capital Goods,DISTRIBUTION,-1,BLOCKED,EXPIRED,2026-08-05,520.25,Expired (16d > 15d),2.33,46.0,WEAK,OK
2026-07-20,15:30,EMA21_Bounce,21 EMA Bounce,JSWENERGY,BUY,567.7,567.7,531.62,621.82,657.9,2.5,50,54.0,Power,DISTRIBUTION,-1,BLOCKED,EXPIRED,2026-08-05,566.0,Expired (16d > 15d),-0.3,43.7,WEAK,OK
2026-07-20,15:30,EMA21_Bounce,21 EMA Bounce,EMCURE,BUY,1861.2,1861.2,1750.97,2026.54,2136.77,2.5,50,84.0,Healthcare,DISTRIBUTION,-1,BLOCKED,EXPIRED,2026-08-05,1959.0,Expired (16d > 15d),5.25,42.7,WEAK,OK
2026-07-20,15:30,EMA21_Bounce,21 EMA Bounce,TITAGARH,BUY,867.2,867.2,826.64,928.04,968.6,2.5,50,85.0,Capital Goods,DISTRIBUTION,-1,BLOCKED,STOPPED,2026-07-22,826.64,Stop Loss Hit,-4.68,41.8,WEAK,OK
2026-07-20,15:30,EMA21_Bounce,21 EMA Bounce,LALPATHLAB,BUY,1693.3,1693.3,1649.24,1759.39,1803.45,2.5,50,88.0,Healthcare,DISTRIBUTION,-1,BLOCKED,TARGET,2026-07-24,1759.39,Target 1 Hit,3.9,41.5,WEAK,OK
2026-07-20,15:30,EMA21_Bounce,21 EMA Bounce,ELGIEQUIP,BUY,588.0,588.0,566.45,620.32,641.87,2.5,50,62.0,Capital Goods,DISTRIBUTION,-1,BLOCKED,STOPPED,2026-07-28,566.45,Stop Loss Hit,-3.66,41.5,WEAK,OK
2026-07-20,15:30,EMA21_Bounce,21 EMA Bounce,PREMIERENE,BUY,1086.4,1086.4,1003.61,1210.59,1293.38,2.5,50,68.0,Capital Goods,DISTRIBUTION,-1,BLOCKED,STOPPED,2026-07-30,1003.61,Stop Loss Hit,-7.62,40.1,WEAK,OK
2026-07-20,15:30,EMA21_Bounce,21 EMA Bounce,ACE,BUY,991.6,991.6,966.59,1029.12,1054.13,2.5,45,67.0,Capital Goods,DISTRIBUTION,-1,BLOCKED,TARGET,2026-07-21,1029.12,Target 1 Hit,3.78,39.5,WEAK,OK
2026-07-20,15:30,EMA21_Bounce,21 EMA Bounce,BELRISE,BUY,233.92,233.92,222.35,251.27,262.84,2.5,50,66.0,Automobile and Auto Components,DISTRIBUTION,-1,BLOCKED,EXPIRED,2026-08-05,241.49,Expired (16d > 15d),3.24,39.3,WEAK,OK
2026-07-20,15:30,EMA21_Bounce,21 EMA Bounce,LGEINDIA,BUY,1576.4,1576.4,1546.45,1621.33,1624.8,1.6,50,55.0,Consumer Durables,DISTRIBUTION,-1,BLOCKED,STOPPED,2026-07-22,1546.45,Stop Loss Hit,-1.9,38.7,WEAK,OK
2026-07-20,15:30,EMA21_Bounce,21 EMA Bounce,THERMAX,BUY,4710.5,4710.5,4508.89,5012.91,5214.52,2.5,45,84.0,Capital Goods,DISTRIBUTION,-1,BLOCKED,STOPPED,2026-07-24,4508.89,Stop Loss Hit,-4.28,38.2,WEAK,OK
2026-07-20,15:30,EMA21_Bounce,21 EMA Bounce,JINDALSAW,BUY,265.95,265.95,255.72,281.29,291.52,2.5,50,70.0,Capital Goods,DISTRIBUTION,-1,BLOCKED,STOPPED,2026-07-24,255.72,Stop Loss Hit,-3.85,37.6,WEAK,OK
2026-07-20,15:30,EMA21_Bounce,21 EMA Bounce,360ONE,BUY,1126.5,1126.5,1084.95,1188.82,1230.37,2.5,50,66.0,Financial Services,DISTRIBUTION,-1,BLOCKED,STOPPED,2026-07-23,1084.95,Stop Loss Hit,-3.69,35.5,WEAK,OK
2026-07-20,15:30,EMA21_Bounce,21 EMA Bounce,NIVABUPA,BUY,86.08,86.08,84.54,88.4,89.0,1.9,50,66.0,Financial Services,DISTRIBUTION,-1,BLOCKED,STOPPED,2026-07-22,84.54,Stop Loss Hit,-1.79,34.0,WEAK,OK
2026-07-20,15:30,EMA21_Bounce,21 EMA Bounce,AMBER,BUY,7859.0,7859.0,7557.66,8311.01,8612.35,2.5,45,53.0,Consumer Durables,DISTRIBUTION,-1,BLOCKED,STOPPED,2026-07-22,7557.66,Stop Loss Hit,-3.83,32.0,WEAK,OK
2026-07-20,15:30,52WH_Breakout,52-Week High Breakout,SAREGAMA,BUY,514.15,514.15,500.0,629.13,815.18,8.0,42,100.0,Media Entertainment & Publication,DISTRIBUTION,-1,BLOCKED,STOPPED,2026-07-22,500.0,Stop Loss Hit,-2.75,49.4,WEAK,OK
2026-07-20,15:30,52WH_Breakout,52-Week High Breakout,FLUOROCHEM,BUY,4316.2,4316.2,4106.19,4918.87,5894.07,7.5,37,100.0,Chemicals,DISTRIBUTION,-1,BLOCKED,TARGET,2026-08-13,4918.87,Target 1 Hit,13.96,41.9,WEAK,OK
2026-07-20,15:30,52WH_Breakout,52-Week High Breakout,SOLARINDS,BUY,19028.0,19028.0,18679.96,21417.81,25284.81,8.0,32,93.0,Chemicals,DISTRIBUTION,-1,BLOCKED,STOPPED,2026-07-23,18679.96,Stop Loss Hit,-1.83,41.5,WEAK,OK
2026-07-20,15:30,52WH_Breakout,52-Week High Breakout,HSCL,BUY,769.9,769.9,730.22,829.42,912.68,3.6,32,100.0,Chemicals,DISTRIBUTION,-1,BLOCKED,EXPIRED,2026-08-17,787.4,Expired (28d > 25d),2.27,40.4,WEAK,OK
2026-07-20,15:30,Last30Min_ATH,Near 52W High (EOD),CEMPRO,BUY,1627.0,1627.0,1595.0,1675.0,2225.65,8.0,39,100.0,Construction,DISTRIBUTION,-1,BLOCKED,STOPPED,2026-07-22,1595.0,Stop Loss Hit,-1.97,50.7,MODERATE,OK
2026-07-20,15:30,Last30Min_ATH,Near 52W High (EOD),SAREGAMA,BUY,514.15,514.15,491.35,629.13,815.18,8.0,39,100.0,Media Entertainment & Publication,DISTRIBUTION,-1,BLOCKED,STOPPED,2026-07-22,491.35,Stop Loss Hit,-4.43,50.7,MODERATE,OK
2026-07-20,15:30,Last30Min_ATH,Near 52W High (EOD),FLUOROCHEM,BUY,4316.2,4316.2,4120.4,4918.87,5894.07,8.0,39,100.0,Chemicals,DISTRIBUTION,-1,BLOCKED,EXPIRED,2026-08-05,4498.1,Expired (16d > 15d),4.21,43.2,WEAK,OK
2026-07-20,15:30,Last30Min_ATH,Near 52W High (EOD),SOLARINDS,BUY,19028.0,19028.0,18500.0,21417.81,25284.81,8.0,39,93.0,Chemicals,DISTRIBUTION,-1,BLOCKED,STOPPED,2026-07-24,18500.0,Stop Loss Hit,-2.77,42.8,WEAK,OK
2026-07-20,15:30,Last30Min_ATH,Near 52W High (EOD),LLOYDSME,BUY,1907.9,1907.9,1855.8,2076.48,2349.25,8.0,35,76.0,Metals & Mining,DISTRIBUTION,-1,BLOCKED,STOPPED,2026-07-23,1855.8,Stop Loss Hit,-2.73,26.1,WEAK,OK
2026-07-20,15:30,Failed_Breakout_Short,Failed Breakout Short,AIIL,SHORT,551.95,551.95,591.04,493.32,454.23,2.5,72,71.0,Financial Services,DISTRIBUTION,-1,IDEAL,STOPPED,2026-08-06,591.04,Stop Loss Hit,-7.08,61.1,MODERATE,OK
2026-07-20,15:30,Failed_Breakout_Short,Failed Breakout Short,IPCALAB,SHORT,1838.6,1838.6,1963.23,1651.65,1527.02,2.5,77,92.0,Healthcare,DISTRIBUTION,-1,IDEAL,EXPIRED,2026-08-17,1884.6,Expired (28d > 25d),-2.5,59.6,MODERATE,OK
2026-07-20,15:30,Failed_Breakout_Short,Failed Breakout Short,TATATECH,SHORT,748.7,748.7,784.1,695.6,660.2,2.5,77,100.0,Information Technology,DISTRIBUTION,-1,IDEAL,TARGET,2026-07-23,695.6,Target 1 Hit,7.09,56.5,MODERATE,OK
2026-07-20,15:30,Failed_Breakout_Short,Failed Breakout Short,INDIACEM,SHORT,392.5,392.5,416.84,355.99,331.65,2.5,75,36.0,Construction Materials,DISTRIBUTION,-1,IDEAL,EXPIRED,2026-08-17,376.15,Expired (28d > 25d),4.17,45.6,WEAK,OK
2026-07-21,12:19,VCP,VCP (Minervini v2),ADANIENT,BUY,3182.7,3245.0,2997.74,3811.85,4729.1,6.0,43,100.0,Metals & Mining,DISTRIBUTION,-1,BLOCKED,STOPPED,2026-07-24,2997.74,Stop Loss Hit,-7.62,43.5,WEAK,OK
2026-07-21,12:19,EMA21_Bounce,21 EMA Bounce,PIDILITIND,BUY,1591.3,1591.3,1553.76,1647.61,1741.84,4.0,55,81.0,Chemicals,DISTRIBUTION,-1,BLOCKED,STOPPED,2026-07-24,1553.76,Stop Loss Hit,-2.36,52.7,MODERATE,OK
2026-07-21,12:19,EMA21_Bounce,21 EMA Bounce,ADANIGREEN,BUY,1541.9,1541.9,1495.99,1610.77,1631.5,2.0,50,100.0,Power,DISTRIBUTION,-1,BLOCKED,STOPPED,2026-07-22,1495.99,Stop Loss Hit,-2.98,46.6,WEAK,OK
2026-07-21,12:19,EMA21_Bounce,21 EMA Bounce,INDHOTEL,BUY,731.6,731.6,707.46,767.81,791.95,2.5,50,84.0,Consumer Services,DISTRIBUTION,-1,BLOCKED,EXPIRED,2026-08-06,736.0,Expired (16d > 15d),0.6,46.1,WEAK,OK
2026-07-21,12:19,EMA21_Bounce,21 EMA Bounce,AUROPHARMA,BUY,1579.7,1579.7,1527.58,1657.88,1711.15,2.5,50,77.0,Healthcare,DISTRIBUTION,-1,BLOCKED,STOPPED,2026-07-22,1527.58,Stop Loss Hit,-3.3,44.0,WEAK,OK
2026-07-21,12:19,EMA21_Bounce,21 EMA Bounce,STARHEALTH,BUY,588.65,588.65,570.72,615.54,633.47,2.5,50,83.0,Financial Services,DISTRIBUTION,-1,BLOCKED,STOPPED,2026-07-24,570.72,Stop Loss Hit,-3.05,43.6,WEAK,OK
2026-07-21,12:19,EMA21_Bounce,21 EMA Bounce,GRASIM,BUY,3179.8,3179.8,3105.27,3291.6,3459.63,3.8,50,85.0,Construction Materials,DISTRIBUTION,-1,BLOCKED,STOPPED,2026-07-23,3105.27,Stop Loss Hit,-2.34,42.6,WEAK,OK
2026-07-21,12:19,EMA21_Bounce,21 EMA Bounce,SCHAEFFLER,BUY,4180.1,4180.1,4071.04,4343.69,4452.75,2.5,50,48.0,Automobile and Auto Components,DISTRIBUTION,-1,BLOCKED,STOPPED,2026-07-23,4071.04,Stop Loss Hit,-2.61,42.4,WEAK,OK
2026-07-21,12:19,EMA21_Bounce,21 EMA Bounce,MOTHERSON,BUY,145.22,145.22,141.38,150.98,154.82,2.5,45,85.0,Automobile and Auto Components,DISTRIBUTION,-1,BLOCKED,TARGET,2026-07-31,150.98,Target 1 Hit,3.97,42.1,WEAK,OK
2026-07-21,12:19,EMA21_Bounce,21 EMA Bounce,GAIL,BUY,173.99,173.99,170.68,178.96,182.27,2.5,50,63.0,Oil Gas & Consumable Fuels,DISTRIBUTION,-1,BLOCKED,STOPPED,2026-07-24,170.68,Stop Loss Hit,-1.9,40.9,WEAK,OK
2026-07-21,12:19,EMA21_Bounce,21 EMA Bounce,CUMMINSIND,BUY,5583.0,5583.0,5436.19,5803.22,5950.03,2.5,50,68.0,Capital Goods,DISTRIBUTION,-1,BLOCKED,STOPPED,2026-07-28,5436.19,Stop Loss Hit,-2.63,39.6,WEAK,OK
2026-07-21,12:19,EMA21_Bounce,21 EMA Bounce,ADANIPORTS,BUY,1846.5,1846.5,1808.17,1904.0,2004.96,4.1,50,87.0,Services,DISTRIBUTION,-1,BLOCKED,STOPPED,2026-07-23,1808.17,Stop Loss Hit,-2.08,39.2,WEAK,OK
2026-07-21,12:19,EMA21_Bounce,21 EMA Bounce,JSWSTEEL,BUY,1267.4,1267.4,1230.02,1323.47,1360.85,2.5,45,56.0,Metals & Mining,DISTRIBUTION,-1,BLOCKED,STOPPED,2026-07-24,1230.02,Stop Loss Hit,-2.95,39.0,WEAK,OK
2026-07-21,12:19,EMA21_Bounce,21 EMA Bounce,FORTIS,BUY,969.0,969.0,941.61,1010.08,1037.47,2.5,50,62.0,Healthcare,DISTRIBUTION,-1,BLOCKED,STOPPED,2026-07-23,941.61,Stop Loss Hit,-2.83,33.4,WEAK,OK
2026-07-21,12:19,EMA21_Bounce,21 EMA Bounce,TORNTPOWER,BUY,1435.9,1435.9,1402.57,1485.9,1519.23,2.5,50,23.0,Power,DISTRIBUTION,-1,BLOCKED,STOPPED,2026-07-31,1402.57,Stop Loss Hit,-2.32,29.5,WEAK,OK
2026-07-21,12:19,52WH_Breakout,52-Week High Breakout,INDUSINDBK,BUY,1063.45,1063.45,1024.44,1183.75,1378.41,8.0,37,100.0,Financial Services,DISTRIBUTION,-1,BLOCKED,STOPPED,2026-07-23,1024.44,Stop Loss Hit,-3.67,54.4,MODERATE,OK
2026-07-21,12:19,52WH_Breakout,52-Week High Breakout,MANAPPURAM,BUY,351.75,351.75,342.17,394.52,463.72,8.0,37,97.0,Financial Services,DISTRIBUTION,-1,BLOCKED,EXPIRED,2026-08-17,348.6,Expired (27d > 25d),-0.9,44.1,WEAK,OK
2026-07-21,12:19,Last30Min_ATH,Near 52W High (EOD),INDUSINDBK,BUY,1063.45,1063.45,1031.45,1183.75,1378.41,8.0,39,100.0,Financial Services,DISTRIBUTION,-1,BLOCKED,STOPPED,2026-07-23,1031.45,Stop Loss Hit,-3.01,55.7,MODERATE,OK
2026-07-21,12:19,Last30Min_ATH,Near 52W High (EOD),MANAPPURAM,BUY,351.75,351.75,337.55,394.52,463.72,7.9,39,97.0,Financial Services,DISTRIBUTION,-1,BLOCKED,EXPIRED,2026-08-06,364.0,Expired (16d > 15d),3.48,45.5,WEAK,OK
2026-07-21,12:19,Last30Min_ATH,Near 52W High (EOD),PIDILITIND,BUY,1591.3,1591.3,1569.5,1626.7,1741.84,6.9,37,81.0,Chemicals,DISTRIBUTION,-1,BLOCKED,STOPPED,2026-07-22,1569.5,Stop Loss Hit,-1.37,45.3,WEAK,OK
2026-07-21,12:19,Last30Min_ATH,Near 52W High (EOD),SONACOMS,BUY,732.75,732.75,715.05,843.25,1022.06,8.0,35,100.0,Automobile and Auto Components,DISTRIBUTION,-1,BLOCKED,STOPPED,2026-07-23,715.05,Stop Loss Hit,-2.42,42.3,WEAK,OK
2026-07-21,12:19,Failed_Breakout_Short,Failed Breakout Short,BAJAJ-AUTO,SHORT,10403.5,10403.5,10623.56,10073.41,9853.35,2.5,80,74.0,Automobile and Auto Components,DISTRIBUTION,-1,IDEAL,STOPPED,2026-07-22,10623.56,Stop Loss Hit,-2.12,55.3,MODERATE,OK
2026-07-21,12:19,Failed_Breakout_Short,Failed Breakout Short,RELIANCE,SHORT,1303.7,1303.7,1352.83,1230.01,1180.88,2.5,72,50.0,Oil Gas & Consumable Fuels,DISTRIBUTION,-1,IDEAL,EXPIRED,2026-08-17,1316.0,Expired (27d > 25d),-0.94,53.1,MODERATE,OK
2026-07-21,15:24,VCP,VCP (Minervini v2),CCL,BUY,1205.2,1242.2,1156.49,1370.76,1564.51,3.8,44,73.0,Fast Moving Consumer Goods,DISTRIBUTION,-1,BLOCKED,STOPPED,2026-07-31,1156.49,Stop Loss Hit,-6.9,44.9,WEAK,OK
2026-07-21,15:24,VCP,VCP (Minervini v2),MEDANTA,BUY,1342.6,1369.7,1289.42,1490.12,1528.9,2.0,49,95.0,Healthcare,DISTRIBUTION,-1,BLOCKED,TARGET,2026-08-10,1490.12,Target 1 Hit,8.79,41.0,WEAK,OK
2026-07-21,15:24,VCP,VCP (Minervini v2),RAINBOW,BUY,1483.7,1508.15,1389.73,1685.78,1804.2,2.5,47,93.0,Healthcare,DISTRIBUTION,-1,BLOCKED,EXPIRED,2026-08-17,1478.5,Expired (27d > 25d),-1.97,40.1,WEAK,OK
2026-07-21,15:24,VCP,VCP (Minervini v2),JSWCEMENT,BUY,140.97,143.4,132.64,159.54,161.55,1.7,36,82.0,Construction Materials,DISTRIBUTION,-1,BLOCKED,STOPPED,2026-07-24,132.64,Stop Loss Hit,-7.5,36.2,WEAK,OK
2026-07-21,15:24,EMA21_Bounce,21 EMA Bounce,PIRAMALFIN,BUY,2182.6,2182.6,2098.75,2308.38,2392.23,2.5,50,89.0,Financial Services,DISTRIBUTION,-1,BLOCKED,STOPPED,2026-07-23,2098.75,Stop Loss Hit,-3.84,58.9,MODERATE,OK
2026-07-21,15:24,EMA21_Bounce,21 EMA Bounce,SYRMA,BUY,1374.4,1374.4,1290.3,1500.55,1584.65,2.5,45,100.0,Capital Goods,DISTRIBUTION,-1,BLOCKED,STOPPED,2026-07-24,1290.3,Stop Loss Hit,-6.12,54.6,MODERATE,OK
2026-07-21,15:24,EMA21_Bounce,21 EMA Bounce,MEDANTA,BUY,1342.6,1342.6,1301.59,1404.11,1445.12,2.5,50,95.0,Healthcare,DISTRIBUTION,-1,BLOCKED,TARGET,2026-07-27,1404.11,Target 1 Hit,4.58,53.3,MODERATE,OK
2026-07-21,15:24,EMA21_Bounce,21 EMA Bounce,CCL,BUY,1205.2,1205.2,1172.25,1254.62,1287.57,2.5,50,73.0,Fast Moving Consumer Goods,DISTRIBUTION,-1,BLOCKED,STOPPED,2026-07-24,1172.25,Stop Loss Hit,-2.73,53.2,MODERATE,OK
2026-07-21,15:24,EMA21_Bounce,21 EMA Bounce,MINDACORP,BUY,681.15,681.15,657.79,716.19,739.55,2.5,45,100.0,Automobile and Auto Components,DISTRIBUTION,-1,BLOCKED,STOPPED,2026-07-23,657.79,Stop Loss Hit,-3.43,52.8,MODERATE,OK
2026-07-21,15:24,EMA21_Bounce,21 EMA Bounce,GLAND,BUY,2482.4,2482.4,2377.99,2639.02,2743.43,2.5,50,100.0,Healthcare,DISTRIBUTION,-1,BLOCKED,STOPPED,2026-07-22,2377.99,Stop Loss Hit,-4.21,52.6,MODERATE,OK
2026-07-21,15:24,EMA21_Bounce,21 EMA Bounce,WELSPUNLIV,BUY,166.04,166.04,157.59,178.71,187.16,2.5,50,100.0,Textiles,DISTRIBUTION,-1,BLOCKED,STOPPED,2026-07-31,157.59,Stop Loss Hit,-5.09,52.0,MODERATE,OK
2026-07-21,15:24,EMA21_Bounce,21 EMA Bounce,RRKABEL,BUY,2345.4,2345.4,2243.14,2498.79,2549.0,2.0,50,100.0,Capital Goods,DISTRIBUTION,-1,BLOCKED,TARGET,2026-07-24,2498.79,Target 1 Hit,6.54,51.6,MODERATE,OK
2026-07-21,15:24,EMA21_Bounce,21 EMA Bounce,PWL,BUY,133.84,133.84,128.85,159.43,161.06,5.5,50,98.0,Consumer Services,DISTRIBUTION,-1,BLOCKED,STOPPED,2026-07-24,128.85,Stop Loss Hit,-3.73,50.4,MODERATE,OK
2026-07-21,15:24,EMA21_Bounce,21 EMA Bounce,HONAUT,BUY,38575.0,38575.0,37763.05,39792.92,40365.87,2.2,45,90.0,Capital Goods,DISTRIBUTION,-1,BLOCKED,STOPPED,2026-07-23,37763.05,Stop Loss Hit,-2.1,48.9,WEAK,OK
2026-07-21,15:24,EMA21_Bounce,21 EMA Bounce,ELGIEQUIP,BUY,601.0,601.0,576.72,637.42,661.7,2.5,55,74.0,Capital Goods,DISTRIBUTION,-1,BLOCKED,STOPPED,2026-07-23,576.72,Stop Loss Hit,-4.04,45.2,WEAK,OK
2026-07-21,15:24,EMA21_Bounce,21 EMA Bounce,LALPATHLAB,BUY,1700.1,1700.1,1656.12,1766.07,1784.0,1.9,45,95.0,Healthcare,DISTRIBUTION,-1,BLOCKED,STOPPED,2026-07-24,1656.12,Stop Loss Hit,-2.59,43.3,WEAK,OK
2026-07-21,15:24,EMA21_Bounce,21 EMA Bounce,ZENTEC,BUY,1818.7,1818.7,1708.92,1983.37,2093.15,2.5,50,70.0,Capital Goods,DISTRIBUTION,-1,BLOCKED,STOPPED,2026-07-27,1708.92,Stop Loss Hit,-6.04,42.7,WEAK,OK
2026-07-21,15:24,EMA21_Bounce,21 EMA Bounce,MEESHO,BUY,191.58,191.58,179.91,209.09,220.76,2.5,50,65.0,Consumer Services,DISTRIBUTION,-1,BLOCKED,STOPPED,2026-07-24,179.91,Stop Loss Hit,-6.09,41.9,WEAK,OK
2026-07-21,15:24,EMA21_Bounce,21 EMA Bounce,THERMAX,BUY,4841.0,4841.0,4607.74,5190.89,5424.15,2.5,45,96.0,Capital Goods,DISTRIBUTION,-1,BLOCKED,STOPPED,2026-07-23,4607.74,Stop Loss Hit,-4.82,41.0,WEAK,OK
2026-07-21,15:24,EMA21_Bounce,21 EMA Bounce,BELRISE,BUY,236.76,236.76,227.96,249.96,258.76,2.5,50,76.0,Automobile and Auto Components,DISTRIBUTION,-1,BLOCKED,STOPPED,2026-07-22,227.96,Stop Loss Hit,-3.72,40.7,WEAK,OK
2026-07-21,15:24,EMA21_Bounce,21 EMA Bounce,SPLPETRO,BUY,726.3,726.3,689.85,780.97,817.42,2.5,55,34.0,Chemicals,DISTRIBUTION,-1,BLOCKED,TARGET,2026-07-28,780.97,Target 1 Hit,7.53,40.7,WEAK,OK
2026-07-21,15:24,EMA21_Bounce,21 EMA Bounce,KPIL,BUY,1341.7,1341.7,1306.61,1394.34,1405.2,1.8,50,71.0,Construction,DISTRIBUTION,-1,BLOCKED,STOPPED,2026-07-23,1306.61,Stop Loss Hit,-2.62,37.8,WEAK,OK
2026-07-21,15:24,EMA21_Bounce,21 EMA Bounce,RKFORGE,BUY,576.3,576.3,553.21,610.93,634.02,2.5,55,64.0,Automobile and Auto Components,DISTRIBUTION,-1,BLOCKED,TARGET,2026-07-27,610.93,Target 1 Hit,6.01,37.8,WEAK,OK
2026-07-21,15:24,EMA21_Bounce,21 EMA Bounce,GROWW,BUY,206.36,206.36,198.04,218.84,220.98,1.8,50,42.0,Financial Services,DISTRIBUTION,-1,BLOCKED,STOPPED,2026-07-28,198.04,Stop Loss Hit,-4.03,29.0,WEAK,OK
2026-07-21,15:24,52WH_Breakout,52-Week High Breakout,AJANTPHARM,BUY,3575.3,3575.3,3457.32,4079.16,4894.46,8.0,37,100.0,Healthcare,DISTRIBUTION,-1,BLOCKED,STOPPED,2026-07-22,3457.32,Stop Loss Hit,-3.3,49.9,WEAK,OK
2026-07-21,15:24,52WH_Breakout,52-Week High Breakout,GABRIEL,BUY,1488.5,1488.5,1422.53,1587.46,1805.47,4.8,42,100.0,Automobile and Auto Components,DISTRIBUTION,-1,BLOCKED,STOPPED,2026-07-22,1422.53,Stop Loss Hit,-4.43,43.4,WEAK,OK
2026-07-21,15:24,52WH_Breakout,52-Week High Breakout,FLUOROCHEM,BUY,4607.1,4607.1,4259.93,5389.55,6655.65,5.9,42,100.0,Chemicals,DISTRIBUTION,-1,BLOCKED,EXPIRED,2026-08-17,4707.5,Expired (27d > 25d),2.18,43.4,WEAK,OK
2026-07-21,15:24,52WH_Breakout,52-Week High Breakout,KARURVYSYA,BUY,340.3,340.3,305.96,391.81,426.15,2.5,37,84.0,Financial Services,DISTRIBUTION,-1,BLOCKED,EXPIRED,2026-08-17,334.0,Expired (27d > 25d),-1.85,42.9,WEAK,OK
2026-07-21,15:24,52WH_Breakout,52-Week High Breakout,HSCL,BUY,800.9,800.9,772.27,843.84,962.84,5.7,32,100.0,Chemicals,DISTRIBUTION,-1,BLOCKED,STOPPED,2026-07-22,772.27,Stop Loss Hit,-3.57,37.4,WEAK,OK
2026-07-21,15:24,Last30Min_ATH,Near 52W High (EOD),AJANTPHARM,BUY,3575.3,3575.3,3454.0,4079.16,4894.46,8.0,39,100.0,Healthcare,DISTRIBUTION,-1,BLOCKED,STOPPED,2026-07-22,3454.0,Stop Loss Hit,-3.39,51.2,MODERATE,OK
2026-07-21,15:24,Last30Min_ATH,Near 52W High (EOD),CHENNPETRO,BUY,1258.1,1258.1,1218.1,1318.1,1434.23,4.4,35,96.0,Oil Gas & Consumable Fuels,DISTRIBUTION,-1,BLOCKED,TARGET,2026-07-23,1318.1,Target 1 Hit,4.77,46.7,WEAK,OK
2026-07-21,15:24,Last30Min_ATH,Near 52W High (EOD),LENSKART,BUY,549.05,549.05,542.0,560.75,563.0,2.0,37,59.0,Consumer Services,DISTRIBUTION,-1,BLOCKED,TARGET,2026-07-22,560.75,Target 1 Hit,2.13,45.7,WEAK,OK
2026-07-21,15:24,Last30Min_ATH,Near 52W High (EOD),FLUOROCHEM,BUY,4607.1,4607.1,4321.1,5389.55,6655.65,7.2,39,100.0,Chemicals,DISTRIBUTION,-1,BLOCKED,EXPIRED,2026-08-06,4548.0,Expired (16d > 15d),-1.28,44.7,WEAK,OK
2026-07-21,15:24,Last30Min_ATH,Near 52W High (EOD),EMCURE,BUY,1924.5,1924.5,1874.0,2000.25,2108.11,3.6,35,88.0,Healthcare,DISTRIBUTION,-1,BLOCKED,STOPPED,2026-07-23,1874.0,Stop Loss Hit,-2.62,38.1,WEAK,OK
2026-07-21,15:24,Last30Min_ATH,Near 52W High (EOD),LLOYDSME,BUY,1936.4,1936.4,1903.2,2122.59,2423.87,8.0,35,82.0,Metals & Mining,DISTRIBUTION,-1,BLOCKED,STOPPED,2026-07-22,1903.2,Stop Loss Hit,-1.71,28.5,WEAK,OK
2026-07-22,12:21,VCP,VCP (Minervini v2),APOLLOHOSP,BUY,8938.0,9009.0,8568.44,9903.56,11351.06,5.3,47,82.0,Healthcare,PANIC,-3,BLOCKED,STOPPED,2026-08-12,8568.44,Stop Loss Hit,-4.89,43.0,WEAK,OK
2026-07-22,12:21,VCP,VCP (Minervini v2),ADANIENT,BUY,3147.7,3245.0,3011.67,3811.85,4729.1,6.4,46,100.0,Metals & Mining,PANIC,-3,BLOCKED,STOPPED,2026-07-23,3011.67,Stop Loss Hit,-7.19,42.5,WEAK,OK
2026-07-22,12:21,VCP,VCP (Minervini v2),BOSCHLTD,BUY,41560.0,42565.0,40198.0,47348.32,55088.32,5.3,46,80.0,Automobile and Auto Components,PANIC,-3,BLOCKED,STOPPED,2026-07-29,40198.0,Stop Loss Hit,-5.56,31.2,WEAK,OK
2026-07-22,12:21,EMA21_Bounce,21 EMA Bounce,SUNPHARMA,BUY,1943.0,1943.0,1894.92,2015.12,2063.2,2.5,45,78.0,Healthcare,PANIC,-3,BLOCKED,TARGET,2026-07-30,2015.12,Target 1 Hit,3.71,85.4,ELITE,OK
2026-07-22,12:21,EMA21_Bounce,21 EMA Bounce,PIDILITIND,BUY,1608.6,1608.6,1553.39,1691.41,1769.84,2.9,55,83.0,Chemicals,PANIC,-3,BLOCKED,STOPPED,2026-07-24,1553.39,Stop Loss Hit,-3.43,79.8,STRONG,OK
2026-07-22,12:21,EMA21_Bounce,21 EMA Bounce,BIOCON,BUY,437.95,437.95,418.39,467.29,489.94,2.7,50,95.0,Healthcare,PANIC,-3,BLOCKED,EXPIRED,2026-08-07,426.35,Expired (16d > 15d),-2.65,76.4,STRONG,OK
2026-07-22,12:21,EMA21_Bounce,21 EMA Bounce,MARICO,BUY,862.65,862.65,834.98,904.16,925.72,2.3,50,72.0,Fast Moving Consumer Goods,PANIC,-3,BLOCKED,EXPIRED,2026-08-07,862.0,Expired (16d > 15d),-0.08,76.1,STRONG,OK
2026-07-22,12:21,EMA21_Bounce,21 EMA Bounce,METROPOLIS,BUY,570.1,570.1,548.25,602.88,624.73,2.5,50,93.0,Pharma,PANIC,-3,BLOCKED,TARGET,2026-07-30,602.88,Target 1 Hit,5.75,72.5,STRONG,OK
2026-07-22,12:21,EMA21_Bounce,21 EMA Bounce,BOSCHLTD,BUY,41560.0,41560.0,40340.71,43388.94,44608.23,2.5,50,80.0,Automobile and Auto Components,PANIC,-3,BLOCKED,STOPPED,2026-07-29,40340.71,Stop Loss Hit,-2.93,68.6,STRONG,OK
2026-07-22,12:21,EMA21_Bounce,21 EMA Bounce,GRASIM,BUY,3166.3,3166.3,3108.82,3252.52,3310.0,2.5,50,81.0,Construction Materials,PANIC,-3,BLOCKED,STOPPED,2026-07-23,3108.82,Stop Loss Hit,-1.82,68.6,STRONG,OK
2026-07-22,12:21,EMA21_Bounce,21 EMA Bounce,SCHAEFFLER,BUY,4199.2,4199.2,4056.09,4413.86,4556.97,2.5,45,46.0,Automobile and Auto Components,PANIC,-3,BLOCKED,STOPPED,2026-07-23,4056.09,Stop Loss Hit,-3.41,67.8,STRONG,OK
2026-07-22,12:21,EMA21_Bounce,21 EMA Bounce,ASIANPAINT,BUY,2692.8,2692.8,2642.48,2768.28,2818.6,2.5,45,72.0,Consumer Durables,PANIC,-3,BLOCKED,STOPPED,2026-07-24,2642.48,Stop Loss Hit,-1.87,65.2,STRONG,OK
2026-07-22,12:21,EMA21_Bounce,21 EMA Bounce,POWERGRID,BUY,289.3,289.3,281.94,300.34,307.7,2.5,50,33.0,Power,PANIC,-3,BLOCKED,STOPPED,2026-07-29,281.94,Stop Loss Hit,-2.54,61.8,MODERATE,OK
2026-07-22,12:21,52WH_Breakout,52-Week High Breakout,INDUSINDBK,BUY,1069.3,1069.3,1054.93,1193.21,1393.72,8.0,37,91.0,Financial Services,PANIC,-3,BLOCKED,STOPPED,2026-07-23,1054.93,Stop Loss Hit,-1.34,53.0,MODERATE,OK
2026-07-22,12:21,52WH_Breakout,52-Week High Breakout,BAJAJ-AUTO,BUY,10998.5,10998.5,10441.73,12094.42,13867.75,5.2,42,84.0,Automobile and Auto Components,PANIC,-3,BLOCKED,EXPIRED,2026-08-17,11663.0,Expired (26d > 25d),6.04,40.9,WEAK,OK
2026-07-22,12:21,52WH_Breakout,52-Week High Breakout,NESTLEIND,BUY,1493.6,1493.6,1461.38,1541.93,1575.2,2.5,42,65.0,Fast Moving Consumer Goods,PANIC,-3,BLOCKED,STOPPED,2026-07-23,1461.38,Stop Loss Hit,-2.16,28.1,WEAK,OK
2026-07-22,12:21,Last30Min_ATH,Near 52W High (EOD),INDUSINDBK,BUY,1069.3,1069.3,1055.65,1193.21,1393.72,8.0,39,91.0,Financial Services,PANIC,-3,BLOCKED,STOPPED,2026-07-23,1055.65,Stop Loss Hit,-1.28,53.0,MODERATE,OK
2026-07-22,12:21,Last30Min_ATH,Near 52W High (EOD),PIDILITIND,BUY,1608.6,1608.6,1569.7,1666.95,1769.84,4.1,39,83.0,Chemicals,PANIC,-3,BLOCKED,STOPPED,2026-07-23,1569.7,Stop Loss Hit,-2.42,42.4,WEAK,OK
2026-07-22,12:21,Last30Min_ATH,Near 52W High (EOD),BAJAJ-AUTO,BUY,10998.5,10998.5,10575.0,12094.42,13867.75,6.8,39,84.0,Automobile and Auto Components,PANIC,-3,BLOCKED,EXPIRED,2026-08-07,11662.0,Expired (16d > 15d),6.03,40.9,WEAK,OK
2026-07-22,12:21,Failed_Breakout_Short,Failed Breakout Short,SRF,SHORT,2867.2,2867.2,2993.24,2678.14,2552.1,2.5,75,82.0,Chemicals,PANIC,-3,IDEAL,TARGET,2026-07-23,2678.14,Target 1 Hit,6.59,66.4,STRONG,OK
2026-07-22,12:21,Failed_Breakout_Short,Failed Breakout Short,LUPIN,SHORT,2406.9,2406.9,2540.3,2206.8,2073.4,2.5,72,62.0,Healthcare,PANIC,-3,IDEAL,EXPIRED,2026-08-17,2259.0,Expired (26d > 25d),6.14,58.9,MODERATE,OK
2026-07-22,12:21,Failed_Breakout_Short,Failed Breakout Short,NAVINFLUOR,SHORT,7789.0,7789.0,8000.26,7472.11,7260.85,2.5,72,90.0,Chemicals,PANIC,-3,IDEAL,TARGET,2026-07-30,7472.11,Target 1 Hit,4.07,57.0,MODERATE,OK
2026-07-22,12:21,Failed_Breakout_Short,Failed Breakout Short,HEROMOTOCO,SHORT,4987.1,4987.1,5140.37,4757.2,4603.93,2.5,72,51.0,Automobile and Auto Components,PANIC,-3,IDEAL,STOPPED,2026-07-23,5140.37,Stop Loss Hit,-3.07,52.8,MODERATE,OK
2026-07-22,12:21,Failed_Breakout_Short,Failed Breakout Short,GODREJPROP,SHORT,2081.1,2081.1,2188.23,1920.4,1813.27,2.5,72,81.0,Realty,PANIC,-3,IDEAL,EXPIRED,2026-08-17,2054.0,Expired (26d > 25d),1.3,51.1,MODERATE,OK
2026-07-22,12:21,Failed_Breakout_Short,Failed Breakout Short,BPCL,SHORT,314.0,314.0,324.3,298.55,288.25,2.5,72,54.0,Oil Gas & Consumable Fuels,PANIC,-3,IDEAL,STOPPED,2026-08-03,324.3,Stop Loss Hit,-3.28,43.6,WEAK,OK
2026-07-22,12:21,Failed_Breakout_Short,Failed Breakout Short,ULTRACEMCO,SHORT,11893.0,11893.0,12241.43,11370.36,11021.93,2.5,72,51.0,Construction Materials,PANIC,-3,IDEAL,EXPIRED,2026-08-17,11681.0,Expired (26d > 25d),1.78,43.2,WEAK,OK
2026-07-22,12:21,Failed_Breakout_Short,Failed Breakout Short,SBIN,SHORT,1025.0,1025.0,1073.19,952.71,904.52,2.5,72,41.0,Financial Services,PANIC,-3,IDEAL,STOPPED,2026-08-06,1073.19,Stop Loss Hit,-4.7,42.5,WEAK,OK
2026-07-22,15:21,VCP,VCP (Minervini v2),RAINBOW,BUY,1489.9,1508.15,1389.73,1685.78,1804.2,2.5,44,91.0,Healthcare,PANIC,-3,BLOCKED,EXPIRED,2026-08-17,1478.5,Expired (26d > 25d),-1.97,40.3,WEAK,OK
2026-07-22,15:21,EMA21_Bounce,21 EMA Bounce,MEDANTA,BUY,1353.4,1353.4,1303.84,1427.74,1477.3,2.5,55,98.0,Healthcare,PANIC,-3,BLOCKED,TARGET,2026-07-29,1427.74,Target 1 Hit,5.49,84.6,ELITE,OK
2026-07-22,15:21,EMA21_Bounce,21 EMA Bounce,THELEELA,BUY,491.05,491.05,474.37,516.07,532.75,2.5,50,82.0,Consumer Services,PANIC,-3,BLOCKED,STOPPED,2026-07-23,474.37,Stop Loss Hit,-3.4,80.4,ELITE,OK
2026-07-22,15:21,EMA21_Bounce,21 EMA Bounce,HONASA,BUY,456.65,456.65,443.78,475.96,477.0,1.6,45,100.0,Fast Moving Consumer Goods,PANIC,-3,BLOCKED,STOPPED,2026-07-23,443.78,Stop Loss Hit,-2.82,79.9,STRONG,OK
2026-07-22,15:21,EMA21_Bounce,21 EMA Bounce,RAINBOW,BUY,1489.9,1489.9,1433.2,1574.95,1641.84,2.7,45,91.0,Healthcare,PANIC,-3,BLOCKED,STOPPED,2026-07-24,1433.2,Stop Loss Hit,-3.81,79.7,STRONG,OK
2026-07-22,15:21,EMA21_Bounce,21 EMA Bounce,CASTROLIND,BUY,185.78,185.78,183.71,188.88,190.95,2.5,50,55.0,Oil Gas & Consumable Fuels,PANIC,-3,BLOCKED,TARGET,2026-07-23,188.88,Target 1 Hit,1.67,71.7,STRONG,OK
2026-07-22,15:21,EMA21_Bounce,21 EMA Bounce,SPLPETRO,BUY,734.3,734.3,704.16,779.51,809.65,2.5,50,45.0,Chemicals,PANIC,-3,BLOCKED,TARGET,2026-07-28,779.51,Target 1 Hit,6.16,69.7,STRONG,OK
2026-07-22,15:21,EMA21_Bounce,21 EMA Bounce,JINDALSAW,BUY,265.15,265.15,253.16,283.13,295.12,2.5,50,71.0,Capital Goods,PANIC,-3,BLOCKED,STOPPED,2026-07-24,253.16,Stop Loss Hit,-4.52,68.6,STRONG,OK
2026-07-22,15:21,EMA21_Bounce,21 EMA Bounce,KAJARIACER,BUY,1229.6,1229.6,1197.56,1277.66,1309.7,2.5,45,52.0,Consumer Durables,PANIC,-3,BLOCKED,STOPPED,2026-07-24,1197.56,Stop Loss Hit,-2.61,67.2,STRONG,OK
2026-07-22,15:21,EMA21_Bounce,21 EMA Bounce,ANTHEM,BUY,778.9,778.9,721.87,864.44,921.47,2.5,55,56.0,Healthcare,PANIC,-3,BLOCKED,EXPIRED,2026-08-07,841.0,Expired (16d > 15d),7.97,62.3,MODERATE,OK
2026-07-22,15:21,52WH_Breakout,52-Week High Breakout,CHENNPETRO,BUY,1307.8,1307.8,1250.18,1514.64,1849.34,8.0,37,100.0,Oil Gas & Consumable Fuels,PANIC,-3,BLOCKED,STOPPED,2026-07-23,1250.18,Stop Loss Hit,-4.41,47.0,WEAK,OK
2026-07-22,15:21,Last30Min_ATH,Near 52W High (EOD),CHENNPETRO,BUY,1307.8,1307.8,1269.0,1514.64,1849.34,8.0,39,100.0,Oil Gas & Consumable Fuels,PANIC,-3,BLOCKED,STOPPED,2026-07-23,1269.0,Stop Loss Hit,-2.97,47.0,WEAK,OK
2026-07-22,15:21,Failed_Breakout_Short,Failed Breakout Short,IIFL,SHORT,570.35,570.35,593.42,535.75,512.68,2.5,77,100.0,Financial Services,PANIC,-3,IDEAL,STOPPED,2026-07-28,593.42,Stop Loss Hit,-4.04,62.2,MODERATE,OK
2026-07-22,15:21,Failed_Breakout_Short,Failed Breakout Short,HSCL,SHORT,768.25,768.25,828.98,677.16,616.43,2.5,77,100.0,Chemicals,PANIC,-3,IDEAL,EXPIRED,2026-08-17,787.4,Expired (26d > 25d),-2.49,60.2,MODERATE,OK
2026-07-22,15:21,Failed_Breakout_Short,Failed Breakout Short,GABRIEL,SHORT,1424.6,1424.6,1540.07,1251.4,1135.93,2.5,80,100.0,Automobile and Auto Components,PANIC,-3,IDEAL,STOPPED,2026-08-03,1540.07,Stop Loss Hit,-8.11,58.7,MODERATE,OK
2026-07-22,15:21,Failed_Breakout_Short,Failed Breakout Short,CEMPRO,SHORT,1596.6,1596.6,1670.35,1485.98,1412.23,2.5,77,100.0,Construction,PANIC,-3,IDEAL,TARGET,2026-07-24,1485.98,Target 1 Hit,6.93,53.7,MODERATE,OK
2026-07-22,15:21,Failed_Breakout_Short,Failed Breakout Short,JUBLINGREA,SHORT,743.75,743.75,803.87,653.57,593.45,2.5,80,56.0,Chemicals,PANIC,-3,IDEAL,EXPIRED,2026-08-17,732.8,Expired (26d > 25d),1.47,53.4,MODERATE,OK
2026-07-22,15:21,Failed_Breakout_Short,Failed Breakout Short,BANKINDIA,SHORT,143.99,143.99,150.75,133.85,127.09,2.5,72,55.0,Financial Services,PANIC,-3,IDEAL,EXPIRED,2026-08-17,143.75,Expired (26d > 25d),0.17,48.6,WEAK,OK
2026-07-22,15:21,Failed_Breakout_Short,Failed Breakout Short,PPLPHARMA,SHORT,177.1,177.1,188.13,160.56,149.53,2.5,72,63.0,Healthcare,PANIC,-3,IDEAL,STOPPED,2026-07-27,188.13,Stop Loss Hit,-6.23,47.8,WEAK,OK
2026-07-22,15:21,Failed_Breakout_Short,Failed Breakout Short,ACE,SHORT,1007.6,1007.6,1092.39,880.42,795.63,2.5,72,73.0,Capital Goods,PANIC,-3,IDEAL,STOPPED,2026-08-03,1092.39,Stop Loss Hit,-8.42,42.1,WEAK,OK
2026-07-23,12:18,VCP,VCP (Minervini v2),APOLLOHOSP,BUY,8862.0,9009.0,8656.5,9857.2,11229.7,6.3,47,81.0,Healthcare,PANIC,-4,BLOCKED,STOPPED,2026-08-12,8656.5,Stop Loss Hit,-3.91,44.4,WEAK,OK
2026-07-23,12:18,VCP,VCP (Minervini v2),TITAN,BUY,4697.3,4733.0,4413.27,5216.99,6000.15,4.0,42,66.0,Consumer Durables,PANIC,-4,BLOCKED,EXPIRED,2026-08-18,5048.6,Expired (26d > 25d),6.67,39.6,WEAK,OK
2026-07-23,12:18,VCP,VCP (Minervini v2),BOSCHLTD,BUY,42240.0,42985.0,40198.0,48027.88,56187.88,4.7,44,79.0,Automobile and Auto Components,PANIC,-4,BLOCKED,STOPPED,2026-07-29,40198.0,Stop Loss Hit,-6.48,31.2,WEAK,OK
2026-07-23,12:18,EMA21_Bounce,21 EMA Bounce,SUNPHARMA,BUY,1954.0,1954.0,1899.58,2078.71,2280.5,6.0,45,77.0,Healthcare,PANIC,-4,BLOCKED,EXPIRED,2026-08-10,1944.4,Expired (18d > 15d),-0.49,85.2,ELITE,OK
2026-07-23,12:18,EMA21_Bounce,21 EMA Bounce,MOTHERSON,BUY,145.57,145.57,140.24,153.56,158.89,2.5,50,85.0,Automobile and Auto Components,PANIC,-4,BLOCKED,TARGET,2026-08-03,153.56,Target 1 Hit,5.49,71.5,STRONG,OK
2026-07-23,12:18,EMA21_Bounce,21 EMA Bounce,BOSCHLTD,BUY,42240.0,42240.0,40621.37,44667.94,46822.47,2.8,50,79.0,Automobile and Auto Components,PANIC,-4,BLOCKED,STOPPED,2026-07-29,40621.37,Stop Loss Hit,-3.83,70.6,STRONG,OK
2026-07-23,12:18,EMA21_Bounce,21 EMA Bounce,CUMMINSIND,BUY,5599.0,5599.0,5480.08,5777.38,5896.3,2.5,45,67.0,Capital Goods,PANIC,-4,BLOCKED,STOPPED,2026-07-28,5480.08,Stop Loss Hit,-2.12,67.1,STRONG,OK
2026-07-23,12:18,EMA21_Bounce,21 EMA Bounce,POWERGRID,BUY,289.8,289.8,283.87,298.7,304.63,2.5,50,34.0,Power,PANIC,-4,BLOCKED,STOPPED,2026-07-28,283.87,Stop Loss Hit,-2.05,65.3,STRONG,OK
2026-07-23,12:18,EMA21_Bounce,21 EMA Bounce,SIEMENS,BUY,3686.3,3686.3,3560.3,3875.3,4001.3,2.5,45,45.0,Capital Goods,PANIC,-4,BLOCKED,TARGET,2026-08-03,3875.3,Target 1 Hit,5.13,57.2,MODERATE,OK
2026-07-23,12:18,52WH_Breakout,52-Week High Breakout,BAJAJ-AUTO,BUY,11283.5,11283.5,10905.23,12385.08,14167.58,7.6,37,94.0,Automobile and Auto Components,PANIC,-4,BLOCKED,EXPIRED,2026-08-18,11607.0,Expired (26d > 25d),2.87,42.5,WEAK,OK
2026-07-23,12:18,Last30Min_ATH,Near 52W High (EOD),BAJAJ-AUTO,BUY,11283.5,11283.5,10967.0,12385.08,14167.58,8.0,39,94.0,Automobile and Auto Components,PANIC,-4,BLOCKED,EXPIRED,2026-08-10,11677.0,Expired (18d > 15d),3.49,42.5,WEAK,OK
2026-07-23,12:18,Failed_Breakout_Short,Failed Breakout Short,INDUSINDBK,SHORT,1005.5,1005.5,1086.92,883.37,801.95,2.5,75,80.0,Financial Services,PANIC,-4,IDEAL,EXPIRED,2026-08-18,1015.0,Expired (26d > 25d),-0.94,62.5,MODERATE,OK
2026-07-23,12:18,Failed_Breakout_Short,Failed Breakout Short,UBL,SHORT,1397.7,1397.7,1457.94,1307.34,1247.1,2.5,72,42.0,Fast Moving Consumer Goods,PANIC,-4,IDEAL,STOPPED,2026-07-30,1457.94,Stop Loss Hit,-4.31,61.9,MODERATE,OK
2026-07-23,12:18,Failed_Breakout_Short,Failed Breakout Short,SONACOMS,SHORT,719.75,719.75,745.09,681.74,656.4,2.5,77,94.0,Automobile and Auto Components,PANIC,-4,IDEAL,STOPPED,2026-07-30,745.09,Stop Loss Hit,-3.52,56.4,MODERATE,OK
2026-07-23,12:18,Failed_Breakout_Short,Failed Breakout Short,BRITANNIA,SHORT,5388.0,5388.0,5558.27,5132.59,4962.32,2.5,72,43.0,Fast Moving Consumer Goods,PANIC,-4,IDEAL,STOPPED,2026-07-29,5558.27,Stop Loss Hit,-3.16,52.9,MODERATE,OK
2026-07-23,12:18,Failed_Breakout_Short,Failed Breakout Short,JSWSTEEL,SHORT,1246.8,1246.8,1287.09,1186.36,1146.07,2.5,72,48.0,Metals & Mining,PANIC,-4,IDEAL,STOPPED,2026-07-30,1287.09,Stop Loss Hit,-3.23,47.2,WEAK,OK
2026-07-23,12:18,Failed_Breakout_Short,Failed Breakout Short,ABCAPITAL,SHORT,392.25,392.25,414.67,358.62,336.2,2.5,72,84.0,Financial Services,PANIC,-4,IDEAL,STOPPED,2026-08-03,414.67,Stop Loss Hit,-5.72,46.0,WEAK,OK
2026-07-23,12:18,Failed_Breakout_Short,Failed Breakout Short,JKCEMENT,SHORT,5668.0,5668.0,5838.82,5411.77,5240.95,2.5,72,60.0,Construction Materials,PANIC,-4,IDEAL,TARGET,2026-07-31,5411.77,Target 1 Hit,4.52,45.7,WEAK,OK
2026-07-23,12:18,Failed_Breakout_Short,Failed Breakout Short,NESTLEIND,SHORT,1447.9,1447.9,1519.54,1340.44,1268.8,2.5,72,55.0,Fast Moving Consumer Goods,PANIC,-4,IDEAL,STOPPED,2026-07-30,1519.54,Stop Loss Hit,-4.95,41.6,WEAK,OK
2026-07-23,15:33,VCP,VCP (Minervini v2),RAINBOW,BUY,1466.1,1508.15,1395.19,1677.59,1677.82,1.5,38,89.0,Healthcare,PANIC,-4,BLOCKED,EXPIRED,2026-08-18,1458.7,Expired (26d > 25d),-3.28,42.4,WEAK,OK
2026-07-23,15:33,EMA21_Bounce,21 EMA Bounce,PTCIL,BUY,17836.0,17836.0,17386.79,18509.81,18959.02,2.5,55,76.0,Capital Goods,PANIC,-4,BLOCKED,TARGET,2026-08-06,18509.81,Target 1 Hit,3.78,90.0,ELITE,OK
2026-07-23,15:33,EMA21_Bounce,21 EMA Bounce,CPPLUS,BUY,3612.6,3612.6,3375.99,3967.52,4204.13,2.5,50,100.0,Capital Goods,PANIC,-4,BLOCKED,STOPPED,2026-07-29,3375.99,Stop Loss Hit,-6.55,81.2,ELITE,OK
2026-07-23,15:33,EMA21_Bounce,21 EMA Bounce,GRANULES,BUY,852.55,852.55,822.63,904.5,907.8,1.8,50,94.0,Healthcare,PANIC,-4,BLOCKED,STOPPED,2026-07-31,822.63,Stop Loss Hit,-3.51,81.2,ELITE,OK
2026-07-23,15:33,EMA21_Bounce,21 EMA Bounce,WELSPUNLIV,BUY,164.99,164.99,159.03,173.93,179.89,2.5,45,100.0,Textiles,PANIC,-4,BLOCKED,STOPPED,2026-07-31,159.03,Stop Loss Hit,-3.61,80.7,ELITE,OK
2026-07-23,15:33,EMA21_Bounce,21 EMA Bounce,SYRMA,BUY,1380.0,1380.0,1330.48,1454.28,1457.0,1.6,50,100.0,Capital Goods,PANIC,-4,BLOCKED,STOPPED,2026-07-24,1330.48,Stop Loss Hit,-3.59,79.9,STRONG,OK
2026-07-23,15:33,EMA21_Bounce,21 EMA Bounce,CGCL,BUY,243.71,243.71,236.18,262.0,264.53,2.8,50,100.0,Financial Services,PANIC,-4,BLOCKED,STOPPED,2026-07-28,236.18,Stop Loss Hit,-3.09,79.7,STRONG,OK
2026-07-23,15:33,EMA21_Bounce,21 EMA Bounce,PWL,BUY,133.25,133.25,126.14,159.43,160.1,3.8,50,100.0,Consumer Services,PANIC,-4,BLOCKED,STOPPED,2026-07-24,126.14,Stop Loss Hit,-5.34,79.2,STRONG,OK
2026-07-23,15:33,EMA21_Bounce,21 EMA Bounce,SAREGAMA,BUY,488.75,488.75,474.55,510.05,524.25,2.5,50,100.0,Media Entertainment & Publication,PANIC,-4,BLOCKED,STOPPED,2026-07-24,474.55,Stop Loss Hit,-2.91,78.4,STRONG,OK
2026-07-23,15:33,EMA21_Bounce,21 EMA Bounce,CREDITACC,BUY,1503.5,1503.5,1442.14,1595.54,1656.9,2.5,45,93.0,Financial Services,PANIC,-4,BLOCKED,TARGET,2026-07-27,1595.54,Target 1 Hit,6.12,77.2,STRONG,OK
2026-07-23,15:33,EMA21_Bounce,21 EMA Bounce,MANKIND,BUY,2557.4,2557.4,2484.24,2667.14,2740.3,2.5,50,78.0,Healthcare,PANIC,-4,BLOCKED,STOPPED,2026-07-31,2484.24,Stop Loss Hit,-2.86,71.7,STRONG,OK
2026-07-23,15:33,EMA21_Bounce,21 EMA Bounce,ELGIEQUIP,BUY,586.05,586.05,561.92,622.24,646.37,2.5,50,66.0,Capital Goods,PANIC,-4,BLOCKED,EXPIRED,2026-08-10,582.55,Expired (18d > 15d),-0.6,67.8,STRONG,OK
2026-07-23,15:33,EMA21_Bounce,21 EMA Bounce,RKFORGE,BUY,584.0,584.0,562.43,616.36,637.93,2.5,50,47.0,Automobile and Auto Components,PANIC,-4,BLOCKED,TARGET,2026-07-27,616.36,Target 1 Hit,5.54,62.1,MODERATE,OK
2026-07-23,15:33,EMA21_Bounce,21 EMA Bounce,ANTHEM,BUY,777.85,777.85,756.52,809.84,831.17,2.5,50,54.0,Healthcare,PANIC,-4,BLOCKED,TARGET,2026-07-31,809.84,Target 1 Hit,4.11,56.1,MODERATE,OK
2026-07-23,15:33,Last30Min_ATH,Near 52W High (EOD),NUVAMA,BUY,1947.2,1947.2,1854.9,2085.65,2344.99,4.3,37,100.0,Financial Services,PANIC,-4,BLOCKED,STOPPED,2026-07-28,1854.9,Stop Loss Hit,-4.74,48.0,WEAK,OK
2026-07-23,15:33,Failed_Breakout_Short,Failed Breakout Short,CHENNPETRO,SHORT,1269.6,1269.6,1374.94,1111.59,1006.25,2.5,75,89.0,Oil Gas & Consumable Fuels,PANIC,-4,IDEAL,TARGET,2026-07-28,1111.59,Target 1 Hit,12.45,66.7,STRONG,OK
2026-07-23,15:33,Failed_Breakout_Short,Failed Breakout Short,IIFL,SHORT,568.75,568.75,593.73,531.28,506.3,2.5,80,100.0,Financial Services,PANIC,-4,IDEAL,STOPPED,2026-07-28,593.73,Stop Loss Hit,-4.39,63.7,MODERATE,OK
2026-07-23,15:33,Failed_Breakout_Short,Failed Breakout Short,ABBOTINDIA,SHORT,28690.0,28690.0,29112.82,28055.77,27632.95,2.5,77,79.0,Healthcare,PANIC,-4,IDEAL,TARGET,2026-07-24,28055.77,Target 1 Hit,2.21,60.0,MODERATE,OK
2026-07-23,15:33,Failed_Breakout_Short,Failed Breakout Short,DATAPATTNS,SHORT,4597.5,4597.5,4893.62,4153.32,3857.2,2.5,72,79.0,Capital Goods,PANIC,-4,IDEAL,TARGET,2026-07-31,4153.32,Target 1 Hit,9.66,45.0,WEAK,OK
2026-07-23,15:33,Failed_Breakout_Short,Failed Breakout Short,AAVAS,SHORT,1385.9,1385.9,1558.84,1126.49,953.55,2.5,72,54.0,Financial Services,PANIC,-4,IDEAL,EXPIRED,2026-08-18,1388.3,Expired (26d > 25d),-0.17,41.3,WEAK,OK
2026-07-23,15:33,Failed_Breakout_Short,Failed Breakout Short,HOMEFIRST,SHORT,1202.3,1202.3,1302.15,1052.52,952.67,2.5,72,62.0,Financial Services,PANIC,-4,IDEAL,EXPIRED,2026-08-18,1177.1,Expired (26d > 25d),2.1,40.5,WEAK,OK
2026-07-24,12:12,VCP,VCP (Minervini v2),APOLLOHOSP,BUY,8805.5,9009.0,8656.5,9834.65,11170.65,6.1,47,80.0,Healthcare,PANIC,-7,BLOCKED,STOPPED,2026-08-12,8656.5,Stop Loss Hit,-3.91,43.9,WEAK,OK
2026-07-24,12:12,VCP,VCP (Minervini v2),TITAN,BUY,4677.0,4733.0,4413.27,5216.99,6000.15,4.0,42,62.0,Consumer Durables,PANIC,-7,BLOCKED,OPEN,,,,,40.8,WEAK,OK
2026-07-24,12:12,VCP,VCP (Minervini v2),BOSCHLTD,BUY,41755.0,42985.0,40198.0,48027.88,56187.88,4.7,44,75.0,Automobile and Auto Components,PANIC,-7,BLOCKED,STOPPED,2026-07-29,40198.0,Stop Loss Hit,-6.48,30.5,WEAK,OK
2026-07-24,12:12,EMA21_Bounce,21 EMA Bounce,PIDILITIND,BUY,1570.9,1570.9,1519.52,1647.97,1699.35,2.5,50,79.0,Chemicals,PANIC,-7,BLOCKED,TARGET,2026-08-04,1647.97,Target 1 Hit,4.91,81.6,ELITE,OK
2026-07-24,12:12,EMA21_Bounce,21 EMA Bounce,APOLLOHOSP,BUY,8805.5,8805.5,8720.6,8950.0,9000.0,2.3,45,80.0,Healthcare,PANIC,-7,BLOCKED,TARGET,2026-07-29,8950.0,Target 1 Hit,1.64,81.3,ELITE,OK
2026-07-24,12:12,EMA21_Bounce,21 EMA Bounce,MARICO,BUY,855.6,855.6,833.52,888.72,914.31,2.7,50,71.0,Fast Moving Consumer Goods,PANIC,-7,BLOCKED,TARGET,2026-07-30,888.72,Target 1 Hit,3.87,79.0,STRONG,OK
2026-07-24,12:12,EMA21_Bounce,21 EMA Bounce,UNIONBANK,BUY,170.5,170.5,162.79,182.06,189.77,2.5,45,61.0,Financial Services,PANIC,-7,BLOCKED,TARGET,2026-08-06,182.06,Target 1 Hit,6.78,78.2,STRONG,OK
2026-07-24,12:12,EMA21_Bounce,21 EMA Bounce,BIOCON,BUY,433.65,433.65,419.56,454.78,468.87,2.5,50,91.0,Healthcare,PANIC,-7,BLOCKED,EXPIRED,2026-08-10,426.1,Expired (17d > 15d),-1.74,77.4,STRONG,OK
2026-07-24,12:12,EMA21_Bounce,21 EMA Bounce,IDFCFIRSTB,BUY,80.79,80.79,78.01,84.96,87.74,2.5,50,81.0,Financial Services,PANIC,-7,BLOCKED,TARGET,2026-07-27,84.96,Target 1 Hit,5.16,74.8,STRONG,OK
2026-07-24,12:12,EMA21_Bounce,21 EMA Bounce,INDHOTEL,BUY,727.45,727.45,704.66,761.64,784.43,2.5,50,78.0,Consumer Services,PANIC,-7,BLOCKED,EXPIRED,2026-08-10,728.7,Expired (17d > 15d),0.17,73.3,STRONG,OK
2026-07-24,12:12,EMA21_Bounce,21 EMA Bounce,BHEL,BUY,417.3,417.3,394.26,451.86,474.9,2.5,45,94.0,Capital Goods,PANIC,-7,BLOCKED,EXPIRED,2026-08-10,409.0,Expired (17d > 15d),-1.99,70.9,STRONG,OK
2026-07-24,12:12,EMA21_Bounce,21 EMA Bounce,MOTHERSON,BUY,145.55,145.55,141.06,152.29,156.78,2.5,50,88.0,Automobile and Auto Components,PANIC,-7,BLOCKED,TARGET,2026-07-31,152.29,Target 1 Hit,4.63,69.8,STRONG,OK
2026-07-24,12:12,EMA21_Bounce,21 EMA Bounce,CUMMINSIND,BUY,5600.5,5600.5,5469.99,5796.26,5926.77,2.5,50,65.0,Capital Goods,PANIC,-7,BLOCKED,STOPPED,2026-07-28,5469.99,Stop Loss Hit,-2.33,65.6,STRONG,OK
2026-07-24,12:12,EMA21_Bounce,21 EMA Bounce,HAL,BUY,4573.4,4573.4,4431.02,4786.97,4808.6,1.7,45,61.0,Capital Goods,PANIC,-7,BLOCKED,TARGET,2026-08-06,4786.97,Target 1 Hit,4.67,60.6,MODERATE,OK
2026-07-24,12:12,EMA21_Bounce,21 EMA Bounce,NESTLEIND,BUY,1443.5,1443.5,1414.84,1486.49,1490.93,1.7,50,49.0,Fast Moving Consumer Goods,PANIC,-7,BLOCKED,TARGET,2026-07-28,1486.49,Target 1 Hit,2.98,59.8,MODERATE,OK
2026-07-24,12:12,EMA21_Bounce,21 EMA Bounce,TORNTPOWER,BUY,1434.1,1434.1,1392.42,1496.62,1538.3,2.5,50,20.0,Power,PANIC,-7,BLOCKED,STOPPED,2026-08-03,1392.42,Stop Loss Hit,-2.91,58.5,MODERATE,OK
2026-07-24,12:12,EMA21_Bounce,21 EMA Bounce,SIEMENS,BUY,3689.8,3689.8,3566.9,3874.15,3997.05,2.5,45,46.0,Capital Goods,PANIC,-7,BLOCKED,TARGET,2026-08-03,3874.15,Target 1 Hit,5.0,55.4,MODERATE,OK
2026-07-24,12:12,Last30Min_ATH,Near 52W High (EOD),PIDILITIND,BUY,1570.9,1570.9,1537.1,1621.6,1655.4,2.5,37,79.0,Chemicals,PANIC,-7,BLOCKED,TARGET,2026-07-27,1621.6,Target 1 Hit,3.23,44.2,WEAK,OK
2026-07-24,12:12,Last30Min_ATH,Near 52W High (EOD),UNITDSPR,BUY,1467.2,1467.2,1410.5,1620.09,1867.48,7.1,39,68.0,Fast Moving Consumer Goods,PANIC,-7,BLOCKED,EXPIRED,2026-08-10,1522.0,Expired (17d > 15d),3.74,42.1,WEAK,OK
2026-07-24,15:14,EMA21_Bounce,21 EMA Bounce,SHYAMMETL,BUY,1027.45,1027.45,985.96,1089.68,1150.76,3.0,45,84.0,Capital Goods,PANIC,-7,BLOCKED,STOPPED,2026-08-07,985.96,Stop Loss Hit,-4.04,84.9,ELITE,OK
2026-07-24,15:14,EMA21_Bounce,21 EMA Bounce,3MINDIA,BUY,35500.0,35500.0,34134.58,37548.13,38913.55,2.5,50,68.0,Diversified,PANIC,-7,BLOCKED,EXPIRED,2026-08-10,35900.0,Expired (17d > 15d),1.13,81.5,ELITE,OK
2026-07-24,15:14,EMA21_Bounce,21 EMA Bounce,MINDACORP,BUY,676.45,676.45,639.78,731.46,768.13,2.5,45,100.0,Automobile and Auto Components,PANIC,-7,BLOCKED,TARGET,2026-08-03,731.46,Target 1 Hit,8.13,81.4,ELITE,OK
2026-07-24,15:14,EMA21_Bounce,21 EMA Bounce,SAREGAMA,BUY,496.5,496.5,459.46,552.06,589.1,2.5,50,100.0,Media Entertainment & Publication,PANIC,-7,BLOCKED,TARGET,2026-08-05,552.06,Target 1 Hit,11.19,79.9,STRONG,OK
2026-07-24,15:14,EMA21_Bounce,21 EMA Bounce,WELCORP,BUY,1596.9,1596.9,1539.68,1698.8,1825.48,4.0,50,100.0,Capital Goods,PANIC,-7,BLOCKED,TARGET,2026-07-29,1698.8,Target 1 Hit,6.38,79.9,STRONG,OK
2026-07-24,15:14,EMA21_Bounce,21 EMA Bounce,RADICO,BUY,4091.3,4091.3,3960.36,4287.71,4418.65,2.5,50,88.0,Fast Moving Consumer Goods,PANIC,-7,BLOCKED,TARGET,2026-07-28,4287.71,Target 1 Hit,4.8,79.5,STRONG,OK
2026-07-24,15:14,EMA21_Bounce,21 EMA Bounce,CREDITACC,BUY,1517.6,1517.6,1431.97,1646.04,1731.67,2.5,45,87.0,Financial Services,PANIC,-7,BLOCKED,EXPIRED,2026-08-10,1530.5,Expired (17d > 15d),0.85,78.9,STRONG,OK
2026-07-24,15:14,EMA21_Bounce,21 EMA Bounce,NEULANDLAB,BUY,18546.0,18546.0,17933.13,19465.3,20051.94,2.5,45,100.0,Healthcare,PANIC,-7,BLOCKED,TARGET,2026-07-29,19465.3,Target 1 Hit,4.96,78.9,STRONG,OK
2026-07-24,15:14,EMA21_Bounce,21 EMA Bounce,CUB,BUY,219.75,219.75,213.43,231.48,231.82,1.9,45,62.0,Financial Services,PANIC,-7,BLOCKED,TARGET,2026-07-28,231.48,Target 1 Hit,5.34,78.4,STRONG,OK
2026-07-24,15:14,EMA21_Bounce,21 EMA Bounce,CRAFTSMAN,BUY,9284.0,9284.0,8992.16,9721.76,10013.6,2.5,50,97.0,Automobile and Auto Components,PANIC,-7,BLOCKED,TARGET,2026-07-29,9721.76,Target 1 Hit,4.72,75.8,STRONG,OK
2026-07-24,15:14,EMA21_Bounce,21 EMA Bounce,ZEEL,BUY,105.46,105.46,99.05,115.07,121.48,2.5,50,84.0,Media Entertainment & Publication,PANIC,-7,BLOCKED,TARGET,2026-07-31,115.07,Target 1 Hit,9.11,72.2,STRONG,OK
2026-07-24,15:14,EMA21_Bounce,21 EMA Bounce,ANANDRATHI,BUY,2042.1,2042.1,1974.01,2144.23,2176.2,2.0,45,79.0,Financial Services,PANIC,-7,BLOCKED,EXPIRED,2026-08-10,2131.5,Expired (17d > 15d),4.38,70.8,STRONG,OK
2026-07-24,15:14,EMA21_Bounce,21 EMA Bounce,GRAVITA,BUY,1775.7,1775.7,1684.54,1912.44,2003.6,2.5,50,67.0,Metals & Mining,PANIC,-7,BLOCKED,STOPPED,2026-07-28,1684.54,Stop Loss Hit,-5.13,70.1,STRONG,OK
2026-07-24,15:14,EMA21_Bounce,21 EMA Bounce,NIVABUPA,BUY,86.64,86.64,82.8,92.4,96.24,2.5,50,76.0,Financial Services,PANIC,-7,BLOCKED,EXPIRED,2026-08-10,86.39,Expired (17d > 15d),-0.29,67.8,STRONG,OK
2026-07-24,15:14,EMA21_Bounce,21 EMA Bounce,KAJARIACER,BUY,1214.9,1214.9,1175.98,1273.28,1312.2,2.5,50,49.0,Consumer Durables,PANIC,-7,BLOCKED,STOPPED,2026-08-06,1175.98,Stop Loss Hit,-3.2,64.8,MODERATE,OK
2026-07-24,15:14,Last30Min_ATH,Near 52W High (EOD),RRKABEL,BUY,2493.6,2493.6,2330.2,2738.7,3046.91,3.4,37,100.0,Capital Goods,PANIC,-7,BLOCKED,TARGET,2026-07-28,2738.7,Target 1 Hit,9.83,45.0,WEAK,OK
2026-07-24,15:14,Failed_Breakout_Short,Failed Breakout Short,PTCIL,SHORT,17732.0,17732.0,18737.79,16223.31,15217.52,2.5,72,74.0,Capital Goods,PANIC,-7,IDEAL,STOPPED,2026-08-07,18737.79,Stop Loss Hit,-5.67,55.4,MODERATE,OK
2026-07-24,15:14,Failed_Breakout_Short,Failed Breakout Short,DALBHARAT,SHORT,1810.8,1810.8,1901.57,1674.64,1583.87,2.5,75,40.0,Construction Materials,PANIC,-7,IDEAL,OPEN,,,,,55.2,MODERATE,OK
2026-07-24,15:14,Failed_Breakout_Short,Failed Breakout Short,CASTROLIND,SHORT,184.79,184.79,189.45,177.8,173.14,2.5,72,51.0,Oil Gas & Consumable Fuels,PANIC,-7,IDEAL,STOPPED,2026-08-05,189.45,Stop Loss Hit,-2.52,49.5,WEAK,OK
2026-07-24,15:14,Failed_Breakout_Short,Failed Breakout Short,NTPCGREEN,SHORT,96.32,96.32,100.36,90.26,86.22,2.5,72,25.0,Power,PANIC,-7,IDEAL,TARGET,2026-07-30,90.26,Target 1 Hit,6.29,38.5,WEAK,OK
2026-07-27,13:32,VCP,VCP (Minervini v2),APOLLOHOSP,BUY,8843.5,9009.0,8656.5,9831.56,11162.56,6.1,46,81.0,Healthcare,PANIC,-4,BLOCKED,STOPPED,2026-08-12,8656.5,Stop Loss Hit,-3.91,42.1,WEAK,OK
2026-07-27,13:32,EMA21_Bounce,21 EMA Bounce,SUNPHARMA,BUY,1973.7,1973.7,1906.09,2110.58,2332.07,5.3,50,68.0,Healthcare,PANIC,-4,BLOCKED,EXPIRED,2026-08-12,1944.0,Expired (16d > 15d),-1.5,89.6,ELITE,OK
2026-07-27,13:32,EMA21_Bounce,21 EMA Bounce,APOLLOHOSP,BUY,8843.5,8843.5,8678.59,9090.86,9255.77,2.5,50,81.0,Healthcare,PANIC,-4,BLOCKED,STOPPED,2026-08-11,8678.59,Stop Loss Hit,-1.86,79.5,STRONG,OK
2026-07-27,13:32,EMA21_Bounce,21 EMA Bounce,SHRIRAMFIN,BUY,1038.2,1038.2,984.85,1118.23,1171.58,2.5,50,72.0,Financial Services,PANIC,-4,BLOCKED,TARGET,2026-08-05,1118.23,Target 1 Hit,7.71,76.9,STRONG,OK
2026-07-27,13:32,EMA21_Bounce,21 EMA Bounce,PIDILITIND,BUY,1611.3,1611.3,1550.84,1780.16,2053.39,7.3,50,85.0,Chemicals,PANIC,-4,BLOCKED,EXPIRED,2026-08-12,1701.5,Expired (16d > 15d),5.6,76.1,STRONG,OK
2026-07-27,13:32,EMA21_Bounce,21 EMA Bounce,NAVINFLUOR,BUY,7711.0,7711.0,7472.79,8068.32,8306.53,2.5,50,76.0,Chemicals,PANIC,-4,BLOCKED,STOPPED,2026-07-30,7472.79,Stop Loss Hit,-3.09,75.7,STRONG,OK
2026-07-27,13:32,EMA21_Bounce,21 EMA Bounce,AUROPHARMA,BUY,1549.4,1549.4,1512.87,1604.2,1640.73,2.5,45,72.0,Healthcare,PANIC,-4,BLOCKED,TARGET,2026-07-30,1604.2,Target 1 Hit,3.54,75.0,STRONG,OK
2026-07-27,13:32,EMA21_Bounce,21 EMA Bounce,CHOLAFIN,BUY,1785.2,1785.2,1718.46,1885.31,1952.05,2.5,50,78.0,Financial Services,PANIC,-4,BLOCKED,STOPPED,2026-07-28,1718.46,Stop Loss Hit,-3.74,73.8,STRONG,OK
2026-07-27,13:32,EMA21_Bounce,21 EMA Bounce,INDHOTEL,BUY,733.75,733.75,716.8,759.18,776.13,2.5,50,81.0,Consumer Services,PANIC,-4,BLOCKED,STOPPED,2026-08-12,716.8,Stop Loss Hit,-2.31,73.2,STRONG,OK
2026-07-27,13:32,EMA21_Bounce,21 EMA Bounce,GAIL,BUY,174.23,174.23,168.18,183.3,189.35,2.5,55,63.0,Oil Gas & Consumable Fuels,PANIC,-4,BLOCKED,EXPIRED,2026-08-12,177.95,Expired (16d > 15d),2.14,71.6,STRONG,OK
2026-07-27,13:32,EMA21_Bounce,21 EMA Bounce,ABCAPITAL,BUY,400.45,400.45,390.28,415.71,425.88,2.5,50,81.0,Financial Services,PANIC,-4,BLOCKED,STOPPED,2026-07-28,390.28,Stop Loss Hit,-2.54,71.3,STRONG,OK
2026-07-27,13:32,EMA21_Bounce,21 EMA Bounce,PRESTIGE,BUY,1644.6,1644.6,1577.4,1745.4,1812.6,2.5,50,82.0,Realty,PANIC,-4,BLOCKED,STOPPED,2026-08-04,1577.4,Stop Loss Hit,-4.09,71.0,STRONG,OK
2026-07-27,13:32,EMA21_Bounce,21 EMA Bounce,SCHAEFFLER,BUY,4185.5,4185.5,4031.66,4416.26,4570.1,2.5,55,52.0,Automobile and Auto Components,PANIC,-4,BLOCKED,STOPPED,2026-07-30,4031.66,Stop Loss Hit,-3.68,70.8,STRONG,OK
2026-07-27,13:32,EMA21_Bounce,21 EMA Bounce,INDUSINDBK,BUY,1006.65,1006.65,986.0,1037.62,1038.0,1.5,50,69.0,Financial Services,PANIC,-4,BLOCKED,TARGET,2026-08-05,1037.62,Target 1 Hit,3.08,70.6,STRONG,OK
2026-07-27,13:32,EMA21_Bounce,21 EMA Bounce,OFSS,BUY,11089.0,11089.0,10422.36,12088.96,12755.6,2.5,50,84.0,Information Technology,PANIC,-4,BLOCKED,EXPIRED,2026-08-12,11679.0,Expired (16d > 15d),5.32,70.2,STRONG,OK
2026-07-27,13:32,EMA21_Bounce,21 EMA Bounce,PHOENIXLTD,BUY,2036.6,2036.6,1984.17,2134.7,2169.8,2.5,50,77.0,Realty,PANIC,-4,BLOCKED,STOPPED,2026-07-29,1984.17,Stop Loss Hit,-2.57,69.9,STRONG,OK
2026-07-27,13:32,EMA21_Bounce,21 EMA Bounce,STARHEALTH,BUY,592.05,592.05,568.09,627.99,651.95,2.5,50,74.0,Financial Services,PANIC,-4,BLOCKED,STOPPED,2026-08-07,568.09,Stop Loss Hit,-4.05,69.9,STRONG,OK
2026-07-27,13:32,EMA21_Bounce,21 EMA Bounce,RECLTD,BUY,368.15,368.15,352.9,391.02,406.27,2.5,50,57.0,Financial Services,PANIC,-4,BLOCKED,STOPPED,2026-08-10,352.9,Stop Loss Hit,-4.14,68.5,STRONG,OK
2026-07-27,13:32,EMA21_Bounce,21 EMA Bounce,POWERGRID,BUY,288.85,288.85,284.11,295.96,300.7,2.5,55,31.0,Power,PANIC,-4,BLOCKED,STOPPED,2026-07-28,284.11,Stop Loss Hit,-1.64,66.8,STRONG,OK
2026-07-27,13:32,EMA21_Bounce,21 EMA Bounce,ASIANPAINT,BUY,2710.2,2710.2,2638.49,2817.76,2889.47,2.5,50,73.0,Consumer Durables,PANIC,-4,BLOCKED,TARGET,2026-07-29,2817.76,Target 1 Hit,3.97,64.4,MODERATE,OK
2026-07-27,13:32,EMA21_Bounce,21 EMA Bounce,AUBANK,BUY,1052.2,1052.2,1006.1,1121.35,1167.45,2.5,55,56.0,Financial Services,PANIC,-4,BLOCKED,EXPIRED,2026-08-12,1091.4,Expired (16d > 15d),3.73,63.9,MODERATE,OK
2026-07-27,13:32,EMA21_Bounce,21 EMA Bounce,DEEPAKNTR,BUY,1678.9,1678.9,1628.06,1755.16,1806.0,2.5,50,45.0,Chemicals,PANIC,-4,BLOCKED,TARGET,2026-08-05,1755.16,Target 1 Hit,4.54,62.7,MODERATE,OK
2026-07-27,13:32,EMA21_Bounce,21 EMA Bounce,LICHSGFIN,BUY,551.75,551.75,535.46,576.18,592.47,2.5,50,48.0,Financial Services,PANIC,-4,BLOCKED,STOPPED,2026-07-31,535.46,Stop Loss Hit,-2.95,61.8,MODERATE,OK
2026-07-27,13:32,EMA21_Bounce,21 EMA Bounce,TORNTPOWER,BUY,1440.0,1440.0,1409.45,1485.82,1516.37,2.5,50,16.0,Power,PANIC,-4,BLOCKED,STOPPED,2026-07-31,1409.45,Stop Loss Hit,-2.12,55.9,MODERATE,OK
2026-07-27,13:32,52WH_Breakout,52-Week High Breakout,SUNPHARMA,BUY,1973.7,1973.7,1949.8,2110.58,2332.07,8.0,37,68.0,Healthcare,PANIC,-4,BLOCKED,STOPPED,2026-08-03,1949.8,Stop Loss Hit,-1.21,52.2,MODERATE,OK
2026-07-27,13:32,52WH_Breakout,52-Week High Breakout,LAURUSLABS,BUY,1713.4,1713.4,1587.28,1902.58,2057.53,2.7,42,100.0,Healthcare,PANIC,-4,BLOCKED,OPEN,,,,,45.0,WEAK,OK
2026-07-27,13:32,Last30Min_ATH,Near 52W High (EOD),SUNPHARMA,BUY,1973.7,1973.7,1933.0,2110.58,2332.07,8.0,39,68.0,Healthcare,PANIC,-4,BLOCKED,STOPPED,2026-08-06,1933.0,Stop Loss Hit,-2.06,52.2,MODERATE,OK
2026-07-27,13:32,Last30Min_ATH,Near 52W High (EOD),DIVISLAB,BUY,7414.0,7414.0,7220.5,8025.81,9015.81,8.0,35,77.0,Healthcare,PANIC,-4,BLOCKED,TARGET,2026-07-31,8025.81,Target 1 Hit,8.25,49.8,WEAK,OK
2026-07-27,13:32,Last30Min_ATH,Near 52W High (EOD),PIDILITIND,BUY,1611.3,1611.3,1579.7,1780.16,2053.39,8.0,35,85.0,Chemicals,PANIC,-4,BLOCKED,EXPIRED,2026-08-12,1701.5,Expired (16d > 15d),5.6,38.7,WEAK,OK
2026-07-27,13:32,Last30Min_ATH,Near 52W High (EOD),NAVINFLUOR,BUY,7711.0,7711.0,7578.0,7910.5,7936.0,1.7,33,76.0,Chemicals,PANIC,-4,BLOCKED,STOPPED,2026-07-28,7578.0,Stop Loss Hit,-1.72,38.3,WEAK,OK
2026-07-27,16:00,VCP,VCP (Minervini v2),RAINBOW,BUY,1483.5,1508.15,1395.19,1677.59,1677.82,1.5,44,87.0,Healthcare,PANIC,-4,BLOCKED,OPEN,,,,,44.8,WEAK,OK
2026-07-27,16:00,VCP,VCP (Minervini v2),NYKAA,BUY,326.75,335.0,309.79,382.71,459.91,5.0,44,96.0,Consumer Services,PANIC,-4,BLOCKED,OPEN,,,,,42.8,WEAK,OK
2026-07-27,16:00,VCP,VCP (Minervini v2),BHARATFORG,BUY,2181.3,2231.23,2071.59,2489.82,2908.25,4.2,44,82.0,Automobile and Auto Components,PANIC,-4,BLOCKED,STOPPED,2026-08-10,2071.59,Stop Loss Hit,-7.15,33.8,WEAK,OK
2026-07-27,16:00,EMA21_Bounce,21 EMA Bounce,AJANTPHARM,BUY,3386.1,3386.1,3316.69,3490.21,3506.9,1.7,50,89.0,Healthcare,PANIC,-4,BLOCKED,STOPPED,2026-07-28,3316.69,Stop Loss Hit,-2.05,86.2,ELITE,OK
2026-07-27,16:00,EMA21_Bounce,21 EMA Bounce,SHYAMMETL,BUY,1035.1,1035.1,988.53,1104.96,1163.14,2.7,45,87.0,Capital Goods,PANIC,-4,BLOCKED,STOPPED,2026-08-07,988.53,Stop Loss Hit,-4.5,84.9,ELITE,OK
2026-07-27,16:00,EMA21_Bounce,21 EMA Bounce,IPCALAB,BUY,1777.6,1777.6,1719.49,1864.76,1944.9,2.9,50,81.0,Healthcare,PANIC,-4,BLOCKED,STOPPED,2026-08-03,1719.49,Stop Loss Hit,-3.27,83.1,ELITE,OK
2026-07-27,16:00,EMA21_Bounce,21 EMA Bounce,MINDACORP,BUY,692.55,692.55,666.91,731.01,756.65,2.5,50,100.0,Automobile and Auto Components,PANIC,-4,BLOCKED,TARGET,2026-08-03,731.01,Target 1 Hit,5.55,82.4,ELITE,OK
2026-07-27,16:00,EMA21_Bounce,21 EMA Bounce,RAINBOW,BUY,1483.5,1483.5,1440.17,1548.5,1591.83,2.5,45,87.0,Healthcare,PANIC,-4,BLOCKED,TARGET,2026-08-03,1548.5,Target 1 Hit,4.38,82.2,ELITE,OK
2026-07-27,16:00,EMA21_Bounce,21 EMA Bounce,PTCIL,BUY,17923.0,17923.0,17472.49,18598.76,18599.0,1.5,45,72.0,Capital Goods,PANIC,-4,BLOCKED,TARGET,2026-08-07,18598.76,Target 1 Hit,3.77,82.1,ELITE,OK
2026-07-27,16:00,EMA21_Bounce,21 EMA Bounce,SAILIFE,BUY,1287.0,1287.0,1220.53,1386.7,1495.7,3.1,45,90.0,Healthcare,PANIC,-4,BLOCKED,TARGET,2026-08-05,1386.7,Target 1 Hit,7.75,81.4,ELITE,OK
2026-07-27,16:00,EMA21_Bounce,21 EMA Bounce,ASTERDM,BUY,801.5,801.5,775.86,839.96,865.6,2.5,50,78.0,Healthcare,PANIC,-4,BLOCKED,TARGET,2026-08-05,839.96,Target 1 Hit,4.8,81.2,ELITE,OK
2026-07-27,16:00,EMA21_Bounce,21 EMA Bounce,KIRLOSENG,BUY,2283.1,2283.1,2089.68,2573.23,2766.65,2.5,50,100.0,Capital Goods,PANIC,-4,BLOCKED,STOPPED,2026-08-07,2089.68,Stop Loss Hit,-8.47,81.2,ELITE,OK
2026-07-27,16:00,EMA21_Bounce,21 EMA Bounce,NEULANDLAB,BUY,18994.0,18994.0,18170.91,20228.64,20924.22,2.3,50,100.0,Healthcare,PANIC,-4,BLOCKED,TARGET,2026-08-06,20228.64,Target 1 Hit,6.5,81.2,ELITE,OK
2026-07-27,16:00,EMA21_Bounce,21 EMA Bounce,ATHERENERG,BUY,1214.9,1214.9,1163.84,1345.0,1425.82,4.1,50,100.0,Automobile and Auto Components,PANIC,-4,BLOCKED,TARGET,2026-08-04,1345.0,Target 1 Hit,10.71,79.9,STRONG,OK
2026-07-27,16:00,EMA21_Bounce,21 EMA Bounce,BLUEJET,BUY,576.05,576.05,557.54,603.81,630.0,2.9,50,100.0,Healthcare,PANIC,-4,BLOCKED,TARGET,2026-07-29,603.81,Target 1 Hit,4.82,79.9,STRONG,OK
2026-07-27,16:00,EMA21_Bounce,21 EMA Bounce,J&KBANK,BUY,177.51,177.51,167.23,192.93,201.75,2.4,50,100.0,Financial Services,PANIC,-4,BLOCKED,STOPPED,2026-07-29,167.23,Stop Loss Hit,-5.79,79.9,STRONG,OK
2026-07-27,16:00,EMA21_Bounce,21 EMA Bounce,CPPLUS,BUY,3557.8,3557.8,3419.35,3765.48,3903.93,2.5,50,100.0,Capital Goods,PANIC,-4,BLOCKED,STOPPED,2026-07-28,3419.35,Stop Loss Hit,-3.89,79.2,STRONG,OK
2026-07-27,16:00,EMA21_Bounce,21 EMA Bounce,CGCL,BUY,244.27,244.27,233.52,262.0,264.53,1.9,50,100.0,Financial Services,PANIC,-4,BLOCKED,STOPPED,2026-07-28,233.52,Stop Loss Hit,-4.4,79.2,STRONG,OK
2026-07-27,16:00,EMA21_Bounce,21 EMA Bounce,ENDURANCE,BUY,2732.8,2732.8,2574.02,2970.97,3129.75,2.5,50,84.0,Automobile and Auto Components,PANIC,-4,BLOCKED,TARGET,2026-08-10,2970.97,Target 1 Hit,8.72,79.0,STRONG,OK
2026-07-27,16:00,EMA21_Bounce,21 EMA Bounce,WELSPUNLIV,BUY,163.53,163.53,158.77,170.67,170.9,1.5,45,100.0,Textiles,PANIC,-4,BLOCKED,STOPPED,2026-07-31,158.77,Stop Loss Hit,-2.91,78.9,STRONG,OK
2026-07-27,16:00,EMA21_Bounce,21 EMA Bounce,GLAND,BUY,2427.1,2427.1,2335.94,2563.84,2564.8,1.5,45,100.0,Healthcare,PANIC,-4,BLOCKED,TARGET,2026-07-30,2563.84,Target 1 Hit,5.63,78.4,STRONG,OK
2026-07-27,16:00,EMA21_Bounce,21 EMA Bounce,CUB,BUY,221.45,221.45,215.28,231.48,231.82,1.7,45,68.0,Financial Services,PANIC,-4,BLOCKED,TARGET,2026-07-28,231.48,Target 1 Hit,4.53,75.3,STRONG,OK
2026-07-27,16:00,EMA21_Bounce,21 EMA Bounce,CRAFTSMAN,BUY,9327.0,9327.0,9137.43,9611.36,9800.93,2.5,45,90.0,Automobile and Auto Components,PANIC,-4,BLOCKED,STOPPED,2026-07-28,9137.43,Stop Loss Hit,-2.03,75.3,STRONG,OK
2026-07-27,16:00,EMA21_Bounce,21 EMA Bounce,IKS,BUY,1829.0,1829.0,1731.02,1975.97,2073.95,2.5,45,70.0,Information Technology,PANIC,-4,BLOCKED,STOPPED,2026-08-07,1731.02,Stop Loss Hit,-5.36,73.5,STRONG,OK
2026-07-27,16:00,EMA21_Bounce,21 EMA Bounce,BHARATFORG,BUY,2181.3,2181.3,2111.77,2285.6,2355.13,2.5,45,82.0,Automobile and Auto Components,PANIC,-4,BLOCKED,TARGET,2026-08-10,2285.6,Target 1 Hit,4.78,73.2,STRONG,OK
2026-07-27,16:00,EMA21_Bounce,21 EMA Bounce,MAXHEALTH,BUY,1114.6,1114.6,1072.16,1178.26,1220.7,2.5,50,74.0,Healthcare,PANIC,-4,BLOCKED,STOPPED,2026-08-04,1072.16,Stop Loss Hit,-3.81,73.2,STRONG,OK
2026-07-27,16:00,EMA21_Bounce,21 EMA Bounce,TATACAP,BUY,350.55,350.55,338.41,368.76,372.13,1.8,50,60.0,Financial Services,PANIC,-4,BLOCKED,TARGET,2026-07-29,368.76,Target 1 Hit,5.19,71.1,STRONG,OK
2026-07-27,16:00,EMA21_Bounce,21 EMA Bounce,SOLARINDS,BUY,18628.0,18628.0,18096.79,19424.81,19956.02,2.5,50,90.0,Chemicals,PANIC,-4,BLOCKED,STOPPED,2026-07-29,18096.79,Stop Loss Hit,-2.85,70.9,STRONG,OK
2026-07-27,16:00,EMA21_Bounce,21 EMA Bounce,LTF,BUY,312.25,312.25,299.8,333.5,338.6,2.1,45,75.0,Financial Services,PANIC,-4,BLOCKED,EXPIRED,2026-08-12,317.2,Expired (16d > 15d),1.59,70.6,STRONG,OK
2026-07-27,16:00,EMA21_Bounce,21 EMA Bounce,MANKIND,BUY,2551.6,2551.6,2480.06,2658.91,2730.45,2.5,50,75.0,Healthcare,PANIC,-4,BLOCKED,STOPPED,2026-07-31,2480.06,Stop Loss Hit,-2.8,70.3,STRONG,OK
2026-07-27,16:00,EMA21_Bounce,21 EMA Bounce,USHAMART,BUY,502.1,502.1,487.86,523.46,537.7,2.5,50,71.0,Capital Goods,PANIC,-4,BLOCKED,TARGET,2026-07-28,523.46,Target 1 Hit,4.25,69.9,STRONG,OK
2026-07-27,16:00,EMA21_Bounce,21 EMA Bounce,PCBL,BUY,326.15,326.15,311.7,347.82,365.27,2.7,50,74.0,Chemicals,PANIC,-4,BLOCKED,TARGET,2026-07-29,347.82,Target 1 Hit,6.64,69.6,STRONG,OK
2026-07-27,16:00,EMA21_Bounce,21 EMA Bounce,VIJAYA,BUY,1350.8,1350.8,1283.14,1452.29,1519.95,2.5,50,88.0,Healthcare,PANIC,-4,BLOCKED,TARGET,2026-08-12,1452.29,Target 1 Hit,7.51,68.5,STRONG,OK
2026-07-27,16:00,EMA21_Bounce,21 EMA Bounce,CAMS,BUY,785.05,785.05,751.13,835.93,869.85,2.5,50,63.0,Financial Services,PANIC,-4,BLOCKED,EXPIRED,2026-08-12,777.4,Expired (16d > 15d),-0.97,67.9,STRONG,OK
2026-07-27,16:00,EMA21_Bounce,21 EMA Bounce,KAJARIACER,BUY,1220.0,1220.0,1197.12,1254.32,1277.2,2.5,50,55.0,Consumer Durables,PANIC,-4,BLOCKED,STOPPED,2026-07-30,1197.12,Stop Loss Hit,-1.88,67.6,STRONG,OK
2026-07-27,16:00,EMA21_Bounce,21 EMA Bounce,BELRISE,BUY,232.66,232.66,223.67,246.14,255.13,2.5,50,68.0,Automobile and Auto Components,PANIC,-4,BLOCKED,TARGET,2026-08-07,246.14,Target 1 Hit,5.79,66.9,STRONG,OK
2026-07-27,16:00,EMA21_Bounce,21 EMA Bounce,PNBHOUSING,BUY,1078.5,1078.5,1035.86,1142.46,1185.1,2.5,45,55.0,Financial Services,PANIC,-4,BLOCKED,STOPPED,2026-07-30,1035.86,Stop Loss Hit,-3.95,66.3,STRONG,OK
2026-07-27,16:00,EMA21_Bounce,21 EMA Bounce,360ONE,BUY,1132.7,1132.7,1085.45,1203.58,1250.83,2.5,50,68.0,Financial Services,PANIC,-4,BLOCKED,EXPIRED,2026-08-12,1161.0,Expired (16d > 15d),2.5,65.4,STRONG,OK
2026-07-27,16:00,EMA21_Bounce,21 EMA Bounce,AARTIIND,BUY,486.1,486.1,471.93,507.36,521.53,2.5,50,41.0,Chemicals,PANIC,-4,BLOCKED,TARGET,2026-07-31,507.36,Target 1 Hit,4.37,59.8,MODERATE,OK
2026-07-27,16:00,EMA21_Bounce,21 EMA Bounce,ANTHEM,BUY,790.55,790.55,758.05,839.3,871.8,2.5,45,58.0,Healthcare,PANIC,-4,BLOCKED,TARGET,2026-08-04,839.3,Target 1 Hit,6.17,58.1,MODERATE,OK
2026-07-27,16:00,52WH_Breakout,52-Week High Breakout,RRKABEL,BUY,2525.3,2525.3,2463.95,2617.33,3005.86,7.8,37,100.0,Capital Goods,PANIC,-4,BLOCKED,TARGET,2026-07-28,2617.33,Target 1 Hit,3.64,46.5,WEAK,OK
2026-07-27,16:00,52WH_Breakout,52-Week High Breakout,NH,BUY,2054.0,2054.0,2024.25,2098.62,2249.69,6.6,32,82.0,Healthcare,PANIC,-4,BLOCKED,STOPPED,2026-07-31,2024.25,Stop Loss Hit,-1.45,39.4,WEAK,OK
2026-07-27,16:00,52WH_Breakout,52-Week High Breakout,LLOYDSME,BUY,2014.9,2014.9,1915.66,2163.76,2249.6,2.4,42,78.0,Metals & Mining,PANIC,-4,BLOCKED,STOPPED,2026-08-12,1915.66,Stop Loss Hit,-4.93,31.2,WEAK,OK
2026-07-27,16:00,52WH_Breakout,52-Week High Breakout,RKFORGE,BUY,625.45,625.45,584.55,686.8,727.7,2.5,42,59.0,Automobile and Auto Components,PANIC,-4,BLOCKED,TARGET,2026-08-04,686.8,Target 1 Hit,9.81,28.4,WEAK,OK
2026-07-27,16:00,Last30Min_ATH,Near 52W High (EOD),DEEPAKFERT,BUY,1634.5,1634.5,1557.1,1750.6,1896.22,3.4,33,100.0,Chemicals,PANIC,-4,BLOCKED,STOPPED,2026-07-30,1557.1,Stop Loss Hit,-4.74,46.5,WEAK,OK
2026-07-27,16:00,Last30Min_ATH,Near 52W High (EOD),SAILIFE,BUY,1287.0,1287.0,1239.3,1358.55,1495.7,4.4,35,90.0,Healthcare,PANIC,-4,BLOCKED,TARGET,2026-08-04,1358.55,Target 1 Hit,5.56,44.0,WEAK,OK
2026-07-27,16:00,Last30Min_ATH,Near 52W High (EOD),EMCURE,BUY,1924.8,1924.8,1882.1,2108.59,2405.99,8.0,39,78.0,Healthcare,PANIC,-4,BLOCKED,STOPPED,2026-07-29,1882.1,Stop Loss Hit,-2.22,42.6,WEAK,OK
2026-07-27,16:00,Last30Min_ATH,Near 52W High (EOD),NH,BUY,2054.0,2054.0,1965.1,2187.35,2249.69,2.2,39,82.0,Healthcare,PANIC,-4,BLOCKED,STOPPED,2026-08-03,1965.1,Stop Loss Hit,-4.33,39.4,WEAK,OK
2026-07-27,16:00,Failed_Breakout_Short,Failed Breakout Short,OIL,SHORT,442.0,442.0,468.34,402.49,376.15,2.5,72,29.0,Oil Gas & Consumable Fuels,PANIC,-4,IDEAL,STOPPED,2026-08-11,468.34,Stop Loss Hit,-5.96,50.6,MODERATE,OK
2026-07-28,12:30,VCP,VCP (Minervini v2),APOLLOHOSP,BUY,8903.0,9009.0,8656.5,9791.7,11058.2,5.8,46,84.0,Healthcare,PANIC,-4,BLOCKED,STOPPED,2026-08-12,8656.5,Stop Loss Hit,-3.91,42.2,WEAK,OK
2026-07-28,12:30,EMA21_Bounce,21 EMA Bounce,APOLLOHOSP,BUY,8903.0,8903.0,8739.26,9148.61,9312.35,2.5,50,84.0,Healthcare,PANIC,-4,BLOCKED,STOPPED,2026-08-11,8739.26,Stop Loss Hit,-1.84,79.6,STRONG,OK
2026-07-28,12:30,EMA21_Bounce,21 EMA Bounce,INDHOTEL,BUY,734.7,734.7,718.32,759.27,775.65,2.5,50,83.0,Consumer Services,PANIC,-4,BLOCKED,STOPPED,2026-08-12,718.32,Stop Loss Hit,-2.23,74.3,STRONG,OK
2026-07-28,12:30,EMA21_Bounce,21 EMA Bounce,GAIL,BUY,175.15,175.15,170.79,181.69,186.05,2.5,50,65.0,Oil Gas & Consumable Fuels,PANIC,-4,BLOCKED,TARGET,2026-07-31,181.69,Target 1 Hit,3.73,73.5,STRONG,OK
2026-07-28,12:30,EMA21_Bounce,21 EMA Bounce,PRESTIGE,BUY,1682.3,1682.3,1611.22,1788.92,1860.0,2.5,50,89.0,Realty,PANIC,-4,BLOCKED,STOPPED,2026-07-30,1611.22,Stop Loss Hit,-4.23,72.0,STRONG,OK
2026-07-28,12:30,EMA21_Bounce,21 EMA Bounce,MOTHERSON,BUY,147.86,147.86,143.23,154.81,159.44,2.5,45,95.0,Automobile and Auto Components,PANIC,-4,BLOCKED,TARGET,2026-08-03,154.81,Target 1 Hit,4.7,70.6,STRONG,OK
2026-07-28,12:30,EMA21_Bounce,21 EMA Bounce,OFSS,BUY,11334.0,11334.0,10836.48,12080.28,12577.8,2.5,50,91.0,Information Technology,PANIC,-4,BLOCKED,EXPIRED,2026-08-13,11420.0,Expired (16d > 15d),0.76,70.5,STRONG,OK
2026-07-28,12:30,EMA21_Bounce,21 EMA Bounce,PETRONET,BUY,277.8,277.8,268.28,292.08,301.6,2.5,50,54.0,Oil Gas & Consumable Fuels,PANIC,-4,BLOCKED,EXPIRED,2026-08-13,279.3,Expired (16d > 15d),0.54,69.8,STRONG,OK
2026-07-28,12:30,EMA21_Bounce,21 EMA Bounce,CIPLA,BUY,1444.6,1444.6,1408.57,1498.64,1534.67,2.5,50,74.0,Healthcare,PANIC,-4,BLOCKED,EXPIRED,2026-08-13,1458.8,Expired (16d > 15d),0.98,69.1,STRONG,OK
2026-07-28,12:30,EMA21_Bounce,21 EMA Bounce,ASIANPAINT,BUY,2736.2,2736.2,2659.99,2850.52,2931.98,2.6,50,77.0,Consumer Durables,PANIC,-4,BLOCKED,TARGET,2026-07-29,2850.52,Target 1 Hit,4.18,68.4,STRONG,OK
2026-07-28,12:30,EMA21_Bounce,21 EMA Bounce,PAGEIND,BUY,40370.0,40370.0,39272.86,42015.71,43112.85,2.5,45,71.0,Textiles,PANIC,-4,BLOCKED,STOPPED,2026-08-10,39272.86,Stop Loss Hit,-2.72,67.4,STRONG,OK
2026-07-28,12:30,52WH_Breakout,52-Week High Breakout,LAURUSLABS,BUY,1758.9,1758.9,1711.51,2127.14,2723.0,8.0,37,100.0,Healthcare,PANIC,-4,BLOCKED,OPEN,,,,,40.5,WEAK,OK
2026-07-28,12:30,Last30Min_ATH,Near 52W High (EOD),TITAN,BUY,4849.7,4849.7,4712.9,5405.81,6305.67,8.0,35,73.0,Consumer Durables,PANIC,-4,BLOCKED,EXPIRED,2026-08-13,5063.7,Expired (16d > 15d),4.41,48.5,WEAK,OK
2026-07-28,12:30,Last30Min_ATH,Near 52W High (EOD),TVSMOTOR,BUY,3993.5,3993.5,3852.0,4466.58,5232.08,8.0,39,80.0,Automobile and Auto Components,PANIC,-4,BLOCKED,TARGET,2026-08-10,4466.58,Target 1 Hit,11.85,44.9,WEAK,OK
2026-07-28,12:30,Last30Min_ATH,Near 52W High (EOD),MARICO,BUY,883.25,883.25,857.25,937.88,1026.28,5.5,35,79.0,Fast Moving Consumer Goods,PANIC,-4,BLOCKED,STOPPED,2026-08-04,857.25,Stop Loss Hit,-2.94,41.7,WEAK,OK
2026-07-28,12:30,Last30Min_ATH,Near 52W High (EOD),LAURUSLABS,BUY,1758.9,1758.9,1707.7,2127.14,2723.0,8.0,39,100.0,Healthcare,PANIC,-4,BLOCKED,EXPIRED,2026-08-13,1851.7,Expired (16d > 15d),5.28,40.5,WEAK,OK
2026-07-28,12:30,Failed_Breakout_Short,Failed Breakout Short,HAL,SHORT,4600.1,4600.1,4671.21,4454.13,4392.0,2.9,77,63.0,Capital Goods,PANIC,-4,IDEAL,STOPPED,2026-08-03,4671.21,Stop Loss Hit,-1.55,41.7,WEAK,OK
2026-07-28,15:43,VCP,VCP (Minervini v2),RAINBOW,BUY,1469.5,1508.15,1395.19,1677.59,1790.55,2.5,47,85.0,Healthcare,PANIC,-3,BLOCKED,OPEN,,,,,44.9,WEAK,OK
2026-07-28,15:43,VCP,VCP (Minervini v2),NYKAA,BUY,329.6,335.0,310.59,382.71,459.91,5.1,42,99.0,Consumer Services,PANIC,-3,BLOCKED,OPEN,,,,,43.9,WEAK,OK
2026-07-28,15:43,VCP,VCP (Minervini v2),CRAFTSMAN,BUY,9290.0,9535.0,8899.86,10487.71,11122.85,2.5,40,92.0,Automobile and Auto Components,PANIC,-3,BLOCKED,TARGET,2026-08-06,10487.71,Target 1 Hit,9.99,36.2,WEAK,OK
2026-07-28,15:43,VCP,VCP (Minervini v2),MANKIND,BUY,2617.9,2639.0,2453.97,2916.54,3101.57,2.5,44,83.0,Healthcare,PANIC,-3,BLOCKED,STOPPED,2026-07-31,2453.97,Stop Loss Hit,-7.01,33.8,WEAK,OK
2026-07-28,15:43,EMA21_Bounce,21 EMA Bounce,CCL,BUY,1188.2,1188.2,1148.02,1248.47,1288.65,2.5,55,59.0,Fast Moving Consumer Goods,PANIC,-3,BLOCKED,STOPPED,2026-07-31,1148.02,Stop Loss Hit,-3.38,84.4,ELITE,OK
2026-07-28,15:43,EMA21_Bounce,21 EMA Bounce,ASTERDM,BUY,813.5,813.5,788.39,851.16,876.27,2.5,45,82.0,Healthcare,PANIC,-3,BLOCKED,TARGET,2026-08-05,851.16,Target 1 Hit,4.63,81.0,ELITE,OK
2026-07-28,15:43,EMA21_Bounce,21 EMA Bounce,PTCIL,BUY,17874.0,17874.0,17504.1,18428.85,18798.75,2.5,45,73.0,Capital Goods,PANIC,-3,BLOCKED,TARGET,2026-08-06,18428.85,Target 1 Hit,3.1,79.3,STRONG,OK
2026-07-28,15:43,EMA21_Bounce,21 EMA Bounce,TATATECH,BUY,738.6,738.6,703.42,791.37,826.55,2.5,55,100.0,Information Technology,PANIC,-3,BLOCKED,TARGET,2026-08-06,791.37,Target 1 Hit,7.14,77.8,STRONG,OK
2026-07-28,15:43,EMA21_Bounce,21 EMA Bounce,TATACAP,BUY,354.95,354.95,344.32,370.9,381.53,2.5,55,64.0,Financial Services,PANIC,-3,BLOCKED,TARGET,2026-07-29,370.9,Target 1 Hit,4.49,75.9,STRONG,OK
2026-07-28,15:43,EMA21_Bounce,21 EMA Bounce,TMCV,BUY,416.7,416.7,405.39,433.66,444.97,2.5,50,56.0,Capital Goods,PANIC,-3,BLOCKED,TARGET,2026-07-31,433.66,Target 1 Hit,4.07,71.2,STRONG,OK
2026-07-28,15:43,EMA21_Bounce,21 EMA Bounce,VIJAYA,BUY,1359.1,1359.1,1312.76,1428.61,1474.95,2.5,50,91.0,Healthcare,PANIC,-3,BLOCKED,TARGET,2026-08-07,1428.61,Target 1 Hit,5.11,69.6,STRONG,OK
2026-07-28,15:43,EMA21_Bounce,21 EMA Bounce,RBLBANK,BUY,364.9,364.9,356.34,377.74,386.3,2.5,50,67.0,Financial Services,PANIC,-3,BLOCKED,TARGET,2026-07-30,377.74,Target 1 Hit,3.52,67.5,STRONG,OK
2026-07-28,15:43,EMA21_Bounce,21 EMA Bounce,PINELABS,BUY,152.94,152.94,140.55,171.52,183.91,2.5,50,8.0,Financial Services,PANIC,-3,BLOCKED,STOPPED,2026-07-30,140.55,Stop Loss Hit,-8.1,62.4,MODERATE,OK
2026-07-28,15:43,52WH_Breakout,52-Week High Breakout,RADICO,BUY,4289.7,4289.7,4151.79,4496.56,4904.62,4.5,42,100.0,Fast Moving Consumer Goods,PANIC,-3,BLOCKED,TARGET,2026-08-05,4496.56,Target 1 Hit,4.82,48.1,WEAK,OK
2026-07-28,15:43,52WH_Breakout,52-Week High Breakout,SAREGAMA,BUY,524.25,524.25,509.14,546.92,645.47,8.0,32,100.0,Media Entertainment & Publication,PANIC,-3,BLOCKED,STOPPED,2026-08-03,509.14,Stop Loss Hit,-2.88,48.0,WEAK,OK
2026-07-28,15:43,52WH_Breakout,52-Week High Breakout,CUB,BUY,238.14,238.14,230.28,249.93,274.53,4.6,42,85.0,Financial Services,PANIC,-3,BLOCKED,STOPPED,2026-07-29,230.28,Stop Loss Hit,-3.3,44.5,WEAK,OK
2026-07-28,15:43,52WH_Breakout,52-Week High Breakout,NH,BUY,2072.8,2072.8,2041.74,2270.49,2590.37,8.0,32,85.0,Healthcare,PANIC,-3,BLOCKED,STOPPED,2026-07-31,2041.74,Stop Loss Hit,-1.5,42.0,WEAK,OK
2026-07-28,15:43,Last30Min_ATH,Near 52W High (EOD),NH,BUY,2072.8,2072.8,2050.6,2270.49,2590.37,8.0,39,85.0,Healthcare,PANIC,-3,BLOCKED,STOPPED,2026-07-31,2050.6,Stop Loss Hit,-1.07,42.0,WEAK,OK
2026-07-28,15:43,Last30Min_ATH,Near 52W High (EOD),MANKIND,BUY,2617.9,2617.9,2541.0,2733.25,2829.44,2.8,37,83.0,Healthcare,PANIC,-3,BLOCKED,STOPPED,2026-07-31,2541.0,Stop Loss Hit,-2.94,39.3,WEAK,OK
2026-07-28,15:43,Failed_Breakout_Short,Failed Breakout Short,SPLPETRO,SHORT,740.4,740.4,792.03,662.96,611.33,2.5,75,48.0,Chemicals,PANIC,-3,IDEAL,OPEN,,,,,54.2,MODERATE,OK
2026-07-28,15:43,Failed_Breakout_Short,Failed Breakout Short,GILLETTE,SHORT,7790.0,7790.0,8145.2,7257.2,6902.0,2.5,72,46.0,Fast Moving Consumer Goods,PANIC,-3,IDEAL,OPEN,,,,,48.8,WEAK,OK
2026-07-28,15:43,Failed_Breakout_Short,Failed Breakout Short,GODFRYPHLP,SHORT,2031.3,2031.3,2267.34,1677.24,1286.37,3.2,75,31.0,Fast Moving Consumer Goods,PANIC,-3,IDEAL,STOPPED,2026-08-03,2267.34,Stop Loss Hit,-11.62,40.8,WEAK,OK
2026-07-29,12:55,VCP,VCP (Minervini v2),APOLLOHOSP,BUY,8935.0,9009.0,8695.3,9790.77,11055.77,6.5,46,80.0,Healthcare,DISTRIBUTION,-1,BLOCKED,STOPPED,2026-08-11,8695.3,Stop Loss Hit,-3.48,43.1,WEAK,OK
2026-07-29,12:55,EMA21_Bounce,21 EMA Bounce,LUPIN,BUY,2447.0,2447.0,2375.2,2554.7,2626.5,2.5,55,59.0,Healthcare,DISTRIBUTION,-1,BLOCKED,STOPPED,2026-08-03,2375.2,Stop Loss Hit,-2.93,50.7,MODERATE,OK
2026-07-29,12:55,EMA21_Bounce,21 EMA Bounce,UNIONBANK,BUY,171.08,171.08,165.2,179.9,185.78,2.5,45,64.0,Financial Services,DISTRIBUTION,-1,BLOCKED,TARGET,2026-08-06,179.9,Target 1 Hit,5.16,50.3,MODERATE,OK
2026-07-29,12:55,EMA21_Bounce,21 EMA Bounce,ZYDUSLIFE,BUY,1122.7,1122.7,1085.94,1177.84,1214.6,2.5,45,98.0,Healthcare,DISTRIBUTION,-1,BLOCKED,TARGET,2026-08-11,1177.84,Target 1 Hit,4.91,50.0,MODERATE,OK
2026-07-29,12:55,EMA21_Bounce,21 EMA Bounce,AUROPHARMA,BUY,1590.7,1590.7,1530.4,1681.15,1714.11,2.0,50,81.0,Healthcare,DISTRIBUTION,-1,BLOCKED,TARGET,2026-08-13,1681.15,Target 1 Hit,5.69,49.4,WEAK,OK
2026-07-29,12:55,EMA21_Bounce,21 EMA Bounce,EXIDEIND,BUY,435.65,435.65,413.84,468.36,499.76,2.9,50,93.0,Automobile and Auto Components,DISTRIBUTION,-1,BLOCKED,TARGET,2026-08-05,468.36,Target 1 Hit,7.51,48.4,WEAK,OK
2026-07-29,12:55,EMA21_Bounce,21 EMA Bounce,STARHEALTH,BUY,598.85,598.85,571.33,640.13,667.65,2.5,55,80.0,Financial Services,DISTRIBUTION,-1,BLOCKED,STOPPED,2026-08-06,571.33,Stop Loss Hit,-4.6,48.3,WEAK,OK
2026-07-29,12:55,EMA21_Bounce,21 EMA Bounce,INDHOTEL,BUY,738.2,738.2,719.6,766.1,784.7,2.5,50,80.0,Consumer Services,DISTRIBUTION,-1,BLOCKED,STOPPED,2026-08-12,719.6,Stop Loss Hit,-2.52,48.0,WEAK,OK
2026-07-29,12:55,EMA21_Bounce,21 EMA Bounce,ABCAPITAL,BUY,397.6,397.6,384.77,416.85,429.68,2.5,50,79.0,Financial Services,DISTRIBUTION,-1,BLOCKED,TARGET,2026-08-03,416.85,Target 1 Hit,4.84,46.2,WEAK,OK
2026-07-29,12:55,EMA21_Bounce,21 EMA Bounce,GNFC,BUY,525.1,525.1,507.05,552.18,570.23,2.5,50,70.0,Chemicals,DISTRIBUTION,-1,BLOCKED,TARGET,2026-08-06,552.18,Target 1 Hit,5.16,45.4,WEAK,OK
2026-07-29,12:55,EMA21_Bounce,21 EMA Bounce,ABB,BUY,7310.5,7310.5,6963.34,7831.24,7924.5,1.8,50,51.0,Capital Goods,DISTRIBUTION,-1,BLOCKED,TARGET,2026-08-04,7831.24,Target 1 Hit,7.12,42.6,WEAK,OK
2026-07-29,12:55,EMA21_Bounce,21 EMA Bounce,JSWSTEEL,BUY,1276.6,1276.6,1230.78,1345.33,1391.15,2.5,45,52.0,Metals & Mining,DISTRIBUTION,-1,BLOCKED,EXPIRED,2026-08-14,1270.0,Expired (16d > 15d),-0.52,42.3,WEAK,OK
2026-07-29,12:55,EMA21_Bounce,21 EMA Bounce,LICHSGFIN,BUY,553.45,553.45,541.18,571.86,584.13,2.5,55,48.0,Financial Services,DISTRIBUTION,-1,BLOCKED,STOPPED,2026-07-30,541.18,Stop Loss Hit,-2.22,40.7,WEAK,OK
2026-07-29,12:55,EMA21_Bounce,21 EMA Bounce,INDUSINDBK,BUY,1012.3,1012.3,981.06,1059.16,1090.4,2.5,50,71.0,Financial Services,DISTRIBUTION,-1,BLOCKED,EXPIRED,2026-08-14,1020.8,Expired (16d > 15d),0.84,38.7,WEAK,OK
2026-07-29,12:55,EMA21_Bounce,21 EMA Bounce,SCHAEFFLER,BUY,4159.8,4159.8,4074.52,4287.72,4373.0,2.5,45,49.0,Automobile and Auto Components,DISTRIBUTION,-1,BLOCKED,STOPPED,2026-07-30,4074.52,Stop Loss Hit,-2.05,38.7,WEAK,OK
2026-07-29,12:55,EMA21_Bounce,21 EMA Bounce,NAM-INDIA,BUY,1168.1,1168.1,1130.84,1223.99,1261.25,2.5,45,81.0,Financial Services,DISTRIBUTION,-1,BLOCKED,EXPIRED,2026-08-14,1167.9,Expired (16d > 15d),-0.02,38.3,WEAK,OK
2026-07-29,12:55,EMA21_Bounce,21 EMA Bounce,PFC,BUY,427.1,427.1,412.22,449.42,464.3,2.5,45,40.0,Financial Services,DISTRIBUTION,-1,BLOCKED,STOPPED,2026-08-10,412.22,Stop Loss Hit,-3.48,35.3,WEAK,OK
2026-07-29,12:55,EMA21_Bounce,21 EMA Bounce,GLENMARK,BUY,2261.7,2261.7,2161.26,2412.36,2512.8,2.5,50,38.0,Healthcare,DISTRIBUTION,-1,BLOCKED,EXPIRED,2026-08-14,2318.4,Expired (16d > 15d),2.51,34.3,WEAK,OK
2026-07-29,12:55,EMA21_Bounce,21 EMA Bounce,DEEPAKNTR,BUY,1674.6,1674.6,1627.22,1745.67,1793.05,2.5,50,41.0,Chemicals,DISTRIBUTION,-1,BLOCKED,TARGET,2026-08-04,1745.67,Target 1 Hit,4.24,31.8,WEAK,OK
2026-07-29,12:55,52WH_Breakout,52-Week High Breakout,DIVISLAB,BUY,7784.5,7784.5,7394.47,8625.28,9985.77,5.6,37,86.0,Healthcare,DISTRIBUTION,-1,BLOCKED,TARGET,2026-08-12,8625.28,Target 1 Hit,10.8,51.4,MODERATE,OK
2026-07-29,12:55,Last30Min_ATH,Near 52W High (EOD),DIVISLAB,BUY,7784.5,7784.5,7428.5,8625.28,9985.77,6.2,39,86.0,Healthcare,DISTRIBUTION,-1,BLOCKED,TARGET,2026-08-12,8625.28,Target 1 Hit,10.8,52.7,MODERATE,OK
2026-07-29,12:55,Last30Min_ATH,Near 52W High (EOD),TVSMOTOR,BUY,4075.6,4075.6,3996.8,4599.42,5447.02,8.0,39,83.0,Automobile and Auto Components,DISTRIBUTION,-1,BLOCKED,EXPIRED,2026-08-14,4307.0,Expired (16d > 15d),5.68,48.1,WEAK,OK
2026-07-29,12:55,Last30Min_ATH,Near 52W High (EOD),MANAPPURAM,BUY,370.15,370.15,360.7,424.29,511.89,8.0,35,92.0,Financial Services,DISTRIBUTION,-1,BLOCKED,STOPPED,2026-08-03,360.7,Stop Loss Hit,-2.55,41.9,WEAK,OK
2026-07-29,12:55,Last30Min_ATH,Near 52W High (EOD),LAURUSLABS,BUY,1781.3,1781.3,1754.3,2151.34,2750.12,8.0,35,100.0,Healthcare,DISTRIBUTION,-1,BLOCKED,EXPIRED,2026-08-14,1787.3,Expired (16d > 15d),0.34,41.7,WEAK,OK
2026-07-29,12:55,Last30Min_ATH,Near 52W High (EOD),NESTLEIND,BUY,1503.3,1503.3,1487.6,1590.9,1732.64,8.0,35,57.0,Fast Moving Consumer Goods,DISTRIBUTION,-1,BLOCKED,STOPPED,2026-08-04,1487.6,Stop Loss Hit,-1.04,27.7,WEAK,OK
2026-07-29,12:55,Failed_Breakout_Short,Failed Breakout Short,M&M,SHORT,3221.8,3221.8,3342.52,3040.72,2920.0,2.5,72,59.0,Automobile and Auto Components,DISTRIBUTION,-1,IDEAL,STOPPED,2026-07-31,3342.52,Stop Loss Hit,-3.75,59.5,MODERATE,OK
2026-07-29,12:55,Failed_Breakout_Short,Failed Breakout Short,GAIL,SHORT,175.12,175.12,178.07,170.7,167.75,2.5,72,62.0,Oil Gas & Consumable Fuels,DISTRIBUTION,-1,IDEAL,STOPPED,2026-07-31,178.07,Stop Loss Hit,-1.68,43.5,WEAK,OK
2026-07-29,15:30,VCP,VCP (Minervini v2),RAINBOW,BUY,1496.7,1508.15,1416.24,1646.02,1664.01,1.7,47,87.0,Healthcare,DISTRIBUTION,-1,BLOCKED,STOPPED,2026-08-14,1416.24,Stop Loss Hit,-6.09,47.9,WEAK,OK
2026-07-29,15:30,VCP,VCP (Minervini v2),NYKAA,BUY,327.5,335.0,315.46,382.71,459.91,6.4,44,96.0,Consumer Services,DISTRIBUTION,-1,BLOCKED,OPEN,,,,,46.1,WEAK,OK
2026-07-29,15:30,VCP,VCP (Minervini v2),BHARATFORG,BUY,2171.5,2231.23,2071.59,2484.09,2893.25,4.1,44,85.0,Automobile and Auto Components,DISTRIBUTION,-1,BLOCKED,STOPPED,2026-08-10,2071.59,Stop Loss Hit,-7.15,39.0,WEAK,OK
2026-07-29,15:30,VCP,VCP (Minervini v2),MANKIND,BUY,2592.7,2642.0,2457.15,2919.27,3104.12,2.5,44,78.0,Healthcare,DISTRIBUTION,-1,BLOCKED,STOPPED,2026-07-31,2457.15,Stop Loss Hit,-7.0,35.3,WEAK,OK
2026-07-29,15:30,EMA21_Bounce,21 EMA Bounce,RAINBOW,BUY,1496.7,1496.7,1446.54,1589.96,1645.49,3.0,50,87.0,Healthcare,DISTRIBUTION,-1,BLOCKED,TARGET,2026-08-05,1589.96,Target 1 Hit,6.23,58.2,MODERATE,OK
2026-07-29,15:30,EMA21_Bounce,21 EMA Bounce,AJANTPHARM,BUY,3396.5,3396.5,3276.7,3576.2,3696.0,2.5,50,83.0,Healthcare,DISTRIBUTION,-1,BLOCKED,TARGET,2026-08-11,3576.2,Target 1 Hit,5.29,56.6,MODERATE,OK
2026-07-29,15:30,EMA21_Bounce,21 EMA Bounce,MINDACORP,BUY,692.25,692.25,666.29,731.19,757.15,2.5,50,100.0,Automobile and Auto Components,DISTRIBUTION,-1,BLOCKED,TARGET,2026-08-03,731.19,Target 1 Hit,5.63,54.3,MODERATE,OK
2026-07-29,15:30,EMA21_Bounce,21 EMA Bounce,WOCKPHARMA,BUY,1916.5,1916.5,1857.7,2004.7,2063.5,2.5,45,100.0,Healthcare,DISTRIBUTION,-1,BLOCKED,TARGET,2026-08-03,2004.7,Target 1 Hit,4.6,53.9,MODERATE,OK
2026-07-29,15:30,EMA21_Bounce,21 EMA Bounce,PTCIL,BUY,17971.0,17971.0,17535.88,18623.68,18650.0,1.6,45,68.0,Capital Goods,DISTRIBUTION,-1,BLOCKED,TARGET,2026-08-07,18623.68,Target 1 Hit,3.63,53.6,MODERATE,OK
2026-07-29,15:30,EMA21_Bounce,21 EMA Bounce,ENDURANCE,BUY,2783.3,2783.3,2664.69,2961.22,3079.83,2.5,50,84.0,Automobile and Auto Components,DISTRIBUTION,-1,BLOCKED,TARGET,2026-08-10,2961.22,Target 1 Hit,6.39,53.2,MODERATE,OK
2026-07-29,15:30,EMA21_Bounce,21 EMA Bounce,AEGISLOG,BUY,1282.6,1282.6,1213.46,1410.0,1415.96,1.9,50,100.0,Oil Gas & Consumable Fuels,DISTRIBUTION,-1,BLOCKED,TARGET,2026-08-05,1410.0,Target 1 Hit,9.93,52.6,MODERATE,OK
2026-07-29,15:30,EMA21_Bounce,21 EMA Bounce,LENSKART,BUY,559.65,559.65,536.37,594.57,622.01,2.7,50,66.0,Consumer Services,DISTRIBUTION,-1,BLOCKED,TARGET,2026-08-13,594.57,Target 1 Hit,6.24,50.7,MODERATE,OK
2026-07-29,15:30,EMA21_Bounce,21 EMA Bounce,ADANIENSOL,BUY,1667.8,1667.8,1614.55,1747.68,1789.0,2.3,50,87.0,Power,DISTRIBUTION,-1,BLOCKED,STOPPED,2026-08-06,1614.55,Stop Loss Hit,-3.19,50.0,MODERATE,OK
2026-07-29,15:30,EMA21_Bounce,21 EMA Bounce,ZYDUSWELL,BUY,579.45,579.45,538.4,641.03,682.08,2.5,50,77.0,Fast Moving Consumer Goods,DISTRIBUTION,-1,BLOCKED,STOPPED,2026-08-04,538.4,Stop Loss Hit,-7.08,48.1,WEAK,OK
2026-07-29,15:30,EMA21_Bounce,21 EMA Bounce,3MINDIA,BUY,35425.0,35425.0,34339.78,37052.83,38138.05,2.5,45,66.0,Diversified,DISTRIBUTION,-1,BLOCKED,TARGET,2026-08-14,37052.83,Target 1 Hit,4.6,47.0,WEAK,OK
2026-07-29,15:30,EMA21_Bounce,21 EMA Bounce,CHENNPETRO,BUY,1212.3,1212.3,1138.15,1323.52,1397.67,2.5,50,67.0,Oil Gas & Consumable Fuels,DISTRIBUTION,-1,BLOCKED,TARGET,2026-08-03,1323.52,Target 1 Hit,9.17,46.6,WEAK,OK
2026-07-29,15:30,EMA21_Bounce,21 EMA Bounce,ZEEL,BUY,108.13,108.13,103.52,115.04,119.65,2.5,45,87.0,Media Entertainment & Publication,DISTRIBUTION,-1,BLOCKED,TARGET,2026-07-31,115.04,Target 1 Hit,6.39,46.3,WEAK,OK
2026-07-29,15:30,EMA21_Bounce,21 EMA Bounce,ABDL,BUY,644.8,644.8,607.65,700.52,711.7,1.8,45,91.0,Fast Moving Consumer Goods,DISTRIBUTION,-1,BLOCKED,STOPPED,2026-08-04,607.65,Stop Loss Hit,-5.76,45.7,WEAK,OK
2026-07-29,15:30,EMA21_Bounce,21 EMA Bounce,CASTROLIND,BUY,184.95,184.95,183.18,187.7,188.3,1.9,45,48.0,Oil Gas & Consumable Fuels,DISTRIBUTION,-1,BLOCKED,TARGET,2026-08-04,187.7,Target 1 Hit,1.49,45.3,WEAK,OK
2026-07-29,15:30,EMA21_Bounce,21 EMA Bounce,CANHLIFE,BUY,147.08,147.08,136.41,163.09,173.76,2.5,50,54.0,Financial Services,DISTRIBUTION,-1,BLOCKED,EXPIRED,2026-08-14,148.71,Expired (16d > 15d),1.11,44.3,WEAK,OK
2026-07-29,15:30,EMA21_Bounce,21 EMA Bounce,RBLBANK,BUY,371.15,371.15,358.94,389.46,401.67,2.5,50,73.0,Financial Services,DISTRIBUTION,-1,BLOCKED,TARGET,2026-08-05,389.46,Target 1 Hit,4.93,42.7,WEAK,OK
2026-07-29,15:30,EMA21_Bounce,21 EMA Bounce,VIJAYA,BUY,1372.0,1372.0,1324.82,1442.77,1489.95,2.5,50,87.0,Healthcare,DISTRIBUTION,-1,BLOCKED,TARGET,2026-08-12,1442.77,Target 1 Hit,5.16,41.3,WEAK,OK
2026-07-29,15:30,EMA21_Bounce,21 EMA Bounce,JBMA,BUY,676.0,676.0,651.6,712.6,737.0,2.5,50,64.0,Automobile and Auto Components,DISTRIBUTION,-1,BLOCKED,STOPPED,2026-07-31,651.6,Stop Loss Hit,-3.61,38.9,WEAK,OK
2026-07-29,15:30,EMA21_Bounce,21 EMA Bounce,ANTHEM,BUY,790.0,790.0,763.76,829.36,855.6,2.5,45,56.0,Healthcare,DISTRIBUTION,-1,BLOCKED,TARGET,2026-08-03,829.36,Target 1 Hit,4.98,35.7,WEAK,OK
2026-07-29,15:30,EMA21_Bounce,21 EMA Bounce,DATAPATTNS,BUY,4436.6,4436.6,4227.05,4750.93,4960.48,2.5,50,66.0,Capital Goods,DISTRIBUTION,-1,BLOCKED,STOPPED,2026-07-31,4227.05,Stop Loss Hit,-4.72,32.5,WEAK,OK
2026-07-29,15:30,EMA21_Bounce,21 EMA Bounce,AARTIIND,BUY,485.5,485.5,469.76,509.11,524.85,2.5,50,38.0,Chemicals,DISTRIBUTION,-1,BLOCKED,TARGET,2026-07-31,509.11,Target 1 Hit,4.86,31.3,WEAK,OK
2026-07-29,15:30,52WH_Breakout,52-Week High Breakout,RADICO,BUY,4373.8,4373.8,4296.62,4489.57,5025.09,8.0,42,100.0,Fast Moving Consumer Goods,DISTRIBUTION,-1,BLOCKED,TARGET,2026-07-30,4489.57,Target 1 Hit,2.65,48.5,WEAK,OK
2026-07-29,15:30,52WH_Breakout,52-Week High Breakout,CRAFTSMAN,BUY,9913.0,9913.0,9402.48,10678.78,11283.66,2.7,37,100.0,Automobile and Auto Components,DISTRIBUTION,-1,BLOCKED,TARGET,2026-08-07,10678.78,Target 1 Hit,7.73,43.0,WEAK,OK
2026-07-29,15:30,Last30Min_ATH,Near 52W High (EOD),LALPATHLAB,BUY,1882.5,1882.5,1802.0,2121.06,2507.07,7.8,39,89.0,Healthcare,DISTRIBUTION,-1,BLOCKED,EXPIRED,2026-08-14,1916.3,Expired (16d > 15d),1.8,49.5,WEAK,OK
2026-07-29,15:30,Last30Min_ATH,Near 52W High (EOD),NEULANDLAB,BUY,19697.0,19697.0,18882.0,20919.5,22061.67,2.9,35,93.0,Healthcare,DISTRIBUTION,-1,BLOCKED,STOPPED,2026-07-31,18882.0,Stop Loss Hit,-4.14,45.8,WEAK,OK
2026-07-29,15:30,Last30Min_ATH,Near 52W High (EOD),GLAND,BUY,2543.7,2543.7,2428.7,2716.2,2995.95,3.9,39,100.0,Healthcare,DISTRIBUTION,-1,BLOCKED,TARGET,2026-08-11,2716.2,Target 1 Hit,6.78,44.7,WEAK,OK
2026-07-29,15:30,Last30Min_ATH,Near 52W High (EOD),MEDANTA,BUY,1432.9,1432.9,1394.3,1490.8,1605.88,4.5,35,93.0,Healthcare,DISTRIBUTION,-1,BLOCKED,STOPPED,2026-07-31,1394.3,Stop Loss Hit,-2.69,44.1,WEAK,OK
2026-07-29,15:30,Last30Min_ATH,Near 52W High (EOD),LLOYDSME,BUY,2051.3,2051.3,1995.7,2308.5,2724.67,8.0,35,77.0,Metals & Mining,DISTRIBUTION,-1,BLOCKED,STOPPED,2026-07-30,1995.7,Stop Loss Hit,-2.71,35.2,WEAK,OK
2026-07-29,15:30,Failed_Breakout_Short,Failed Breakout Short,RRKABEL,SHORT,2558.9,2558.9,2811.81,2179.54,1926.63,2.5,77,100.0,Capital Goods,DISTRIBUTION,-1,IDEAL,STOPPED,2026-08-05,2811.81,Stop Loss Hit,-9.88,54.6,MODERATE,OK
2026-07-29,15:30,Failed_Breakout_Short,Failed Breakout Short,CUB,SHORT,228.86,228.86,247.85,200.38,181.39,2.5,75,73.0,Financial Services,DISTRIBUTION,-1,IDEAL,OPEN,,,,,54.0,MODERATE,OK
2026-07-29,15:30,Failed_Breakout_Short,Failed Breakout Short,USHAMART,SHORT,511.35,511.35,531.06,481.79,462.08,2.5,72,69.0,Capital Goods,DISTRIBUTION,-1,IDEAL,OPEN,,,,,46.2,WEAK,OK
2026-07-30,12:23,VCP,VCP (Minervini v2),APOLLOHOSP,BUY,8988.0,9009.0,8695.3,9748.44,10944.94,6.2,44,79.0,Healthcare,DISTRIBUTION,-1,BLOCKED,STOPPED,2026-08-11,8695.3,Stop Loss Hit,-3.48,43.0,WEAK,OK
2026-07-30,12:23,VCP,VCP (Minervini v2),INDHOTEL,BUY,749.25,754.0,709.68,820.48,837.0,1.9,44,80.0,Consumer Services,DISTRIBUTION,-1,BLOCKED,OPEN,,,,,41.5,WEAK,OK
2026-07-30,12:23,EMA21_Bounce,21 EMA Bounce,ICICIBANK,BUY,1433.9,1433.9,1406.37,1475.2,1480.0,1.7,45,77.0,Financial Services,DISTRIBUTION,-1,BLOCKED,STOPPED,2026-08-14,1406.37,Stop Loss Hit,-1.92,57.8,MODERATE,OK
2026-07-30,12:23,EMA21_Bounce,21 EMA Bounce,APOLLOHOSP,BUY,8988.0,8988.0,8769.63,9714.46,10889.96,8.0,50,79.0,Healthcare,DISTRIBUTION,-1,BLOCKED,STOPPED,2026-08-04,8769.63,Stop Loss Hit,-2.43,53.3,MODERATE,OK
2026-07-30,12:23,EMA21_Bounce,21 EMA Bounce,BAJFINANCE,BUY,1053.5,1053.5,1017.33,1107.75,1143.92,2.5,50,68.0,Financial Services,DISTRIBUTION,-1,BLOCKED,TARGET,2026-07-31,1107.75,Target 1 Hit,5.15,52.6,MODERATE,OK
2026-07-30,12:23,EMA21_Bounce,21 EMA Bounce,INDHOTEL,BUY,749.25,749.25,721.82,808.35,829.32,2.9,50,80.0,Consumer Services,DISTRIBUTION,-1,BLOCKED,STOPPED,2026-08-10,721.82,Stop Loss Hit,-3.66,51.8,MODERATE,OK
2026-07-30,12:23,EMA21_Bounce,21 EMA Bounce,INDIGO,BUY,5230.5,5230.5,5117.04,5400.69,5514.15,2.5,50,94.0,Services,DISTRIBUTION,-1,BLOCKED,TARGET,2026-08-03,5400.69,Target 1 Hit,3.25,51.5,MODERATE,OK
2026-07-30,12:23,EMA21_Bounce,21 EMA Bounce,BOSCHLTD,BUY,41550.0,41550.0,40458.21,43187.68,44279.47,2.5,50,79.0,Automobile and Auto Components,DISTRIBUTION,-1,BLOCKED,TARGET,2026-08-05,43187.68,Target 1 Hit,3.94,47.0,WEAK,OK
2026-07-30,12:23,EMA21_Bounce,21 EMA Bounce,MOTHERSON,BUY,146.72,146.72,143.09,152.16,155.79,2.5,45,92.0,Automobile and Auto Components,DISTRIBUTION,-1,BLOCKED,TARGET,2026-07-31,152.16,Target 1 Hit,3.71,44.4,WEAK,OK
2026-07-30,12:23,EMA21_Bounce,21 EMA Bounce,PETRONET,BUY,278.9,278.9,272.15,289.02,295.77,2.5,50,47.0,Oil Gas & Consumable Fuels,DISTRIBUTION,-1,BLOCKED,EXPIRED,2026-08-17,281.8,Expired (18d > 15d),1.04,43.7,WEAK,OK
2026-07-30,12:23,EMA21_Bounce,21 EMA Bounce,HAL,BUY,4581.4,4581.4,4471.93,4745.6,4808.6,2.1,50,46.0,Capital Goods,DISTRIBUTION,-1,BLOCKED,TARGET,2026-08-06,4745.6,Target 1 Hit,3.58,42.9,WEAK,OK
2026-07-30,12:23,EMA21_Bounce,21 EMA Bounce,PAGEIND,BUY,41085.0,41085.0,39632.68,43263.48,43300.0,1.5,45,68.0,Textiles,DISTRIBUTION,-1,BLOCKED,STOPPED,2026-08-10,39632.68,Stop Loss Hit,-3.53,42.1,WEAK,OK
2026-07-30,12:23,EMA21_Bounce,21 EMA Bounce,SIEMENS,BUY,3658.8,3658.8,3534.06,3845.91,3970.65,2.5,45,39.0,Capital Goods,DISTRIBUTION,-1,BLOCKED,TARGET,2026-08-03,3845.91,Target 1 Hit,5.11,35.1,WEAK,OK
2026-07-30,12:23,52WH_Breakout,52-Week High Breakout,SONACOMS,BUY,763.75,763.75,730.47,893.41,1103.22,8.0,42,100.0,Automobile and Auto Components,DISTRIBUTION,-1,BLOCKED,OPEN,,,,,52.2,MODERATE,OK
2026-07-30,12:23,52WH_Breakout,52-Week High Breakout,NESTLEIND,BUY,1520.7,1520.7,1498.23,1619.05,1778.2,8.0,32,54.0,Fast Moving Consumer Goods,DISTRIBUTION,-1,BLOCKED,STOPPED,2026-07-31,1498.23,Stop Loss Hit,-1.48,27.5,WEAK,OK
2026-07-30,12:23,Last30Min_ATH,Near 52W High (EOD),SONACOMS,BUY,763.75,763.75,715.05,893.41,1103.22,7.0,39,100.0,Automobile and Auto Components,DISTRIBUTION,-1,BLOCKED,EXPIRED,2026-08-17,805.1,Expired (18d > 15d),5.41,53.6,MODERATE,OK
2026-07-30,12:23,Last30Min_ATH,Near 52W High (EOD),TVSMOTOR,BUY,4208.4,4208.4,4070.0,4814.29,5794.69,8.0,39,85.0,Automobile and Auto Components,DISTRIBUTION,-1,BLOCKED,EXPIRED,2026-08-17,4385.9,Expired (18d > 15d),4.22,49.7,WEAK,OK
2026-07-30,12:23,Last30Min_ATH,Near 52W High (EOD),UNITDSPR,BUY,1531.9,1531.9,1507.0,1724.77,2036.87,8.0,35,82.0,Fast Moving Consumer Goods,DISTRIBUTION,-1,BLOCKED,STOPPED,2026-08-10,1507.0,Stop Loss Hit,-1.63,40.7,WEAK,OK
2026-07-30,12:23,Last30Min_ATH,Near 52W High (EOD),NESTLEIND,BUY,1520.7,1520.7,1497.0,1619.05,1778.2,8.0,39,54.0,Fast Moving Consumer Goods,DISTRIBUTION,-1,BLOCKED,STOPPED,2026-08-04,1497.0,Stop Loss Hit,-1.56,28.9,WEAK,OK
2026-07-30,12:23,Failed_Breakout_Short,Failed Breakout Short,SBILIFE,SHORT,1877.5,1877.5,1921.52,1811.47,1767.45,2.5,72,54.0,Financial Services,DISTRIBUTION,-1,IDEAL,TARGET,2026-08-13,1811.47,Target 1 Hit,3.52,58.7,MODERATE,OK
2026-07-30,12:23,Failed_Breakout_Short,Failed Breakout Short,METROPOLIS,SHORT,585.2,585.2,614.99,540.52,510.73,2.5,72,79.0,Pharma,DISTRIBUTION,-1,IDEAL,TARGET,2026-08-17,540.52,Target 1 Hit,7.63,56.2,MODERATE,OK
2026-07-30,12:23,Failed_Breakout_Short,Failed Breakout Short,ASIANPAINT,SHORT,2746.2,2746.2,2881.43,2543.35,2408.12,2.5,75,75.0,Consumer Durables,DISTRIBUTION,-1,IDEAL,OPEN,,,,,54.2,MODERATE,OK
2026-07-30,12:23,Failed_Breakout_Short,Failed Breakout Short,COLPAL,SHORT,2084.8,2084.8,2230.3,1866.55,1721.05,2.5,72,41.0,Fast Moving Consumer Goods,DISTRIBUTION,-1,IDEAL,OPEN,,,,,44.9,WEAK,OK
2026-07-30,15:32,VCP,VCP (Minervini v2),RAINBOW,BUY,1520.6,1535.0,1420.86,1706.21,1707.45,1.5,47,90.0,Healthcare,DISTRIBUTION,-1,BLOCKED,STOPPED,2026-08-14,1420.86,Stop Loss Hit,-7.44,49.2,WEAK,OK
2026-07-30,15:32,VCP,VCP (Minervini v2),NYKAA,BUY,333.75,335.0,315.46,382.71,459.91,6.4,42,95.0,Consumer Services,DISTRIBUTION,-1,BLOCKED,OPEN,,,,,46.8,WEAK,OK
2026-07-30,15:32,VCP,VCP (Minervini v2),BHARATFORG,BUY,2164.7,2231.23,2071.59,2484.09,2893.25,4.1,44,80.0,Automobile and Auto Components,DISTRIBUTION,-1,BLOCKED,STOPPED,2026-08-10,2071.59,Stop Loss Hit,-7.15,39.1,WEAK,OK
2026-07-30,15:32,VCP,VCP (Minervini v2),MANKIND,BUY,2575.9,2642.0,2457.15,2919.27,3104.12,2.5,44,69.0,Healthcare,DISTRIBUTION,-1,BLOCKED,STOPPED,2026-07-31,2457.15,Stop Loss Hit,-7.0,33.8,WEAK,OK
2026-07-30,15:32,EMA21_Bounce,21 EMA Bounce,AJANTPHARM,BUY,3436.4,3436.4,3302.97,3636.55,3769.98,2.5,55,85.0,Healthcare,DISTRIBUTION,-1,BLOCKED,TARGET,2026-08-13,3636.55,Target 1 Hit,5.82,62.3,MODERATE,OK
2026-07-30,15:32,EMA21_Bounce,21 EMA Bounce,KIMS,BUY,807.0,807.0,778.34,849.99,878.65,2.5,55,86.0,Healthcare,DISTRIBUTION,-1,BLOCKED,EXPIRED,2026-08-17,800.4,Expired (18d > 15d),-0.82,54.5,MODERATE,OK
2026-07-30,15:32,EMA21_Bounce,21 EMA Bounce,GODREJIND,BUY,1309.4,1309.4,1248.99,1400.02,1460.43,2.5,45,100.0,Diversified,DISTRIBUTION,-1,BLOCKED,STOPPED,2026-08-12,1248.99,Stop Loss Hit,-4.61,52.6,MODERATE,OK
2026-07-30,15:32,EMA21_Bounce,21 EMA Bounce,TMCV,BUY,414.95,414.95,404.22,431.04,441.77,2.5,45,54.0,Capital Goods,DISTRIBUTION,-1,BLOCKED,TARGET,2026-07-31,431.04,Target 1 Hit,3.88,47.5,WEAK,OK
2026-07-30,15:32,EMA21_Bounce,21 EMA Bounce,MAXHEALTH,BUY,1124.8,1124.8,1088.04,1179.94,1216.7,2.5,50,73.0,Healthcare,DISTRIBUTION,-1,BLOCKED,STOPPED,2026-08-04,1088.04,Stop Loss Hit,-3.27,47.3,WEAK,OK
2026-07-30,15:32,EMA21_Bounce,21 EMA Bounce,CASTROLIND,BUY,184.82,184.82,183.68,187.49,188.3,3.1,50,47.0,Oil Gas & Consumable Fuels,DISTRIBUTION,-1,BLOCKED,TARGET,2026-08-04,187.49,Target 1 Hit,1.44,47.1,WEAK,OK
2026-07-30,15:32,EMA21_Bounce,21 EMA Bounce,JBMA,BUY,678.45,678.45,656.67,711.12,732.9,2.5,55,67.0,Automobile and Auto Components,DISTRIBUTION,-1,BLOCKED,STOPPED,2026-07-31,656.67,Stop Loss Hit,-3.21,45.5,WEAK,OK
2026-07-30,15:32,EMA21_Bounce,21 EMA Bounce,BELRISE,BUY,232.79,232.79,224.98,244.5,252.31,2.5,50,66.0,Automobile and Auto Components,DISTRIBUTION,-1,BLOCKED,TARGET,2026-08-03,244.5,Target 1 Hit,5.03,42.6,WEAK,OK
2026-07-30,15:32,EMA21_Bounce,21 EMA Bounce,CAMS,BUY,793.15,793.15,768.31,830.41,855.25,2.5,50,47.0,Financial Services,DISTRIBUTION,-1,BLOCKED,TARGET,2026-08-04,830.41,Target 1 Hit,4.7,32.5,WEAK,OK
2026-07-30,15:32,EMA21_Bounce,21 EMA Bounce,DATAPATTNS,BUY,4462.0,4462.0,4257.48,4768.78,4973.3,2.5,50,59.0,Capital Goods,DISTRIBUTION,-1,BLOCKED,STOPPED,2026-07-31,4257.48,Stop Loss Hit,-4.58,31.5,WEAK,OK
2026-07-30,15:32,52WH_Breakout,52-Week High Breakout,CRAFTSMAN,BUY,10047.0,10047.0,9887.99,10285.52,11168.39,7.1,32,100.0,Automobile and Auto Components,DISTRIBUTION,-1,BLOCKED,STOPPED,2026-07-31,9887.99,Stop Loss Hit,-1.58,42.8,WEAK,OK
2026-07-30,15:32,Last30Min_ATH,Near 52W High (EOD),NYKAA,BUY,333.75,333.75,326.75,380.69,456.64,8.0,35,95.0,Consumer Services,DISTRIBUTION,-1,BLOCKED,STOPPED,2026-08-10,326.75,Stop Loss Hit,-2.1,51.8,MODERATE,OK
2026-07-30,15:32,Last30Min_ATH,Near 52W High (EOD),MINDACORP,BUY,706.9,706.9,685.6,833.53,1038.43,8.0,35,100.0,Automobile and Auto Components,DISTRIBUTION,-1,BLOCKED,EXPIRED,2026-08-17,725.15,Expired (18d > 15d),2.58,46.3,WEAK,OK
2026-07-30,15:32,Failed_Breakout_Short,Failed Breakout Short,HEXT,SHORT,575.55,575.55,630.88,492.55,437.22,2.5,72,100.0,Information Technology,DISTRIBUTION,-1,IDEAL,OPEN,,,,,63.1,MODERATE,OK
2026-07-30,15:32,Failed_Breakout_Short,Failed Breakout Short,PCBL,SHORT,328.0,328.0,379.17,251.24,200.07,2.5,75,63.0,Chemicals,DISTRIBUTION,-1,IDEAL,OPEN,,,,,56.6,MODERATE,OK
2026-07-30,15:32,Failed_Breakout_Short,Failed Breakout Short,HONAUT,SHORT,39505.0,39505.0,41800.14,36062.29,33767.15,2.5,75,100.0,Capital Goods,DISTRIBUTION,-1,IDEAL,OPEN,,,,,56.2,MODERATE,OK
2026-07-30,15:32,Failed_Breakout_Short,Failed Breakout Short,INDGN,SHORT,514.7,514.7,542.56,472.91,445.05,2.5,75,36.0,Healthcare,DISTRIBUTION,-1,IDEAL,STOPPED,2026-08-03,542.56,Stop Loss Hit,-5.41,54.8,MODERATE,OK
2026-07-30,15:32,Failed_Breakout_Short,Failed Breakout Short,MEDANTA,SHORT,1416.4,1416.4,1448.1,1368.85,1337.15,2.5,77,89.0,Healthcare,DISTRIBUTION,-1,IDEAL,TARGET,2026-07-31,1368.85,Target 1 Hit,3.36,54.4,MODERATE,OK
2026-07-30,15:32,Failed_Breakout_Short,Failed Breakout Short,PFOCUS,SHORT,290.26,290.26,315.39,252.56,227.43,2.5,72,34.0,Media Entertainment & Publication,DISTRIBUTION,-1,IDEAL,OPEN,,,,,52.3,MODERATE,OK
2026-07-30,15:32,Failed_Breakout_Short,Failed Breakout Short,KPITTECH,SHORT,589.75,589.75,669.71,469.81,389.85,2.5,75,0.0,Information Technology,DISTRIBUTION,-1,IDEAL,OPEN,,,,,48.7,WEAK,OK
2026-07-31,12:50,VCP,VCP (Minervini v2),APOLLOHOSP,BUY,8957.0,9036.5,8695.3,9791.7,11013.7,5.8,44,79.0,Healthcare,DISTRIBUTION,1,BLOCKED,STOPPED,2026-08-11,8695.3,Stop Loss Hit,-3.78,42.3,WEAK,OK
2026-07-31,12:50,EMA21_Bounce,21 EMA Bounce,ICICIBANK,BUY,1435.4,1435.4,1408.49,1480.0,1483.06,1.8,45,72.0,Financial Services,DISTRIBUTION,1,BLOCKED,STOPPED,2026-08-13,1408.49,Stop Loss Hit,-1.87,55.2,MODERATE,OK
2026-07-31,12:50,EMA21_Bounce,21 EMA Bounce,SHRIRAMFIN,BUY,1046.7,1046.7,1013.62,1096.32,1129.4,2.5,50,57.0,Financial Services,DISTRIBUTION,1,BLOCKED,TARGET,2026-08-05,1096.32,Target 1 Hit,4.74,54.6,MODERATE,OK
2026-07-31,12:50,EMA21_Bounce,21 EMA Bounce,ABCAPITAL,BUY,404.3,404.3,390.95,424.33,437.68,2.5,55,67.0,Financial Services,DISTRIBUTION,1,BLOCKED,TARGET,2026-08-03,424.33,Target 1 Hit,4.95,50.6,MODERATE,OK
2026-07-31,12:50,EMA21_Bounce,21 EMA Bounce,UNIONBANK,BUY,171.24,171.24,166.64,178.14,182.74,2.5,50,57.0,Financial Services,DISTRIBUTION,1,BLOCKED,TARGET,2026-08-05,178.14,Target 1 Hit,4.03,49.1,WEAK,OK
2026-07-31,12:50,EMA21_Bounce,21 EMA Bounce,ZYDUSLIFE,BUY,1126.8,1126.8,1106.02,1165.65,1168.65,2.0,50,88.0,Healthcare,DISTRIBUTION,1,BLOCKED,STOPPED,2026-08-05,1106.02,Stop Loss Hit,-1.84,46.7,WEAK,OK
2026-07-31,12:50,EMA21_Bounce,21 EMA Bounce,NIACL,BUY,173.62,173.62,163.01,189.54,200.15,2.5,50,61.0,Financial Services,DISTRIBUTION,1,BLOCKED,EXPIRED,2026-08-17,183.64,Expired (17d > 15d),5.77,43.3,WEAK,OK
2026-07-31,12:50,EMA21_Bounce,21 EMA Bounce,PETRONET,BUY,280.75,280.75,274.04,290.81,294.1,2.0,50,48.0,Oil Gas & Consumable Fuels,DISTRIBUTION,1,BLOCKED,STOPPED,2026-08-11,274.04,Stop Loss Hit,-2.39,41.8,WEAK,OK
2026-07-31,12:50,EMA21_Bounce,21 EMA Bounce,OFSS,BUY,11186.0,11186.0,10644.18,11998.73,12540.55,2.5,45,85.0,Information Technology,DISTRIBUTION,1,BLOCKED,EXPIRED,2026-08-17,11789.0,Expired (17d > 15d),5.39,40.9,WEAK,OK
2026-07-31,12:50,EMA21_Bounce,21 EMA Bounce,NAM-INDIA,BUY,1161.4,1161.4,1122.38,1219.93,1258.95,2.5,45,62.0,Financial Services,DISTRIBUTION,1,BLOCKED,EXPIRED,2026-08-17,1202.7,Expired (17d > 15d),3.56,38.5,WEAK,OK
2026-07-31,12:50,EMA21_Bounce,21 EMA Bounce,INDUSINDBK,BUY,1012.45,1012.45,983.9,1055.28,1083.83,2.5,50,62.0,Financial Services,DISTRIBUTION,1,BLOCKED,EXPIRED,2026-08-17,1010.6,Expired (17d > 15d),-0.18,37.7,WEAK,OK
2026-07-31,12:50,EMA21_Bounce,21 EMA Bounce,BHEL,BUY,407.0,407.0,398.96,419.06,421.04,1.7,50,59.0,Capital Goods,DISTRIBUTION,1,BLOCKED,TARGET,2026-08-12,419.06,Target 1 Hit,2.96,36.0,WEAK,OK
2026-07-31,12:50,EMA21_Bounce,21 EMA Bounce,DEEPAKNTR,BUY,1662.2,1662.2,1621.98,1722.53,1762.75,2.5,50,31.0,Chemicals,DISTRIBUTION,1,BLOCKED,TARGET,2026-08-03,1722.53,Target 1 Hit,3.63,35.3,WEAK,OK
2026-07-31,12:50,EMA21_Bounce,21 EMA Bounce,AUBANK,BUY,1047.3,1047.3,1014.58,1096.38,1129.1,2.5,50,53.0,Financial Services,DISTRIBUTION,1,BLOCKED,TARGET,2026-08-06,1096.38,Target 1 Hit,4.69,33.9,WEAK,OK
2026-07-31,12:50,EMA21_Bounce,21 EMA Bounce,GLENMARK,BUY,2233.9,2233.9,2180.71,2313.69,2316.03,1.5,45,36.0,Healthcare,DISTRIBUTION,1,BLOCKED,STOPPED,2026-08-03,2180.71,Stop Loss Hit,-2.38,32.8,WEAK,OK
2026-07-31,12:50,52WH_Breakout,52-Week High Breakout,TORNTPHARM,BUY,5122.8,5122.8,5005.08,5668.19,6550.69,8.0,37,83.0,Healthcare,DISTRIBUTION,1,BLOCKED,STOPPED,2026-08-04,5005.08,Stop Loss Hit,-2.3,50.6,MODERATE,OK
2026-07-31,12:50,52WH_Breakout,52-Week High Breakout,BAJFINANCE,BUY,1141.2,1141.2,1059.43,1317.95,1603.96,5.7,42,82.0,Financial Services,DISTRIBUTION,1,BLOCKED,OPEN,,,,,50.3,MODERATE,OK
2026-07-31,12:50,52WH_Breakout,52-Week High Breakout,DIVISLAB,BUY,8056.0,8056.0,7848.41,9064.57,10696.56,8.0,37,89.0,Healthcare,DISTRIBUTION,1,BLOCKED,OPEN,,,,,46.9,WEAK,OK
2026-07-31,12:50,52WH_Breakout,52-Week High Breakout,GAIL,BUY,181.44,181.44,175.05,200.0,230.03,7.6,37,67.0,Oil Gas & Consumable Fuels,DISTRIBUTION,1,BLOCKED,STOPPED,2026-08-03,175.05,Stop Loss Hit,-3.52,34.9,WEAK,OK
2026-07-31,12:50,Last30Min_ATH,Near 52W High (EOD),TORNTPHARM,BUY,5122.8,5122.8,4894.4,5668.19,6550.69,6.3,39,83.0,Healthcare,DISTRIBUTION,1,BLOCKED,STOPPED,2026-08-10,4894.4,Stop Loss Hit,-4.46,52.0,MODERATE,OK
2026-07-31,12:50,Last30Min_ATH,Near 52W High (EOD),BAJFINANCE,BUY,1141.2,1141.2,1083.6,1317.95,1603.96,8.0,39,82.0,Financial Services,DISTRIBUTION,1,BLOCKED,STOPPED,2026-08-07,1083.6,Stop Loss Hit,-5.05,51.7,MODERATE,OK
2026-07-31,12:50,Last30Min_ATH,Near 52W High (EOD),TVSMOTOR,BUY,4313.1,4313.1,4198.0,4983.69,6068.79,8.0,39,86.0,Automobile and Auto Components,DISTRIBUTION,1,BLOCKED,EXPIRED,2026-08-17,4385.9,Expired (17d > 15d),1.69,49.7,WEAK,OK
2026-07-31,12:50,Last30Min_ATH,Near 52W High (EOD),DIVISLAB,BUY,8056.0,8056.0,7870.5,9064.57,10696.56,8.0,39,89.0,Healthcare,DISTRIBUTION,1,BLOCKED,EXPIRED,2026-08-17,8481.5,Expired (17d > 15d),5.28,48.2,WEAK,OK
2026-07-31,12:50,Last30Min_ATH,Near 52W High (EOD),CHOLAFIN,BUY,1849.9,1849.9,1779.4,1955.65,2100.73,3.6,39,64.0,Financial Services,DISTRIBUTION,1,BLOCKED,EXPIRED,2026-08-17,1884.7,Expired (17d > 15d),1.88,40.4,WEAK,OK
2026-07-31,12:50,Last30Min_ATH,Near 52W High (EOD),GAIL,BUY,181.44,181.44,173.5,200.0,230.03,6.1,39,67.0,Oil Gas & Consumable Fuels,DISTRIBUTION,1,BLOCKED,STOPPED,2026-08-03,173.5,Stop Loss Hit,-4.38,36.3,WEAK,OK
2026-07-31,12:50,Failed_Breakout_Short,Failed Breakout Short,SUNPHARMA,SHORT,1990.5,1990.5,2056.82,1891.02,1824.7,2.5,77,64.0,Healthcare,DISTRIBUTION,1,IDEAL,TARGET,2026-08-17,1891.02,Target 1 Hit,5.0,56.0,MODERATE,OK
2026-07-31,12:50,Failed_Breakout_Short,Failed Breakout Short,MARICO,SHORT,870.65,870.65,894.17,835.37,811.85,2.5,72,62.0,Fast Moving Consumer Goods,DISTRIBUTION,1,IDEAL,OPEN,,,,,55.1,MODERATE,OK
2026-07-31,12:50,Failed_Breakout_Short,Failed Breakout Short,APOLLOHOSP,SHORT,8957.0,8957.0,9071.36,8785.46,8671.1,2.5,72,79.0,Healthcare,DISTRIBUTION,1,IDEAL,TARGET,2026-08-04,8785.46,Target 1 Hit,1.92,53.4,MODERATE,OK
2026-07-31,12:50,Failed_Breakout_Short,Failed Breakout Short,WIPRO,SHORT,183.65,183.65,192.46,170.44,161.63,2.5,72,34.0,Information Technology,DISTRIBUTION,1,IDEAL,OPEN,,,,,52.3,MODERATE,OK
2026-07-31,12:50,Failed_Breakout_Short,Failed Breakout Short,METROPOLIS,SHORT,582.45,582.45,615.1,533.48,500.83,2.5,72,78.0,Pharma,DISTRIBUTION,1,IDEAL,OPEN,,,,,52.0,MODERATE,OK
2026-07-31,12:50,Failed_Breakout_Short,Failed Breakout Short,EXIDEIND,SHORT,449.8,449.8,465.94,425.59,409.45,2.5,72,100.0,Automobile and Auto Components,DISTRIBUTION,1,IDEAL,STOPPED,2026-08-05,465.94,Stop Loss Hit,-3.59,51.9,MODERATE,OK
2026-07-31,12:50,Failed_Breakout_Short,Failed Breakout Short,STARHEALTH,SHORT,601.0,601.0,630.6,556.6,527.0,2.5,72,79.0,Financial Services,DISTRIBUTION,1,IDEAL,TARGET,2026-08-10,556.6,Target 1 Hit,7.39,44.4,WEAK,OK
2026-07-31,12:50,Failed_Breakout_Short,Failed Breakout Short,NESTLEIND,SHORT,1509.6,1509.6,1543.07,1459.4,1425.93,2.5,77,52.0,Fast Moving Consumer Goods,DISTRIBUTION,1,IDEAL,TARGET,2026-08-04,1459.4,Target 1 Hit,3.33,42.9,WEAK,OK
2026-07-31,15:38,VCP,VCP (Minervini v2),BHARATFORG,BUY,2199.8,2231.23,2071.59,2484.09,2893.25,4.1,44,83.0,Automobile and Auto Components,DISTRIBUTION,1,BLOCKED,STOPPED,2026-08-10,2071.59,Stop Loss Hit,-7.15,41.4,WEAK,OK
2026-07-31,15:38,EMA21_Bounce,21 EMA Bounce,SHYAMMETL,BUY,1031.3,1031.3,998.41,1088.11,1156.99,3.8,50,79.0,Capital Goods,DISTRIBUTION,1,BLOCKED,STOPPED,2026-08-07,998.41,Stop Loss Hit,-3.19,55.5,MODERATE,OK
2026-07-31,15:38,EMA21_Bounce,21 EMA Bounce,BHARATFORG,BUY,2199.8,2199.8,2126.24,2310.14,2383.7,2.5,50,83.0,Automobile and Auto Components,DISTRIBUTION,1,BLOCKED,STOPPED,2026-08-10,2126.24,Stop Loss Hit,-3.34,53.7,MODERATE,OK
2026-07-31,15:38,EMA21_Bounce,21 EMA Bounce,AEGISLOG,BUY,1280.8,1280.8,1183.83,1426.26,1523.23,2.5,50,100.0,Oil Gas & Consumable Fuels,DISTRIBUTION,1,BLOCKED,TARGET,2026-08-06,1426.26,Target 1 Hit,11.36,52.6,MODERATE,OK
2026-07-31,15:38,EMA21_Bounce,21 EMA Bounce,GODREJIND,BUY,1317.6,1317.6,1275.08,1381.38,1398.8,1.9,45,100.0,Diversified,DISTRIBUTION,1,BLOCKED,STOPPED,2026-08-12,1275.08,Stop Loss Hit,-3.23,52.6,MODERATE,OK
2026-07-31,15:38,EMA21_Bounce,21 EMA Bounce,TRAVELFOOD,BUY,1302.9,1302.9,1242.0,1394.25,1455.15,2.5,45,56.0,Consumer Services,DISTRIBUTION,1,BLOCKED,TARGET,2026-08-06,1394.25,Target 1 Hit,7.01,51.3,MODERATE,OK
2026-07-31,15:38,EMA21_Bounce,21 EMA Bounce,ZYDUSWELL,BUY,577.55,577.55,545.66,625.38,657.27,2.5,50,76.0,Fast Moving Consumer Goods,DISTRIBUTION,1,BLOCKED,STOPPED,2026-08-04,545.66,Stop Loss Hit,-5.52,51.0,MODERATE,OK
2026-07-31,15:38,EMA21_Bounce,21 EMA Bounce,BELRISE,BUY,236.73,236.73,228.38,249.26,257.61,2.5,55,61.0,Automobile and Auto Components,DISTRIBUTION,1,BLOCKED,TARGET,2026-08-07,249.26,Target 1 Hit,5.29,49.6,WEAK,OK
2026-07-31,15:38,EMA21_Bounce,21 EMA Bounce,ANANDRATHI,BUY,2073.7,2073.7,2017.71,2157.68,2176.2,1.8,45,77.0,Financial Services,DISTRIBUTION,1,BLOCKED,TARGET,2026-08-11,2157.68,Target 1 Hit,4.05,47.8,WEAK,OK
2026-07-31,15:38,EMA21_Bounce,21 EMA Bounce,ASTERDM,BUY,822.15,822.15,789.08,871.75,904.82,2.5,50,73.0,Healthcare,DISTRIBUTION,1,BLOCKED,TARGET,2026-08-06,871.75,Target 1 Hit,6.03,47.8,WEAK,OK
2026-07-31,15:38,EMA21_Bounce,21 EMA Bounce,CASTROLIND,BUY,185.21,185.21,183.83,188.12,188.3,2.2,45,47.0,Oil Gas & Consumable Fuels,DISTRIBUTION,1,BLOCKED,TARGET,2026-08-04,188.12,Target 1 Hit,1.57,46.4,WEAK,OK
2026-07-31,15:38,EMA21_Bounce,21 EMA Bounce,SCHNEIDER,BUY,1355.3,1355.3,1278.82,1470.02,1546.5,2.5,55,59.0,Capital Goods,DISTRIBUTION,1,BLOCKED,STOPPED,2026-08-17,1278.82,Stop Loss Hit,-5.64,46.0,WEAK,OK
2026-07-31,15:38,EMA21_Bounce,21 EMA Bounce,IKS,BUY,1848.9,1848.9,1740.19,2011.96,2120.67,2.5,50,70.0,Information Technology,DISTRIBUTION,1,BLOCKED,STOPPED,2026-08-07,1740.19,Stop Loss Hit,-5.88,43.1,WEAK,OK
2026-07-31,15:38,EMA21_Bounce,21 EMA Bounce,DELHIVERY,BUY,481.95,481.95,458.34,517.36,540.97,2.5,45,52.0,Services,DISTRIBUTION,1,BLOCKED,STOPPED,2026-08-10,458.34,Stop Loss Hit,-4.9,42.6,WEAK,OK
2026-07-31,15:38,EMA21_Bounce,21 EMA Bounce,INDGN,BUY,515.15,515.15,492.78,548.7,571.07,2.5,55,42.0,Healthcare,DISTRIBUTION,1,BLOCKED,TARGET,2026-08-03,548.7,Target 1 Hit,6.51,40.9,WEAK,OK
2026-07-31,15:38,EMA21_Bounce,21 EMA Bounce,LTF,BUY,311.25,311.25,302.52,333.5,338.6,3.1,45,57.0,Financial Services,DISTRIBUTION,1,BLOCKED,EXPIRED,2026-08-17,315.0,Expired (17d > 15d),1.2,40.7,WEAK,OK
2026-07-31,15:38,EMA21_Bounce,21 EMA Bounce,CAMS,BUY,796.15,796.15,769.72,835.79,862.22,2.5,50,44.0,Financial Services,DISTRIBUTION,1,BLOCKED,STOPPED,2026-08-13,769.72,Stop Loss Hit,-3.32,37.7,WEAK,OK
2026-07-31,15:38,EMA21_Bounce,21 EMA Bounce,SOLARINDS,BUY,18391.0,18391.0,17894.55,19135.68,19632.13,2.5,50,82.0,Chemicals,DISTRIBUTION,1,BLOCKED,STOPPED,2026-08-05,17894.55,Stop Loss Hit,-2.7,35.5,WEAK,OK
2026-07-31,15:38,52WH_Breakout,52-Week High Breakout,EMCURE,BUY,1960.1,1960.1,1930.59,2004.36,2160.33,6.8,37,84.0,Healthcare,DISTRIBUTION,1,BLOCKED,TARGET,2026-08-05,2004.36,Target 1 Hit,2.26,47.8,WEAK,OK
2026-07-31,15:38,Last30Min_ATH,Near 52W High (EOD),BHARATFORG,BUY,2199.8,2199.8,2161.5,2257.25,2295.55,2.5,35,83.0,Automobile and Auto Components,DISTRIBUTION,1,BLOCKED,TARGET,2026-08-07,2257.25,Target 1 Hit,2.61,46.3,WEAK,OK
2026-07-31,15:38,Failed_Breakout_Short,Failed Breakout Short,SAGILITY,SHORT,43.4,43.4,46.77,38.34,34.97,2.5,72,55.0,Information Technology,DISTRIBUTION,1,IDEAL,OPEN,,,,,63.4,MODERATE,OK
2026-07-31,15:38,Failed_Breakout_Short,Failed Breakout Short,ENDURANCE,SHORT,2758.3,2758.3,2859.05,2607.18,2506.43,2.5,72,83.0,Automobile and Auto Components,DISTRIBUTION,1,IDEAL,STOPPED,2026-08-04,2859.05,Stop Loss Hit,-3.65,61.6,MODERATE,OK
2026-07-31,15:38,Failed_Breakout_Short,Failed Breakout Short,CRAFTSMAN,SHORT,9873.5,9873.5,10370.98,9127.28,8629.8,2.5,77,100.0,Automobile and Auto Components,DISTRIBUTION,1,IDEAL,STOPPED,2026-08-03,10370.98,Stop Loss Hit,-5.04,61.4,MODERATE,OK
2026-07-31,15:38,Failed_Breakout_Short,Failed Breakout Short,SWIGGY,SHORT,284.86,284.86,302.79,257.97,240.04,2.5,72,51.0,Consumer Services,DISTRIBUTION,1,IDEAL,STOPPED,2026-08-06,302.79,Stop Loss Hit,-6.29,61.4,MODERATE,OK
2026-07-31,15:38,Failed_Breakout_Short,Failed Breakout Short,APLAPOLLO,SHORT,1819.5,1819.5,1919.1,1670.1,1570.5,2.5,75,38.0,Capital Goods,DISTRIBUTION,1,IDEAL,STOPPED,2026-08-03,1919.1,Stop Loss Hit,-5.47,57.8,MODERATE,OK
2026-07-31,15:38,Failed_Breakout_Short,Failed Breakout Short,JYOTICNC,SHORT,808.65,808.65,847.26,750.73,712.12,2.5,72,57.0,Capital Goods,DISTRIBUTION,1,IDEAL,STOPPED,2026-08-03,847.26,Stop Loss Hit,-4.77,55.7,MODERATE,OK
2026-07-31,15:38,Failed_Breakout_Short,Failed Breakout Short,SYRMA,SHORT,1366.8,1366.8,1485.27,1189.09,1070.62,2.5,72,100.0,Capital Goods,DISTRIBUTION,1,IDEAL,STOPPED,2026-08-10,1485.27,Stop Loss Hit,-8.67,54.6,MODERATE,OK
2026-07-31,15:38,Failed_Breakout_Short,Failed Breakout Short,CREDITACC,SHORT,1592.8,1592.8,1649.66,1507.51,1450.65,2.5,72,64.0,Financial Services,DISTRIBUTION,1,IDEAL,TARGET,2026-08-05,1507.51,Target 1 Hit,5.35,46.0,WEAK,OK
2026-07-31,15:38,Failed_Breakout_Short,Failed Breakout Short,SAPPHIRE,SHORT,185.11,185.11,207.45,151.6,129.26,2.5,72,46.0,Consumer Services,DISTRIBUTION,1,IDEAL,STOPPED,2026-08-07,207.45,Stop Loss Hit,-12.07,45.5,WEAK,OK
2026-08-03,13:33,VCP,VCP (Minervini v2),APOLLOHOSP,BUY,8820.0,9049.0,8695.3,9811.92,11046.42,5.6,84,71.0,Healthcare,ACCUMULATION,3,IDEAL,STOPPED,2026-08-11,8695.3,Stop Loss Hit,-3.91,62.3,MODERATE,OK
2026-08-03,13:33,EMA21_Bounce,21 EMA Bounce,DIXON,BUY,13892.0,13892.0,13341.18,14718.23,16235.46,4.3,60,95.0,Consumer Durables,ACCUMULATION,3,CAUTION,OPEN,,,,,72.2,STRONG,OK
2026-08-03,13:33,EMA21_Bounce,21 EMA Bounce,LICI,BUY,428.5,428.5,419.11,442.58,451.97,2.5,55,60.0,Financial Services,ACCUMULATION,3,CAUTION,STOPPED,2026-08-04,419.11,Stop Loss Hit,-2.19,63.8,MODERATE,OK
2026-08-03,13:33,EMA21_Bounce,21 EMA Bounce,SBIN,BUY,1045.0,1045.0,1018.76,1084.36,1110.6,2.5,55,39.0,Financial Services,ACCUMULATION,3,CAUTION,TARGET,2026-08-06,1084.36,Target 1 Hit,3.77,59.7,MODERATE,OK
2026-08-03,13:33,EMA21_Bounce,21 EMA Bounce,PRESTIGE,BUY,1670.0,1670.0,1583.41,1799.88,1886.47,2.5,60,73.0,Realty,ACCUMULATION,3,CAUTION,STOPPED,2026-08-04,1583.41,Stop Loss Hit,-5.19,56.7,MODERATE,OK
2026-08-03,13:33,EMA21_Bounce,21 EMA Bounce,OBEROIRLTY,BUY,1861.1,1861.1,1800.19,1952.46,2013.37,2.5,55,67.0,Realty,ACCUMULATION,3,CAUTION,STOPPED,2026-08-04,1800.19,Stop Loss Hit,-3.27,56.4,MODERATE,OK
2026-08-03,13:33,EMA21_Bounce,21 EMA Bounce,OFSS,BUY,11332.0,11332.0,10902.62,11976.07,12405.45,2.5,55,82.0,Information Technology,ACCUMULATION,3,CAUTION,OPEN,,,,,56.3,MODERATE,OK
2026-08-03,13:33,EMA21_Bounce,21 EMA Bounce,PETRONET,BUY,284.85,284.85,274.71,300.06,310.2,2.5,55,48.0,Oil Gas & Consumable Fuels,ACCUMULATION,3,CAUTION,STOPPED,2026-08-11,274.71,Stop Loss Hit,-3.56,54.7,MODERATE,OK
2026-08-03,13:33,EMA21_Bounce,21 EMA Bounce,POWERGRID,BUY,287.0,287.0,281.48,295.28,300.8,2.5,60,27.0,Power,ACCUMULATION,3,CAUTION,STOPPED,2026-08-05,281.48,Stop Loss Hit,-1.92,53.3,MODERATE,OK
2026-08-03,13:33,EMA21_Bounce,21 EMA Bounce,BHEL,BUY,411.15,411.15,399.46,428.68,440.37,2.5,60,47.0,Capital Goods,ACCUMULATION,3,CAUTION,TARGET,2026-08-14,428.68,Target 1 Hit,4.26,52.7,MODERATE,OK
2026-08-03,13:33,EMA21_Bounce,21 EMA Bounce,INDUSINDBK,BUY,1028.9,1028.9,991.26,1085.36,1127.85,2.6,60,62.0,Financial Services,ACCUMULATION,3,CAUTION,OPEN,,,,,49.6,WEAK,OK
2026-08-03,13:33,EMA21_Bounce,21 EMA Bounce,AUBANK,BUY,1060.0,1060.0,1017.59,1123.62,1166.03,2.5,60,49.0,Financial Services,ACCUMULATION,3,CAUTION,OPEN,,,,,49.2,WEAK,OK
2026-08-03,13:33,52WH_Breakout,52-Week High Breakout,DIVISLAB,BUY,8585.0,8585.0,7992.17,9920.49,12081.48,5.9,67,100.0,Healthcare,ACCUMULATION,3,CAUTION,OPEN,,,,,83.1,ELITE,OK
2026-08-03,13:33,52WH_Breakout,52-Week High Breakout,EICHERMOT,BUY,8050.0,8050.0,7821.86,8392.21,8895.1,3.7,62,66.0,Automobile and Auto Components,ACCUMULATION,3,CAUTION,OPEN,,,,,82.0,ELITE,OK
2026-08-03,13:33,52WH_Breakout,52-Week High Breakout,ABCAPITAL,BUY,424.35,424.35,405.61,452.46,479.69,3.0,62,74.0,Financial Services,ACCUMULATION,3,CAUTION,STOPPED,2026-08-07,405.61,Stop Loss Hit,-4.42,74.7,STRONG,OK
2026-08-03,13:33,52WH_Breakout,52-Week High Breakout,SIEMENS,BUY,3900.0,3900.0,3780.86,4220.44,4738.96,7.0,62,48.0,Capital Goods,ACCUMULATION,3,CAUTION,OPEN,,,,,61.3,MODERATE,OK
2026-08-03,13:33,Last30Min_ATH,Near 52W High (EOD),DIVISLAB,BUY,8585.0,8585.0,8105.0,9920.49,12081.48,7.3,64,100.0,Healthcare,ACCUMULATION,3,CAUTION,OPEN,,,,,87.5,ELITE,OK
2026-08-03,13:33,Last30Min_ATH,Near 52W High (EOD),EICHERMOT,BUY,8050.0,8050.0,7852.0,8347.0,8895.1,4.3,64,66.0,Automobile and Auto Components,ACCUMULATION,3,CAUTION,OPEN,,,,,86.4,ELITE,OK
2026-08-03,13:33,Last30Min_ATH,Near 52W High (EOD),SHRIRAMFIN,BUY,1090.2,1090.2,1051.6,1148.1,1223.72,3.5,60,60.0,Financial Services,ACCUMULATION,3,CAUTION,TARGET,2026-08-06,1148.1,Target 1 Hit,5.31,85.4,ELITE,OK
2026-08-03,13:33,Last30Min_ATH,Near 52W High (EOD),TVSMOTOR,BUY,4389.0,4389.0,4281.9,5106.5,6267.5,8.0,60,86.0,Automobile and Auto Components,ACCUMULATION,3,CAUTION,OPEN,,,,,84.5,ELITE,OK
2026-08-03,13:33,Last30Min_ATH,Near 52W High (EOD),MARICO,BUY,880.95,880.95,865.3,936.4,1026.11,8.0,60,61.0,Fast Moving Consumer Goods,ACCUMULATION,3,CAUTION,STOPPED,2026-08-04,865.3,Stop Loss Hit,-1.78,77.7,STRONG,OK
2026-08-03,13:33,Last30Min_ATH,Near 52W High (EOD),JSWSTEEL,BUY,1292.3,1292.3,1268.7,1327.7,1351.3,2.5,58,46.0,Metals & Mining,ACCUMULATION,3,CAUTION,TARGET,2026-08-05,1327.7,Target 1 Hit,2.74,76.5,STRONG,OK
2026-08-03,13:33,Last30Min_ATH,Near 52W High (EOD),SIEMENS,BUY,3900.0,3900.0,3694.2,4220.44,4738.96,4.1,64,48.0,Capital Goods,ACCUMULATION,3,CAUTION,OPEN,,,,,65.7,STRONG,OK
2026-08-03,13:33,Failed_Breakout_Short,Failed Breakout Short,SUNPHARMA,SHORT,1963.5,1963.5,2057.13,1823.05,1729.42,2.5,57,58.0,Healthcare,ACCUMULATION,3,CAUTION,OPEN,,,,,50.7,MODERATE,OK
2026-08-03,13:33,Failed_Breakout_Short,Failed Breakout Short,ASTRAL,SHORT,1435.6,1435.6,1515.29,1316.06,1236.37,2.5,62,26.0,Capital Goods,ACCUMULATION,3,CAUTION,STOPPED,2026-08-13,1515.29,Stop Loss Hit,-5.55,50.0,MODERATE,OK
2026-08-03,13:33,Failed_Breakout_Short,Failed Breakout Short,GAIL,SHORT,174.3,174.3,183.72,160.17,150.75,2.5,60,52.0,Oil Gas & Consumable Fuels,ACCUMULATION,3,CAUTION,OPEN,,,,,48.1,WEAK,OK
2026-08-03,16:03,VCP,VCP (Minervini v2),BHARATFORG,BUY,2211.0,2232.5,2071.59,2486.14,2896.57,4.1,84,66.0,Automobile and Auto Components,ACCUMULATION,3,IDEAL,STOPPED,2026-08-10,2071.59,Stop Loss Hit,-7.21,62.7,MODERATE,OK
2026-08-03,16:03,EMA21_Bounce,21 EMA Bounce,HONASA,BUY,458.2,458.2,429.88,500.68,529.0,2.5,55,100.0,Fast Moving Consumer Goods,ACCUMULATION,3,CAUTION,TARGET,2026-08-14,500.68,Target 1 Hit,9.27,70.2,STRONG,OK
2026-08-03,16:03,EMA21_Bounce,21 EMA Bounce,CAPLIPOINT,BUY,2566.1,2566.1,2449.41,2741.14,2857.83,2.5,55,100.0,Healthcare,ACCUMULATION,3,CAUTION,STOPPED,2026-08-13,2449.41,Stop Loss Hit,-4.55,68.9,STRONG,OK
2026-08-03,16:03,EMA21_Bounce,21 EMA Bounce,CARTRADE,BUY,2803.3,2803.3,2651.12,3031.57,3183.75,2.5,60,100.0,Consumer Services,ACCUMULATION,3,CAUTION,OPEN,,,,,68.9,STRONG,OK
2026-08-03,16:03,EMA21_Bounce,21 EMA Bounce,ACMESOLAR,BUY,371.1,371.1,355.41,398.15,398.65,1.8,60,92.0,Power,ACCUMULATION,3,CAUTION,OPEN,,,,,67.8,STRONG,OK
2026-08-03,16:03,EMA21_Bounce,21 EMA Bounce,ENDURANCE,BUY,2787.6,2787.6,2673.97,2958.04,3016.29,2.0,55,65.0,Automobile and Auto Components,ACCUMULATION,3,CAUTION,TARGET,2026-08-06,2958.04,Target 1 Hit,6.11,67.0,STRONG,OK
2026-08-03,16:03,EMA21_Bounce,21 EMA Bounce,KIMS,BUY,820.6,820.6,793.24,861.64,889.0,2.5,65,76.0,Healthcare,ACCUMULATION,3,CAUTION,STOPPED,2026-08-04,793.24,Stop Loss Hit,-3.33,65.7,STRONG,OK
2026-08-03,16:03,EMA21_Bounce,21 EMA Bounce,JSWINFRA,BUY,329.0,329.0,308.96,359.06,379.1,2.5,60,79.0,Services,ACCUMULATION,3,CAUTION,OPEN,,,,,63.8,MODERATE,OK
2026-08-03,16:03,EMA21_Bounce,21 EMA Bounce,HSCL,BUY,750.65,750.65,716.82,801.39,819.5,2.0,55,88.0,Chemicals,ACCUMULATION,3,CAUTION,OPEN,,,,,63.6,MODERATE,OK
2026-08-03,16:03,EMA21_Bounce,21 EMA Bounce,PTCIL,BUY,17981.0,17981.0,17566.87,18602.2,18650.0,1.6,55,58.0,Capital Goods,ACCUMULATION,3,CAUTION,TARGET,2026-08-07,18602.2,Target 1 Hit,3.45,63.3,MODERATE,OK
2026-08-03,16:03,EMA21_Bounce,21 EMA Bounce,HONAUT,BUY,38570.0,38570.0,37692.21,39886.68,40365.87,2.0,60,97.0,Capital Goods,ACCUMULATION,3,CAUTION,STOPPED,2026-08-10,37692.21,Stop Loss Hit,-2.28,62.0,MODERATE,OK
2026-08-03,16:03,EMA21_Bounce,21 EMA Bounce,AIAENG,BUY,4684.6,4684.6,4394.8,5119.3,5409.1,2.5,55,78.0,Capital Goods,ACCUMULATION,3,CAUTION,STOPPED,2026-08-13,4394.8,Stop Loss Hit,-6.19,60.8,MODERATE,OK
2026-08-03,16:03,EMA21_Bounce,21 EMA Bounce,ZFCVINDIA,BUY,2447.8,2447.8,2346.44,2599.84,2701.2,2.5,55,46.0,Automobile and Auto Components,ACCUMULATION,3,CAUTION,TARGET,2026-08-05,2599.84,Target 1 Hit,6.21,60.8,MODERATE,OK
2026-08-03,16:03,EMA21_Bounce,21 EMA Bounce,CANHLIFE,BUY,150.92,150.92,143.49,162.06,169.49,2.5,60,55.0,Financial Services,ACCUMULATION,3,CAUTION,OPEN,,,,,60.7,MODERATE,OK
2026-08-03,16:03,EMA21_Bounce,21 EMA Bounce,CARBORUNIV,BUY,1095.5,1095.5,1045.83,1170.01,1219.68,2.5,65,63.0,Capital Goods,ACCUMULATION,3,CAUTION,TARGET,2026-08-11,1170.01,Target 1 Hit,6.8,59.8,MODERATE,OK
2026-08-03,16:03,EMA21_Bounce,21 EMA Bounce,SUMICHEM,BUY,515.85,515.85,493.93,548.73,551.9,1.6,55,51.0,Chemicals,ACCUMULATION,3,CAUTION,TARGET,2026-08-10,548.73,Target 1 Hit,6.37,59.3,MODERATE,OK
2026-08-03,16:03,EMA21_Bounce,21 EMA Bounce,TITAGARH,BUY,859.05,859.05,812.72,928.54,974.87,2.5,65,47.0,Capital Goods,ACCUMULATION,3,CAUTION,STOPPED,2026-08-17,812.72,Stop Loss Hit,-5.39,59.0,MODERATE,OK
2026-08-03,16:03,EMA21_Bounce,21 EMA Bounce,CASTROLIND,BUY,185.84,185.84,183.91,188.74,190.67,2.5,55,44.0,Oil Gas & Consumable Fuels,ACCUMULATION,3,CAUTION,TARGET,2026-08-04,188.74,Target 1 Hit,1.56,57.6,MODERATE,OK
2026-08-03,16:03,EMA21_Bounce,21 EMA Bounce,PNBHOUSING,BUY,1090.0,1090.0,1035.02,1172.47,1227.45,2.5,65,53.0,Financial Services,ACCUMULATION,3,CAUTION,TARGET,2026-08-10,1172.47,Target 1 Hit,7.57,56.8,MODERATE,OK
2026-08-03,16:03,EMA21_Bounce,21 EMA Bounce,USHAMART,BUY,504.05,504.05,493.08,520.51,531.48,2.5,60,55.0,Capital Goods,ACCUMULATION,3,CAUTION,TARGET,2026-08-05,520.51,Target 1 Hit,3.27,56.7,MODERATE,OK
2026-08-03,16:03,EMA21_Bounce,21 EMA Bounce,PCBL,BUY,326.8,326.8,313.31,347.04,366.32,2.9,60,59.0,Chemicals,ACCUMULATION,3,CAUTION,STOPPED,2026-08-12,313.31,Stop Loss Hit,-4.13,55.0,MODERATE,OK
2026-08-03,16:03,EMA21_Bounce,21 EMA Bounce,JINDALSAW,BUY,259.3,259.3,248.84,274.99,285.45,2.5,60,60.0,Capital Goods,ACCUMULATION,3,CAUTION,TARGET,2026-08-10,274.99,Target 1 Hit,6.05,53.9,MODERATE,OK
2026-08-03,16:03,EMA21_Bounce,21 EMA Bounce,SOLARINDS,BUY,18659.0,18659.0,18142.83,19433.25,19949.42,2.5,60,79.0,Chemicals,ACCUMULATION,3,CAUTION,STOPPED,2026-08-05,18142.83,Stop Loss Hit,-2.77,53.9,MODERATE,OK
2026-08-03,16:03,EMA21_Bounce,21 EMA Bounce,AAVAS,BUY,1439.0,1439.0,1335.83,1593.76,1696.93,2.5,65,47.0,Financial Services,ACCUMULATION,3,CAUTION,OPEN,,,,,52.9,MODERATE,OK
2026-08-03,16:03,EMA21_Bounce,21 EMA Bounce,DATAPATTNS,BUY,4428.8,4428.8,4119.83,4892.26,5201.23,2.5,60,53.0,Capital Goods,ACCUMULATION,3,CAUTION,OPEN,,,,,51.8,MODERATE,OK
2026-08-03,16:03,EMA21_Bounce,21 EMA Bounce,LGEINDIA,BUY,1569.8,1569.8,1483.05,1699.92,1786.67,2.5,65,47.0,Consumer Durables,ACCUMULATION,3,CAUTION,TARGET,2026-08-14,1699.92,Target 1 Hit,8.29,51.8,MODERATE,OK
2026-08-03,16:03,EMA21_Bounce,21 EMA Bounce,JSWENERGY,BUY,569.0,569.0,548.45,599.82,620.37,2.5,60,42.0,Power,ACCUMULATION,3,CAUTION,STOPPED,2026-08-18,548.45,Stop Loss Hit,-3.61,51.2,MODERATE,OK
2026-08-03,16:03,EMA21_Bounce,21 EMA Bounce,VIJAYA,BUY,1354.0,1354.0,1313.26,1415.11,1455.85,2.5,55,68.0,Healthcare,ACCUMULATION,3,CAUTION,TARGET,2026-08-06,1415.11,Target 1 Hit,4.51,50.6,MODERATE,OK
2026-08-03,16:03,EMA21_Bounce,21 EMA Bounce,AARTIIND,BUY,486.8,486.8,473.78,506.33,519.35,2.5,60,43.0,Chemicals,ACCUMULATION,3,CAUTION,TARGET,2026-08-06,506.33,Target 1 Hit,4.01,49.9,WEAK,OK
2026-08-03,16:03,EMA21_Bounce,21 EMA Bounce,PINELABS,BUY,152.17,152.17,136.17,176.17,192.17,2.5,65,0.0,Financial Services,ACCUMULATION,3,CAUTION,OPEN,,,,,48.4,WEAK,OK
2026-08-03,16:03,EMA21_Bounce,21 EMA Bounce,CROMPTON,BUY,266.3,266.3,255.06,283.16,294.4,2.5,60,29.0,Consumer Durables,ACCUMULATION,3,CAUTION,STOPPED,2026-08-07,255.06,Stop Loss Hit,-4.22,43.3,WEAK,OK
2026-08-03,16:03,52WH_Breakout,52-Week High Breakout,RAINBOW,BUY,1545.6,1545.6,1521.74,1581.39,1589.96,1.9,57,84.0,Healthcare,ACCUMULATION,3,CAUTION,TARGET,2026-08-04,1581.39,Target 1 Hit,2.32,85.9,ELITE,OK
2026-08-03,16:03,52WH_Breakout,52-Week High Breakout,BALRAMCHIN,BUY,646.8,646.8,630.88,670.68,731.25,5.3,67,90.0,Fast Moving Consumer Goods,ACCUMULATION,3,CAUTION,STOPPED,2026-08-05,630.88,Stop Loss Hit,-2.46,83.8,ELITE,OK
2026-08-03,16:03,52WH_Breakout,52-Week High Breakout,MINDACORP,BUY,727.6,727.6,704.91,761.64,867.02,6.1,67,100.0,Automobile and Auto Components,ACCUMULATION,3,CAUTION,STOPPED,2026-08-07,704.91,Stop Loss Hit,-3.12,79.7,STRONG,OK
2026-08-03,16:03,52WH_Breakout,52-Week High Breakout,MEDANTA,BUY,1444.9,1444.9,1417.54,1485.94,1625.29,6.6,57,83.0,Healthcare,ACCUMULATION,3,CAUTION,STOPPED,2026-08-04,1417.54,Stop Loss Hit,-1.89,79.1,STRONG,OK
2026-08-03,16:03,52WH_Breakout,52-Week High Breakout,REDINGTON,BUY,347.85,347.85,330.87,373.32,436.98,5.2,62,100.0,Services,ACCUMULATION,3,CAUTION,STOPPED,2026-08-17,330.87,Stop Loss Hit,-4.88,76.7,STRONG,OK
2026-08-03,16:03,Last30Min_ATH,Near 52W High (EOD),RKFORGE,BUY,681.15,681.15,642.35,774.5,925.55,6.3,60,63.0,Automobile and Auto Components,ACCUMULATION,3,CAUTION,OPEN,,,,,72.6,STRONG,OK
2026-08-03,16:03,Failed_Breakout_Short,Failed Breakout Short,ZEEL,SHORT,98.14,98.14,118.91,66.99,46.22,2.5,60,51.0,Media Entertainment & Publication,ACCUMULATION,3,CAUTION,OPEN,,,,,45.9,WEAK,OK
2026-08-03,16:03,Failed_Breakout_Short,Failed Breakout Short,CAMS,SHORT,791.0,791.0,820.98,746.03,716.05,2.5,57,34.0,Financial Services,ACCUMULATION,3,CAUTION,STOPPED,2026-08-04,820.98,Stop Loss Hit,-3.79,44.2,WEAK,OK
2026-08-04,12:53,EMA21_Bounce,21 EMA Bounce,ICICIBANK,BUY,1454.6,1454.6,1404.29,1609.75,1860.79,8.0,55,80.0,Financial Services,ACCUMULATION,3,CAUTION,STOPPED,2026-08-14,1404.29,Stop Loss Hit,-3.46,74.6,STRONG,OK
2026-08-04,12:53,EMA21_Bounce,21 EMA Bounce,DIXON,BUY,13988.0,13988.0,13478.09,14752.86,15262.77,2.5,60,100.0,Consumer Durables,ACCUMULATION,3,CAUTION,OPEN,,,,,71.4,STRONG,OK
2026-08-04,12:53,EMA21_Bounce,21 EMA Bounce,ZYDUSLIFE,BUY,1130.0,1130.0,1102.0,1172.0,1200.0,2.5,55,88.0,Healthcare,ACCUMULATION,3,CAUTION,STOPPED,2026-08-06,1102.0,Stop Loss Hit,-2.48,66.3,STRONG,OK
2026-08-04,12:53,EMA21_Bounce,21 EMA Bounce,APOLLOHOSP,BUY,9050.0,9050.0,8692.57,9813.54,11049.04,5.6,60,71.0,Healthcare,ACCUMULATION,3,CAUTION,STOPPED,2026-08-11,8692.57,Stop Loss Hit,-3.95,65.7,STRONG,OK
2026-08-04,12:53,EMA21_Bounce,21 EMA Bounce,AUROPHARMA,BUY,1585.9,1585.9,1518.06,1687.66,1755.5,2.5,65,61.0,Healthcare,ACCUMULATION,3,CAUTION,OPEN,,,,,63.0,MODERATE,OK
2026-08-04,12:53,EMA21_Bounce,21 EMA Bounce,BOSCHLTD,BUY,41200.0,41200.0,40547.86,42485.0,42565.0,2.1,60,65.0,Automobile and Auto Components,ACCUMULATION,3,CAUTION,TARGET,2026-08-05,42485.0,Target 1 Hit,3.12,60.4,MODERATE,OK
2026-08-04,12:53,EMA21_Bounce,21 EMA Bounce,NAVINFLUOR,BUY,7629.0,7629.0,7452.2,7894.2,8071.0,2.5,65,65.0,Chemicals,ACCUMULATION,3,CAUTION,TARGET,2026-08-06,7894.2,Target 1 Hit,3.48,60.1,MODERATE,OK
2026-08-04,12:53,EMA21_Bounce,21 EMA Bounce,PFC,BUY,420.0,420.0,411.38,432.93,441.55,2.5,60,31.0,Financial Services,ACCUMULATION,3,CAUTION,STOPPED,2026-08-10,411.38,Stop Loss Hit,-2.05,59.9,MODERATE,OK
2026-08-04,12:53,EMA21_Bounce,21 EMA Bounce,SUNPHARMA,BUY,1964.0,1964.0,1930.02,2046.9,2094.89,3.9,60,61.0,Healthcare,ACCUMULATION,3,CAUTION,STOPPED,2026-08-06,1930.02,Stop Loss Hit,-1.73,58.8,MODERATE,OK
2026-08-04,12:53,EMA21_Bounce,21 EMA Bounce,GNFC,BUY,519.75,519.75,508.16,537.14,539.6,1.7,60,57.0,Chemicals,ACCUMULATION,3,CAUTION,TARGET,2026-08-05,537.14,Target 1 Hit,3.35,58.2,MODERATE,OK
2026-08-04,12:53,EMA21_Bounce,21 EMA Bounce,PETRONET,BUY,285.0,285.0,274.37,300.94,311.57,2.5,60,51.0,Oil Gas & Consumable Fuels,ACCUMULATION,3,CAUTION,STOPPED,2026-08-11,274.37,Stop Loss Hit,-3.73,57.0,MODERATE,OK
2026-08-04,12:53,EMA21_Bounce,21 EMA Bounce,GAIL,BUY,175.0,175.0,170.94,181.09,185.15,2.5,65,58.0,Oil Gas & Consumable Fuels,ACCUMULATION,3,CAUTION,STOPPED,2026-08-10,170.94,Stop Loss Hit,-2.32,56.0,MODERATE,OK
2026-08-04,12:53,EMA21_Bounce,21 EMA Bounce,BHEL,BUY,411.95,411.95,399.79,430.19,442.35,2.5,60,52.0,Capital Goods,ACCUMULATION,3,CAUTION,TARGET,2026-08-17,430.19,Target 1 Hit,4.43,53.4,MODERATE,OK
2026-08-04,12:53,EMA21_Bounce,21 EMA Bounce,ASIANPAINT,BUY,2775.0,2775.0,2687.04,2906.94,2994.9,2.5,55,63.0,Consumer Durables,ACCUMULATION,3,CAUTION,STOPPED,2026-08-18,2687.04,Stop Loss Hit,-3.17,53.1,MODERATE,OK
2026-08-04,12:53,EMA21_Bounce,21 EMA Bounce,AUBANK,BUY,1059.0,1059.0,1017.42,1121.37,1162.95,2.5,60,53.0,Financial Services,ACCUMULATION,3,CAUTION,OPEN,,,,,46.1,WEAK,OK
2026-08-04,12:53,52WH_Breakout,52-Week High Breakout,DIVISLAB,BUY,8378.0,8378.0,7996.62,9585.57,11539.56,8.0,62,99.0,Healthcare,ACCUMULATION,3,CAUTION,OPEN,,,,,80.1,ELITE,OK
2026-08-04,12:53,52WH_Breakout,52-Week High Breakout,SIEMENS,BUY,4000.5,4000.5,3846.03,4232.2,4383.05,2.5,67,58.0,Capital Goods,ACCUMULATION,3,CAUTION,OPEN,,,,,66.8,STRONG,OK
2026-08-04,12:53,Last30Min_ATH,Near 52W High (EOD),TITAN,BUY,4935.0,4935.0,4862.0,5543.83,6528.99,8.0,60,78.0,Consumer Durables,ACCUMULATION,3,CAUTION,OPEN,,,,,88.1,ELITE,OK
2026-08-04,12:53,Last30Min_ATH,Near 52W High (EOD),NAM-INDIA,BUY,1202.0,1202.0,1161.7,1262.45,1302.75,2.5,62,68.0,Financial Services,ACCUMULATION,3,CAUTION,STOPPED,2026-08-11,1161.7,Stop Loss Hit,-3.35,71.7,STRONG,OK
2026-08-04,12:53,Failed_Breakout_Short,Failed Breakout Short,MOTHERSON,SHORT,151.0,151.0,157.1,141.85,135.75,2.5,62,77.0,Automobile and Auto Components,ACCUMULATION,3,CAUTION,STOPPED,2026-08-06,157.1,Stop Loss Hit,-4.04,61.1,MODERATE,OK
2026-08-04,12:53,Failed_Breakout_Short,Failed Breakout Short,SUNDARMFIN,SHORT,4779.3,4779.3,5001.73,4445.66,4223.23,2.5,62,50.0,Financial Services,ACCUMULATION,3,CAUTION,TARGET,2026-08-11,4445.66,Target 1 Hit,6.98,58.7,MODERATE,OK
2026-08-04,12:53,Failed_Breakout_Short,Failed Breakout Short,PIDILITIND,SHORT,1620.0,1620.0,1669.33,1546.0,1496.67,2.5,60,69.0,Chemicals,ACCUMULATION,3,CAUTION,STOPPED,2026-08-06,1669.33,Stop Loss Hit,-3.05,55.5,MODERATE,OK
2026-08-04,12:53,Failed_Breakout_Short,Failed Breakout Short,GRASIM,SHORT,3138.0,3138.0,3278.69,2926.96,2786.27,2.5,57,59.0,Construction Materials,ACCUMULATION,3,CAUTION,STOPPED,2026-08-07,3278.69,Stop Loss Hit,-4.48,50.1,MODERATE,OK
2026-08-04,12:53,Failed_Breakout_Short,Failed Breakout Short,GODREJCP,SHORT,1058.2,1058.2,1107.08,984.88,936.0,2.5,57,52.0,Fast Moving Consumer Goods,ACCUMULATION,3,CAUTION,TARGET,2026-08-12,984.88,Target 1 Hit,6.93,50.0,MODERATE,OK
2026-08-04,12:53,Failed_Breakout_Short,Failed Breakout Short,ACC,SHORT,1384.7,1384.7,1414.42,1340.12,1310.4,2.5,57,48.0,Construction Materials,ACCUMULATION,3,CAUTION,TARGET,2026-08-11,1340.12,Target 1 Hit,3.22,49.9,WEAK,OK
2026-08-04,12:53,Failed_Breakout_Short,Failed Breakout Short,BRITANNIA,SHORT,5478.0,5478.0,5562.65,5351.02,5266.37,2.5,62,49.0,Fast Moving Consumer Goods,ACCUMULATION,3,CAUTION,STOPPED,2026-08-07,5562.65,Stop Loss Hit,-1.55,47.9,WEAK,OK
2026-08-04,12:53,Failed_Breakout_Short,Failed Breakout Short,MSUMI,SHORT,39.75,39.75,42.55,35.55,32.75,2.5,60,37.0,Automobile and Auto Components,ACCUMULATION,3,CAUTION,OPEN,,,,,47.4,WEAK,OK
2026-08-04,12:53,Failed_Breakout_Short,Failed Breakout Short,HAL,SHORT,4635.0,4635.0,4742.06,4474.41,4367.35,2.5,62,41.0,Capital Goods,ACCUMULATION,3,CAUTION,STOPPED,2026-08-06,4742.06,Stop Loss Hit,-2.31,41.5,WEAK,OK
2026-08-04,15:56,VCP,VCP (Minervini v2),APOLLOHOSP,BUY,9050.0,9050.0,8695.3,9813.54,11049.04,5.6,81,79.0,Healthcare,ACCUMULATION,3,IDEAL,STOPPED,2026-08-11,8695.3,Stop Loss Hit,-3.92,62.7,MODERATE,OK
2026-08-04,15:56,VCP,VCP (Minervini v2),BHARATFORG,BUY,2195.0,2232.5,2071.59,2486.14,2896.57,4.1,84,69.0,Automobile and Auto Components,ACCUMULATION,3,IDEAL,STOPPED,2026-08-10,2071.59,Stop Loss Hit,-7.21,62.6,MODERATE,OK
2026-08-04,15:56,VCP,VCP (Minervini v2),PTCIL,BUY,18099.0,18599.0,17263.25,20602.62,21938.37,2.5,89,63.0,Capital Goods,ACCUMULATION,3,IDEAL,TARGET,2026-08-17,20602.62,Target 1 Hit,10.77,61.5,MODERATE,OK
2026-08-04,15:56,EMA21_Bounce,21 EMA Bounce,KIRLOSENG,BUY,2273.9,2273.9,2174.77,2434.85,2566.57,3.0,55,100.0,Capital Goods,ACCUMULATION,3,CAUTION,STOPPED,2026-08-07,2174.77,Stop Loss Hit,-4.36,70.6,STRONG,OK
2026-08-04,15:56,EMA21_Bounce,21 EMA Bounce,DEEPAKFERT,BUY,1599.1,1599.1,1548.11,1675.58,1726.57,2.5,65,87.0,Chemicals,ACCUMULATION,3,CAUTION,STOPPED,2026-08-06,1548.11,Stop Loss Hit,-3.19,69.9,STRONG,OK
2026-08-04,15:56,EMA21_Bounce,21 EMA Bounce,CARTRADE,BUY,2805.4,2805.4,2688.29,2981.07,3098.18,2.5,60,100.0,Consumer Services,ACCUMULATION,3,CAUTION,OPEN,,,,,68.9,STRONG,OK
2026-08-04,15:56,EMA21_Bounce,21 EMA Bounce,CAPLIPOINT,BUY,2571.9,2571.9,2503.93,2673.86,2675.0,1.5,55,100.0,Healthcare,ACCUMULATION,3,CAUTION,STOPPED,2026-08-12,2503.93,Stop Loss Hit,-2.64,68.2,STRONG,OK
2026-08-04,15:56,EMA21_Bounce,21 EMA Bounce,CASTROLIND,BUY,187.06,187.06,183.98,191.68,194.76,2.5,60,49.0,Oil Gas & Consumable Fuels,ACCUMULATION,3,CAUTION,TARGET,2026-08-05,191.68,Target 1 Hit,2.47,58.9,MODERATE,OK
2026-08-04,15:56,EMA21_Bounce,21 EMA Bounce,JINDALSAW,BUY,264.4,264.4,254.96,278.56,288.0,2.5,60,68.0,Capital Goods,ACCUMULATION,3,CAUTION,TARGET,2026-08-10,278.56,Target 1 Hit,5.36,57.1,MODERATE,OK
2026-08-04,15:56,EMA21_Bounce,21 EMA Bounce,ELGIEQUIP,BUY,591.2,591.2,567.81,626.29,649.68,2.5,65,59.0,Capital Goods,ACCUMULATION,3,CAUTION,TARGET,2026-08-17,626.29,Target 1 Hit,5.94,56.5,MODERATE,OK
2026-08-04,15:56,EMA21_Bounce,21 EMA Bounce,USHAMART,BUY,503.6,503.6,491.59,521.62,533.63,2.5,60,59.0,Capital Goods,ACCUMULATION,3,CAUTION,TARGET,2026-08-05,521.62,Target 1 Hit,3.58,55.9,MODERATE,OK
2026-08-04,15:56,EMA21_Bounce,21 EMA Bounce,NIVABUPA,BUY,87.31,87.31,85.14,90.56,92.73,2.5,60,66.0,Financial Services,ACCUMULATION,3,CAUTION,STOPPED,2026-08-10,85.14,Stop Loss Hit,-2.49,54.7,MODERATE,OK
2026-08-04,15:56,EMA21_Bounce,21 EMA Bounce,SOLARINDS,BUY,18700.0,18700.0,18171.12,19493.32,20022.2,2.5,60,83.0,Chemicals,ACCUMULATION,3,CAUTION,STOPPED,2026-08-05,18171.12,Stop Loss Hit,-2.83,54.0,MODERATE,OK
2026-08-04,15:56,EMA21_Bounce,21 EMA Bounce,VIJAYA,BUY,1385.1,1385.1,1319.85,1482.98,1548.23,2.5,60,77.0,Healthcare,ACCUMULATION,3,CAUTION,TARGET,2026-08-12,1482.98,Target 1 Hit,7.07,53.9,MODERATE,OK
2026-08-04,15:56,EMA21_Bounce,21 EMA Bounce,CREDITACC,BUY,1557.6,1557.6,1503.94,1638.09,1691.75,2.5,55,57.0,Financial Services,ACCUMULATION,3,CAUTION,OPEN,,,,,53.4,MODERATE,OK
2026-08-04,15:56,EMA21_Bounce,21 EMA Bounce,DELHIVERY,BUY,482.0,482.0,462.27,511.6,531.33,2.5,55,49.0,Services,ACCUMULATION,3,CAUTION,STOPPED,2026-08-10,462.27,Stop Loss Hit,-4.09,53.0,MODERATE,OK
2026-08-04,15:56,52WH_Breakout,52-Week High Breakout,RAINBOW,BUY,1579.0,1579.0,1555.59,1778.65,2101.7,8.0,62,93.0,Healthcare,ACCUMULATION,3,CAUTION,STOPPED,2026-08-07,1555.59,Stop Loss Hit,-1.48,84.6,ELITE,OK
2026-08-04,15:56,52WH_Breakout,52-Week High Breakout,SAREGAMA,BUY,542.55,542.55,524.6,675.08,889.53,8.0,62,100.0,Media Entertainment & Publication,ACCUMULATION,3,CAUTION,STOPPED,2026-08-06,524.6,Stop Loss Hit,-3.31,81.1,ELITE,OK
2026-08-04,15:56,Last30Min_ATH,Near 52W High (EOD),RAINBOW,BUY,1579.0,1579.0,1535.0,1778.65,2101.7,8.0,64,93.0,Healthcare,ACCUMULATION,3,CAUTION,STOPPED,2026-08-07,1535.0,Stop Loss Hit,-2.79,89.0,ELITE,OK
2026-08-04,15:56,Last30Min_ATH,Near 52W High (EOD),BALRAMCHIN,BUY,658.7,658.7,636.75,691.63,750.5,4.2,64,98.0,Fast Moving Consumer Goods,ACCUMULATION,3,CAUTION,STOPPED,2026-08-05,636.75,Stop Loss Hit,-3.33,85.8,ELITE,OK
2026-08-04,15:56,Last30Min_ATH,Near 52W High (EOD),SAREGAMA,BUY,542.55,542.55,493.7,675.08,889.53,7.1,64,100.0,Media Entertainment & Publication,ACCUMULATION,3,CAUTION,OPEN,,,,,85.5,ELITE,OK
2026-08-04,15:56,Last30Min_ATH,Near 52W High (EOD),ASTERDM,BUY,834.7,834.7,815.1,910.96,1034.36,8.0,60,73.0,Healthcare,ACCUMULATION,3,CAUTION,STOPPED,2026-08-06,815.1,Stop Loss Hit,-2.35,74.8,STRONG,OK
2026-08-04,15:56,Failed_Breakout_Short,Failed Breakout Short,PAYTM,SHORT,1400.0,1400.0,1451.95,1322.07,1270.12,2.5,57,84.0,Financial Services,ACCUMULATION,3,CAUTION,STOPPED,2026-08-06,1451.95,Stop Loss Hit,-3.71,61.1,MODERATE,OK
2026-08-04,15:56,Failed_Breakout_Short,Failed Breakout Short,SBILIFE,SHORT,1899.0,1899.0,1927.35,1856.48,1828.13,2.5,57,51.0,Financial Services,ACCUMULATION,3,CAUTION,TARGET,2026-08-07,1856.48,Target 1 Hit,2.24,57.2,MODERATE,OK
2026-08-04,15:56,Failed_Breakout_Short,Failed Breakout Short,UBL,SHORT,1434.1,1434.1,1474.45,1373.57,1333.22,2.5,62,48.0,Fast Moving Consumer Goods,ACCUMULATION,3,CAUTION,TARGET,2026-08-05,1373.57,Target 1 Hit,4.22,53.4,MODERATE,OK
2026-08-04,15:56,Failed_Breakout_Short,Failed Breakout Short,BLUEJET,SHORT,582.05,582.05,655.14,472.41,399.32,2.5,57,85.0,Healthcare,ACCUMULATION,3,CAUTION,OPEN,,,,,50.4,MODERATE,OK
2026-08-04,15:56,Failed_Breakout_Short,Failed Breakout Short,SARDAEN,SHORT,509.4,509.4,542.13,460.3,427.57,2.5,57,19.0,Metals & Mining,ACCUMULATION,3,CAUTION,STOPPED,2026-08-13,542.13,Stop Loss Hit,-6.43,42.5,WEAK,OK
2026-08-05,12:47,EMA21_Bounce,21 EMA Bounce,GODREJPROP,BUY,2099.0,2099.0,2019.16,2218.76,2298.6,2.5,65,83.0,Realty,ACCUMULATION,3,CAUTION,STOPPED,2026-08-12,2019.16,Stop Loss Hit,-3.8,66.4,STRONG,OK
2026-08-05,12:47,EMA21_Bounce,21 EMA Bounce,SBIN,BUY,1055.0,1055.0,1022.48,1103.78,1129.84,2.3,60,68.0,Financial Services,ACCUMULATION,3,CAUTION,TARGET,2026-08-07,1103.78,Target 1 Hit,4.62,61.4,MODERATE,OK
2026-08-05,12:47,EMA21_Bounce,21 EMA Bounce,PAGEIND,BUY,40355.0,40355.0,39422.32,41754.02,42686.7,2.5,60,71.0,Textiles,ACCUMULATION,3,CAUTION,STOPPED,2026-08-10,39422.32,Stop Loss Hit,-2.31,61.0,MODERATE,OK
2026-08-05,12:47,EMA21_Bounce,21 EMA Bounce,HAL,BUY,4645.0,4645.0,4517.64,4836.04,4936.98,2.3,55,43.0,Capital Goods,ACCUMULATION,3,CAUTION,TARGET,2026-08-06,4836.04,Target 1 Hit,4.11,57.1,MODERATE,OK
2026-08-05,12:47,EMA21_Bounce,21 EMA Bounce,GAIL,BUY,176.96,176.96,171.06,185.81,192.75,2.7,60,65.0,Oil Gas & Consumable Fuels,ACCUMULATION,3,CAUTION,STOPPED,2026-08-10,171.06,Stop Loss Hit,-3.33,55.2,MODERATE,OK
2026-08-05,12:47,EMA21_Bounce,21 EMA Bounce,BHEL,BUY,412.4,412.4,401.47,428.79,439.72,2.5,55,54.0,Capital Goods,ACCUMULATION,3,CAUTION,STOPPED,2026-08-10,401.47,Stop Loss Hit,-2.65,53.7,MODERATE,OK
2026-08-05,12:47,EMA21_Bounce,21 EMA Bounce,TATASTEEL,BUY,192.99,192.99,186.83,202.23,208.39,2.5,55,33.0,Metals & Mining,ACCUMULATION,3,CAUTION,STOPPED,2026-08-07,186.83,Stop Loss Hit,-3.19,53.5,MODERATE,OK
2026-08-05,12:47,EMA21_Bounce,21 EMA Bounce,GRASIM,BUY,3224.0,3224.0,3102.95,3405.58,3436.22,1.8,60,64.0,Construction Materials,ACCUMULATION,3,CAUTION,TARGET,2026-08-10,3405.58,Target 1 Hit,5.63,49.9,WEAK,OK
2026-08-05,12:47,EMA21_Bounce,21 EMA Bounce,NESTLEIND,BUY,1520.0,1520.0,1455.55,1616.68,1617.92,1.5,55,54.0,Fast Moving Consumer Goods,ACCUMULATION,3,CAUTION,STOPPED,2026-08-18,1455.55,Stop Loss Hit,-4.24,49.0,WEAK,OK
2026-08-05,12:47,EMA21_Bounce,21 EMA Bounce,GLENMARK,BUY,2259.0,2259.0,2172.34,2388.99,2475.65,2.5,60,40.0,Healthcare,ACCUMULATION,3,CAUTION,OPEN,,,,,46.4,WEAK,OK
2026-08-05,12:47,52WH_Breakout,52-Week High Breakout,BOSCHLTD,BUY,42920.0,42920.0,42192.89,44010.66,48063.41,7.1,62,79.0,Automobile and Auto Components,ACCUMULATION,3,CAUTION,STOPPED,2026-08-06,42192.89,Stop Loss Hit,-1.69,81.8,ELITE,OK
2026-08-05,12:47,52WH_Breakout,52-Week High Breakout,PIDILITIND,BUY,1665.0,1665.0,1640.91,1817.65,2064.66,8.0,57,81.0,Chemicals,ACCUMULATION,3,CAUTION,OPEN,,,,,75.7,STRONG,OK
2026-08-05,12:47,52WH_Breakout,52-Week High Breakout,KEI,BUY,5577.0,5577.0,5434.75,5790.38,6090.87,3.6,62,65.0,Capital Goods,ACCUMULATION,3,CAUTION,TARGET,2026-08-13,5790.38,Target 1 Hit,3.83,62.4,MODERATE,OK
2026-08-05,12:47,Last30Min_ATH,Near 52W High (EOD),PIDILITIND,BUY,1665.0,1665.0,1613.9,1817.65,2064.66,7.8,64,81.0,Chemicals,ACCUMULATION,3,CAUTION,OPEN,,,,,80.1,ELITE,OK
2026-08-05,12:47,Last30Min_ATH,Near 52W High (EOD),AUROPHARMA,BUY,1613.4,1613.4,1567.0,1683.0,1750.84,3.0,60,65.0,Healthcare,ACCUMULATION,3,CAUTION,OPEN,,,,,75.5,STRONG,OK
2026-08-05,12:47,Last30Min_ATH,Near 52W High (EOD),JSWSTEEL,BUY,1330.0,1330.0,1284.7,1408.0,1534.21,4.5,60,59.0,Metals & Mining,ACCUMULATION,3,CAUTION,STOPPED,2026-08-11,1284.7,Stop Loss Hit,-3.41,74.3,STRONG,OK
2026-08-05,12:47,Last30Min_ATH,Near 52W High (EOD),NAM-INDIA,BUY,1215.0,1215.0,1188.0,1255.5,1282.5,2.5,64,78.0,Financial Services,ACCUMULATION,3,CAUTION,STOPPED,2026-08-07,1188.0,Stop Loss Hit,-2.22,73.2,STRONG,OK
2026-08-05,12:47,Last30Min_ATH,Near 52W High (EOD),KEI,BUY,5577.0,5577.0,5441.8,5779.8,6090.87,3.8,62,65.0,Capital Goods,ACCUMULATION,3,CAUTION,TARGET,2026-08-13,5779.8,Target 1 Hit,3.64,66.8,STRONG,OK
2026-08-05,12:47,Last30Min_ATH,Near 52W High (EOD),GRASIM,BUY,3224.0,3224.0,3135.8,3356.3,3436.22,2.4,60,64.0,Construction Materials,ACCUMULATION,3,CAUTION,TARGET,2026-08-10,3356.3,Target 1 Hit,4.1,64.0,MODERATE,OK
2026-08-05,12:47,Failed_Breakout_Short,Failed Breakout Short,BAJAJFINSV,SHORT,2086.0,2086.0,2132.58,2016.13,1969.55,2.5,62,80.0,Financial Services,ACCUMULATION,3,CAUTION,TARGET,2026-08-07,2016.13,Target 1 Hit,3.35,64.7,MODERATE,OK
2026-08-05,12:47,Failed_Breakout_Short,Failed Breakout Short,APOLLOHOSP,SHORT,8910.0,8910.0,9093.39,8634.92,8451.53,2.5,57,68.0,Healthcare,ACCUMULATION,3,CAUTION,TARGET,2026-08-12,8634.92,Target 1 Hit,3.09,46.8,WEAK,OK
2026-08-05,15:39,VCP,VCP (Minervini v2),CHOICEIN,BUY,824.35,846.0,784.46,938.31,978.22,2.1,87,87.0,Financial Services,ACCUMULATION,3,IDEAL,OPEN,,,,,69.5,STRONG,OK
2026-08-05,15:39,VCP,VCP (Minervini v2),BHARATFORG,BUY,2197.1,2232.5,2071.59,2486.14,2896.57,4.1,87,69.0,Automobile and Auto Components,ACCUMULATION,3,IDEAL,STOPPED,2026-08-10,2071.59,Stop Loss Hit,-7.21,60.7,MODERATE,OK
2026-08-05,15:39,VCP,VCP (Minervini v2),PTCIL,BUY,18092.0,18599.0,17263.25,20602.62,21938.37,2.5,89,63.0,Capital Goods,ACCUMULATION,3,IDEAL,TARGET,2026-08-17,20602.62,Target 1 Hit,10.77,59.5,MODERATE,OK
2026-08-05,15:39,EMA21_Bounce,21 EMA Bounce,CARTRADE,BUY,2842.2,2842.2,2698.78,3057.33,3079.0,1.7,60,100.0,Consumer Services,ACCUMULATION,3,CAUTION,STOPPED,2026-08-13,2698.78,Stop Loss Hit,-5.05,68.9,STRONG,OK
2026-08-05,15:39,EMA21_Bounce,21 EMA Bounce,SHYAMMETL,BUY,1029.6,1029.6,1002.19,1070.71,1088.11,2.1,60,84.0,Capital Goods,ACCUMULATION,3,CAUTION,STOPPED,2026-08-07,1002.19,Stop Loss Hit,-2.66,67.0,STRONG,OK
2026-08-05,15:39,EMA21_Bounce,21 EMA Bounce,BLUEJET,BUY,591.2,591.2,557.68,641.48,675.0,2.5,60,89.0,Healthcare,ACCUMULATION,3,CAUTION,OPEN,,,,,66.7,STRONG,OK
2026-08-05,15:39,EMA21_Bounce,21 EMA Bounce,CPPLUS,BUY,3554.7,3554.7,3422.36,3753.21,3885.55,2.5,55,100.0,Capital Goods,ACCUMULATION,3,CAUTION,TARGET,2026-08-10,3753.21,Target 1 Hit,5.58,65.9,STRONG,OK
2026-08-05,15:39,EMA21_Bounce,21 EMA Bounce,HONAUT,BUY,38375.0,38375.0,37490.44,39701.84,40365.87,2.3,55,100.0,Capital Goods,ACCUMULATION,3,CAUTION,STOPPED,2026-08-13,37490.44,Stop Loss Hit,-2.31,63.1,MODERATE,OK
2026-08-05,15:39,EMA21_Bounce,21 EMA Bounce,CANHLIFE,BUY,149.93,149.93,144.05,158.75,164.63,2.5,60,59.0,Financial Services,ACCUMULATION,3,CAUTION,OPEN,,,,,62.8,MODERATE,OK
2026-08-05,15:39,EMA21_Bounce,21 EMA Bounce,KIMS,BUY,802.15,802.15,773.18,845.6,874.57,2.5,60,71.0,Healthcare,ACCUMULATION,3,CAUTION,OPEN,,,,,61.7,MODERATE,OK
2026-08-05,15:39,EMA21_Bounce,21 EMA Bounce,IPCALAB,BUY,1765.0,1765.0,1651.16,1935.76,2049.6,2.5,55,75.0,Healthcare,ACCUMULATION,3,CAUTION,TARGET,2026-08-17,1935.76,Target 1 Hit,9.67,61.6,MODERATE,OK
2026-08-05,15:39,EMA21_Bounce,21 EMA Bounce,JSWINFRA,BUY,334.4,334.4,321.5,353.75,366.65,2.5,60,84.0,Services,ACCUMULATION,3,CAUTION,TARGET,2026-08-12,353.75,Target 1 Hit,5.79,60.5,MODERATE,OK
2026-08-05,15:39,EMA21_Bounce,21 EMA Bounce,CGCL,BUY,238.3,238.3,224.45,259.08,262.0,1.7,55,97.0,Financial Services,ACCUMULATION,3,CAUTION,STOPPED,2026-08-17,224.45,Stop Loss Hit,-5.81,59.9,MODERATE,OK
2026-08-05,15:39,EMA21_Bounce,21 EMA Bounce,GODREJIND,BUY,1320.4,1320.4,1279.4,1381.9,1422.9,2.5,55,64.0,Diversified,ACCUMULATION,3,CAUTION,STOPPED,2026-08-12,1279.4,Stop Loss Hit,-3.11,59.9,MODERATE,OK
2026-08-05,15:39,EMA21_Bounce,21 EMA Bounce,OLECTRA,BUY,1399.4,1399.4,1333.38,1498.43,1543.39,2.2,65,52.0,Automobile and Auto Components,ACCUMULATION,3,CAUTION,STOPPED,2026-08-14,1333.38,Stop Loss Hit,-4.72,58.9,MODERATE,OK
2026-08-05,15:39,EMA21_Bounce,21 EMA Bounce,FIVESTAR,BUY,547.7,547.7,531.78,571.58,587.5,2.5,60,82.0,Financial Services,ACCUMULATION,3,CAUTION,STOPPED,2026-08-13,531.78,Stop Loss Hit,-2.91,58.6,MODERATE,OK
2026-08-05,15:39,EMA21_Bounce,21 EMA Bounce,GRANULES,BUY,845.1,845.1,807.52,901.47,902.62,1.5,55,72.0,Healthcare,ACCUMULATION,3,CAUTION,OPEN,,,,,56.5,MODERATE,OK
2026-08-05,15:39,EMA21_Bounce,21 EMA Bounce,SCHNEIDER,BUY,1352.5,1352.5,1307.59,1419.87,1464.78,2.5,60,49.0,Capital Goods,ACCUMULATION,3,CAUTION,TARGET,2026-08-10,1419.87,Target 1 Hit,4.98,53.7,MODERATE,OK
2026-08-05,15:39,EMA21_Bounce,21 EMA Bounce,LGEINDIA,BUY,1578.6,1578.6,1518.02,1669.47,1705.2,2.1,60,59.0,Consumer Durables,ACCUMULATION,3,CAUTION,TARGET,2026-08-14,1669.47,Target 1 Hit,5.76,53.3,MODERATE,OK
2026-08-05,15:39,EMA21_Bounce,21 EMA Bounce,AARTIIND,BUY,485.95,485.95,473.72,504.29,516.52,2.5,55,47.0,Chemicals,ACCUMULATION,3,CAUTION,TARGET,2026-08-06,504.29,Target 1 Hit,3.77,52.7,MODERATE,OK
2026-08-05,15:39,EMA21_Bounce,21 EMA Bounce,PIRAMALFIN,BUY,2136.6,2136.6,2004.05,2335.42,2467.97,2.5,60,61.0,Financial Services,ACCUMULATION,3,CAUTION,OPEN,,,,,51.5,MODERATE,OK
2026-08-05,15:39,EMA21_Bounce,21 EMA Bounce,VIJAYA,BUY,1389.6,1389.6,1333.42,1473.87,1530.05,2.5,60,65.0,Healthcare,ACCUMULATION,3,CAUTION,TARGET,2026-08-12,1473.87,Target 1 Hit,6.06,50.1,MODERATE,OK
2026-08-05,15:39,52WH_Breakout,52-Week High Breakout,RAINBOW,BUY,1598.6,1598.6,1566.54,1803.58,2135.26,8.0,67,93.0,Healthcare,ACCUMULATION,3,CAUTION,STOPPED,2026-08-06,1566.54,Stop Loss Hit,-2.01,83.1,ELITE,OK
2026-08-05,15:39,52WH_Breakout,52-Week High Breakout,RRKABEL,BUY,2793.0,2793.0,2713.77,3349.0,4248.67,8.0,62,100.0,Capital Goods,ACCUMULATION,3,CAUTION,STOPPED,2026-08-17,2713.77,Stop Loss Hit,-2.84,78.1,STRONG,OK
2026-08-05,15:39,52WH_Breakout,52-Week High Breakout,ASTERDM,BUY,842.1,842.1,828.5,862.5,922.93,5.9,57,75.0,Healthcare,ACCUMULATION,3,CAUTION,STOPPED,2026-08-06,828.5,Stop Loss Hit,-1.62,70.8,STRONG,OK
2026-08-05,15:39,Last30Min_ATH,Near 52W High (EOD),RAINBOW,BUY,1598.6,1598.6,1561.5,1803.58,2135.26,8.0,64,93.0,Healthcare,ACCUMULATION,3,CAUTION,STOPPED,2026-08-06,1561.5,Stop Loss Hit,-2.32,87.4,ELITE,OK
2026-08-05,15:39,Last30Min_ATH,Near 52W High (EOD),TATACAP,BUY,371.9,371.9,360.25,389.37,401.02,2.5,64,84.0,Financial Services,ACCUMULATION,3,CAUTION,TARGET,2026-08-06,389.37,Target 1 Hit,4.7,84.3,ELITE,OK
2026-08-05,15:39,Last30Min_ATH,Near 52W High (EOD),RRKABEL,BUY,2793.0,2793.0,2648.5,3349.0,4248.67,8.0,64,100.0,Capital Goods,ACCUMULATION,3,CAUTION,OPEN,,,,,82.5,ELITE,OK
2026-08-05,15:39,Last30Min_ATH,Near 52W High (EOD),WELCORP,BUY,1788.1,1788.1,1738.7,2121.85,2661.89,8.0,60,100.0,Capital Goods,ACCUMULATION,3,CAUTION,OPEN,,,,,82.5,ELITE,OK
2026-08-05,15:39,Last30Min_ATH,Near 52W High (EOD),RADICO,BUY,4550.0,4550.0,4452.7,5259.12,6406.57,8.0,60,100.0,Fast Moving Consumer Goods,ACCUMULATION,3,CAUTION,STOPPED,2026-08-06,4452.7,Stop Loss Hit,-2.14,81.9,ELITE,OK
2026-08-05,15:39,Last30Min_ATH,Near 52W High (EOD),ATHERENERG,BUY,1470.8,1470.8,1405.0,1569.5,1839.87,5.6,60,100.0,Automobile and Auto Components,ACCUMULATION,3,CAUTION,TARGET,2026-08-12,1569.5,Target 1 Hit,6.71,79.5,STRONG,OK
2026-08-05,15:39,Last30Min_ATH,Near 52W High (EOD),PPLPHARMA,BUY,206.78,206.78,200.36,216.41,236.86,4.7,60,72.0,Healthcare,ACCUMULATION,3,CAUTION,TARGET,2026-08-10,216.41,Target 1 Hit,4.66,78.8,STRONG,OK
2026-08-05,15:39,Last30Min_ATH,Near 52W High (EOD),USHAMART,BUY,520.25,520.25,506.85,540.35,553.75,2.5,64,68.0,Capital Goods,ACCUMULATION,3,CAUTION,STOPPED,2026-08-12,506.85,Stop Loss Hit,-2.58,72.6,STRONG,OK
2026-08-05,15:39,Last30Min_ATH,Near 52W High (EOD),NEULANDLAB,BUY,19956.0,19956.0,19431.0,22480.73,26566.07,8.0,64,74.0,Healthcare,ACCUMULATION,3,CAUTION,TARGET,2026-08-06,22480.73,Target 1 Hit,12.65,72.3,STRONG,OK
2026-08-05,15:39,Failed_Breakout_Short,Failed Breakout Short,WOCKPHARMA,SHORT,2006.1,2006.1,2085.26,1887.36,1876.6,1.6,62,94.0,Healthcare,ACCUMULATION,3,CAUTION,TARGET,2026-08-12,1887.36,Target 1 Hit,5.92,55.4,MODERATE,OK
2026-08-05,15:39,Failed_Breakout_Short,Failed Breakout Short,INDGN,SHORT,540.3,540.3,573.78,490.08,456.6,2.5,60,47.0,Healthcare,ACCUMULATION,3,CAUTION,STOPPED,2026-08-10,573.78,Stop Loss Hit,-6.2,55.2,MODERATE,OK
2026-08-05,15:39,Failed_Breakout_Short,Failed Breakout Short,WHIRLPOOL,SHORT,808.3,808.3,848.4,748.15,708.05,2.5,60,25.0,Consumer Durables,ACCUMULATION,3,CAUTION,OPEN,,,,,42.9,WEAK,OK
2026-08-05,15:39,Failed_Breakout_Short,Failed Breakout Short,GESHIP,SHORT,1404.7,1404.7,1615.6,1088.35,877.45,2.5,57,26.0,Services,ACCUMULATION,3,CAUTION,OPEN,,,,,37.0,WEAK,OK
2026-08-06,12:50,EMA21_Bounce,21 EMA Bounce,APOLLOHOSP,BUY,8974.5,8974.5,8800.24,9691.38,10851.38,8.0,55,70.0,Healthcare,DISTRIBUTION,1,BLOCKED,STOPPED,2026-08-11,8800.24,Stop Loss Hit,-1.94,49.5,WEAK,OK
2026-08-06,12:50,EMA21_Bounce,21 EMA Bounce,BIOCON,BUY,436.6,436.6,416.74,466.39,486.25,2.5,55,63.0,Healthcare,DISTRIBUTION,1,BLOCKED,STOPPED,2026-08-13,416.74,Stop Loss Hit,-4.55,44.1,WEAK,OK
2026-08-06,12:50,EMA21_Bounce,21 EMA Bounce,PFC,BUY,418.0,418.0,408.84,431.74,440.9,2.5,45,38.0,Financial Services,DISTRIBUTION,1,BLOCKED,STOPPED,2026-08-10,408.84,Stop Loss Hit,-2.19,43.2,WEAK,OK
2026-08-06,12:50,EMA21_Bounce,21 EMA Bounce,INDUSINDBK,BUY,1016.2,1016.2,996.12,1046.32,1066.4,2.5,50,74.0,Financial Services,DISTRIBUTION,1,BLOCKED,OPEN,,,,,40.5,WEAK,OK
2026-08-06,12:50,EMA21_Bounce,21 EMA Bounce,GAIL,BUY,176.4,176.4,172.15,182.78,187.03,2.5,50,66.0,Oil Gas & Consumable Fuels,DISTRIBUTION,1,BLOCKED,STOPPED,2026-08-07,172.15,Stop Loss Hit,-2.41,39.3,WEAK,OK
2026-08-06,12:50,EMA21_Bounce,21 EMA Bounce,SUNPHARMA,BUY,1951.0,1951.0,1912.12,2046.9,2073.85,3.2,50,58.0,Healthcare,DISTRIBUTION,1,BLOCKED,STOPPED,2026-08-17,1912.12,Stop Loss Hit,-1.99,38.1,WEAK,OK
2026-08-06,12:50,EMA21_Bounce,21 EMA Bounce,MARICO,BUY,860.0,860.0,838.15,892.78,914.63,2.5,50,54.0,Fast Moving Consumer Goods,DISTRIBUTION,1,BLOCKED,OPEN,,,,,36.3,WEAK,OK
2026-08-06,12:50,EMA21_Bounce,21 EMA Bounce,GLENMARK,BUY,2270.0,2270.0,2203.29,2370.06,2436.77,2.5,50,47.0,Healthcare,DISTRIBUTION,1,BLOCKED,OPEN,,,,,33.2,WEAK,OK
2026-08-06,12:50,52WH_Breakout,52-Week High Breakout,SHRIRAMFIN,BUY,1141.0,1141.0,1106.19,1193.21,1305.91,4.7,37,93.0,Financial Services,DISTRIBUTION,1,BLOCKED,STOPPED,2026-08-10,1106.19,Stop Loss Hit,-3.05,46.9,WEAK,OK
2026-08-06,12:50,52WH_Breakout,52-Week High Breakout,CHOLAFIN,BUY,1940.0,1940.0,1881.78,2246.51,2742.47,8.0,32,95.0,Financial Services,DISTRIBUTION,1,BLOCKED,STOPPED,2026-08-07,1881.78,Stop Loss Hit,-3.0,40.2,WEAK,OK
2026-08-06,12:50,52WH_Breakout,52-Week High Breakout,AUBANK,BUY,1087.6,1087.6,1063.08,1124.38,1178.52,3.7,37,64.0,Financial Services,DISTRIBUTION,1,BLOCKED,STOPPED,2026-08-10,1063.08,Stop Loss Hit,-2.25,38.7,WEAK,OK
2026-08-06,12:50,52WH_Breakout,52-Week High Breakout,HAL,BUY,4920.0,4920.0,4669.82,5396.6,6167.8,5.0,42,61.0,Capital Goods,DISTRIBUTION,1,BLOCKED,OPEN,,,,,36.1,WEAK,OK
2026-08-06,12:50,52WH_Breakout,52-Week High Breakout,NAVINFLUOR,BUY,8650.0,8650.0,7794.77,9932.84,10788.07,2.5,42,95.0,Chemicals,DISTRIBUTION,1,BLOCKED,OPEN,,,,,32.2,WEAK,OK
2026-08-06,12:50,Last30Min_ATH,Near 52W High (EOD),TITAN,BUY,4998.0,4998.0,4883.9,5645.76,6693.92,8.0,39,93.0,Consumer Durables,DISTRIBUTION,1,BLOCKED,OPEN,,,,,54.2,MODERATE,OK
2026-08-06,12:50,Last30Min_ATH,Near 52W High (EOD),APOLLOHOSP,BUY,8974.5,8974.5,8880.0,9691.38,10851.38,8.0,39,70.0,Healthcare,DISTRIBUTION,1,BLOCKED,STOPPED,2026-08-10,8880.0,Stop Loss Hit,-1.05,42.1,WEAK,OK
2026-08-06,12:50,Last30Min_ATH,Near 52W High (EOD),CHOLAFIN,BUY,1940.0,1940.0,1871.3,2246.51,2742.47,8.0,39,95.0,Financial Services,DISTRIBUTION,1,BLOCKED,STOPPED,2026-08-07,1871.3,Stop Loss Hit,-3.54,41.5,WEAK,OK
2026-08-06,12:50,Last30Min_ATH,Near 52W High (EOD),PIDILITIND,BUY,1686.0,1686.0,1652.0,1851.63,2119.64,8.0,35,80.0,Chemicals,DISTRIBUTION,1,BLOCKED,STOPPED,2026-08-07,1652.0,Stop Loss Hit,-2.02,40.5,WEAK,OK
2026-08-06,12:50,Last30Min_ATH,Near 52W High (EOD),HAL,BUY,4920.0,4920.0,4685.4,5396.6,6167.8,5.3,39,61.0,Capital Goods,DISTRIBUTION,1,BLOCKED,OPEN,,,,,37.5,WEAK,OK
2026-08-06,12:50,Failed_Breakout_Short,Failed Breakout Short,BERGEPAINT,SHORT,537.6,537.6,562.08,500.88,476.4,2.5,80,68.0,Consumer Durables,DISTRIBUTION,1,IDEAL,STOPPED,2026-08-12,562.08,Stop Loss Hit,-4.55,61.2,MODERATE,OK
2026-08-06,12:50,Failed_Breakout_Short,Failed Breakout Short,TRENT,SHORT,3107.1,3107.1,3266.21,2868.43,2709.32,2.5,80,77.0,Consumer Services,DISTRIBUTION,1,IDEAL,OPEN,,,,,58.2,MODERATE,OK
2026-08-06,12:50,Failed_Breakout_Short,Failed Breakout Short,VEDL,SHORT,275.0,275.0,284.36,260.96,251.6,2.5,77,26.0,Metals & Mining,DISTRIBUTION,1,IDEAL,STOPPED,2026-08-10,284.36,Stop Loss Hit,-3.4,54.6,MODERATE,OK
2026-08-06,12:50,Failed_Breakout_Short,Failed Breakout Short,BOSCHLTD,SHORT,42000.0,42000.0,43962.34,39056.49,37094.15,2.5,72,78.0,Automobile and Auto Components,DISTRIBUTION,1,IDEAL,STOPPED,2026-08-11,43962.34,Stop Loss Hit,-4.67,54.3,MODERATE,OK
2026-08-06,12:50,Failed_Breakout_Short,Failed Breakout Short,AMBUJACEM,SHORT,436.5,436.5,453.99,410.26,392.77,2.5,72,52.0,Construction Materials,DISTRIBUTION,1,IDEAL,TARGET,2026-08-17,410.26,Target 1 Hit,6.01,53.3,MODERATE,OK
2026-08-06,12:50,Failed_Breakout_Short,Failed Breakout Short,AUROPHARMA,SHORT,1588.9,1588.9,1646.85,1501.98,1444.03,2.5,72,60.0,Healthcare,DISTRIBUTION,1,IDEAL,STOPPED,2026-08-07,1646.85,Stop Loss Hit,-3.65,45.3,WEAK,OK
2026-08-06,15:43,VCP,VCP (Minervini v2),CHOICEIN,BUY,833.2,846.0,784.46,938.31,978.22,2.1,47,98.0,Financial Services,DISTRIBUTION,1,BLOCKED,OPEN,,,,,48.7,WEAK,OK
2026-08-06,15:43,VCP,VCP (Minervini v2),PTCIL,BUY,18221.0,18599.0,17263.25,20602.62,21938.37,2.5,49,59.0,Capital Goods,DISTRIBUTION,1,BLOCKED,TARGET,2026-08-17,20602.62,Target 1 Hit,10.77,32.9,WEAK,OK
2026-08-06,15:43,EMA21_Bounce,21 EMA Bounce,AEGISVOPAK,BUY,288.7,288.7,270.98,315.28,333.0,2.5,55,100.0,Oil Gas & Consumable Fuels,DISTRIBUTION,1,BLOCKED,STOPPED,2026-08-13,270.98,Stop Loss Hit,-6.14,58.1,MODERATE,OK
2026-08-06,15:43,EMA21_Bounce,21 EMA Bounce,PGEL,BUY,609.75,609.75,584.07,648.27,673.95,2.5,50,93.0,Consumer Durables,DISTRIBUTION,1,BLOCKED,OPEN,,,,,56.1,MODERATE,OK
2026-08-06,15:43,EMA21_Bounce,21 EMA Bounce,TRAVELFOOD,BUY,1337.2,1337.2,1292.49,1404.26,1448.97,2.5,50,81.0,Consumer Services,DISTRIBUTION,1,BLOCKED,TARGET,2026-08-07,1404.26,Target 1 Hit,5.01,54.8,MODERATE,OK
2026-08-06,15:43,EMA21_Bounce,21 EMA Bounce,ANANDRATHI,BUY,2071.5,2071.5,2006.33,2169.26,2234.43,2.5,55,81.0,Financial Services,DISTRIBUTION,1,BLOCKED,TARGET,2026-08-12,2169.26,Target 1 Hit,4.72,54.3,MODERATE,OK
2026-08-06,15:43,EMA21_Bounce,21 EMA Bounce,KIRLOSENG,BUY,2248.9,2248.9,2154.83,2390.0,2434.85,2.0,50,100.0,Capital Goods,DISTRIBUTION,1,BLOCKED,STOPPED,2026-08-07,2154.83,Stop Loss Hit,-4.18,53.7,MODERATE,OK
2026-08-06,15:43,EMA21_Bounce,21 EMA Bounce,CAPLIPOINT,BUY,2585.8,2585.8,2498.34,2716.99,2804.45,2.5,50,100.0,Healthcare,DISTRIBUTION,1,BLOCKED,STOPPED,2026-08-12,2498.34,Stop Loss Hit,-3.38,51.9,MODERATE,OK
2026-08-06,15:43,EMA21_Bounce,21 EMA Bounce,BHARATFORG,BUY,2210.0,2210.0,2145.95,2306.08,2449.74,3.7,50,78.0,Automobile and Auto Components,DISTRIBUTION,1,BLOCKED,STOPPED,2026-08-10,2145.95,Stop Loss Hit,-2.9,50.5,MODERATE,OK
2026-08-06,15:43,EMA21_Bounce,21 EMA Bounce,AIAENG,BUY,4795.4,4795.4,4535.85,5184.72,5444.27,2.5,50,100.0,Capital Goods,DISTRIBUTION,1,BLOCKED,STOPPED,2026-08-12,4535.85,Stop Loss Hit,-5.41,50.0,MODERATE,OK
2026-08-06,15:43,EMA21_Bounce,21 EMA Bounce,JSWDULUX,BUY,3077.0,3077.0,2966.41,3242.88,3353.47,2.5,50,60.0,Consumer Durables,DISTRIBUTION,1,BLOCKED,OPEN,,,,,49.6,WEAK,OK
2026-08-06,15:43,EMA21_Bounce,21 EMA Bounce,PTCIL,BUY,18221.0,18221.0,17662.91,19058.14,19616.23,2.5,55,59.0,Capital Goods,DISTRIBUTION,1,BLOCKED,TARGET,2026-08-07,19058.14,Target 1 Hit,4.59,48.2,WEAK,OK
2026-08-06,15:43,EMA21_Bounce,21 EMA Bounce,CANHLIFE,BUY,150.55,150.55,143.28,161.46,168.73,2.5,50,67.0,Financial Services,DISTRIBUTION,1,BLOCKED,OPEN,,,,,45.7,WEAK,OK
2026-08-06,15:43,EMA21_Bounce,21 EMA Bounce,CGCL,BUY,241.07,241.07,230.73,258.9,262.0,2.0,45,100.0,Financial Services,DISTRIBUTION,1,BLOCKED,STOPPED,2026-08-07,230.73,Stop Loss Hit,-4.29,44.1,WEAK,OK
2026-08-06,15:43,EMA21_Bounce,21 EMA Bounce,FIVESTAR,BUY,553.25,553.25,533.59,582.74,602.4,2.5,50,83.0,Financial Services,DISTRIBUTION,1,BLOCKED,STOPPED,2026-08-13,533.59,Stop Loss Hit,-3.55,42.7,WEAK,OK
2026-08-06,15:43,EMA21_Bounce,21 EMA Bounce,SUMICHEM,BUY,525.2,525.2,493.55,572.68,604.33,2.5,45,83.0,Chemicals,DISTRIBUTION,1,BLOCKED,OPEN,,,,,42.6,WEAK,OK
2026-08-06,15:43,EMA21_Bounce,21 EMA Bounce,JINDALSAW,BUY,265.25,265.25,256.85,277.85,286.25,2.5,50,79.0,Capital Goods,DISTRIBUTION,1,BLOCKED,TARGET,2026-08-10,277.85,Target 1 Hit,4.75,42.5,WEAK,OK
2026-08-06,15:43,EMA21_Bounce,21 EMA Bounce,AADHARHFC,BUY,514.9,514.9,492.14,549.04,571.8,2.5,50,58.0,Financial Services,DISTRIBUTION,1,BLOCKED,STOPPED,2026-08-17,492.14,Stop Loss Hit,-4.42,42.0,WEAK,OK
2026-08-06,15:43,EMA21_Bounce,21 EMA Bounce,KIMS,BUY,808.6,808.6,791.03,834.96,852.53,2.5,50,62.0,Healthcare,DISTRIBUTION,1,BLOCKED,OPEN,,,,,41.4,WEAK,OK
2026-08-06,15:43,EMA21_Bounce,21 EMA Bounce,CREDITACC,BUY,1547.0,1547.0,1490.9,1631.15,1687.25,2.5,50,69.0,Financial Services,DISTRIBUTION,1,BLOCKED,OPEN,,,,,40.4,WEAK,OK
2026-08-06,15:43,EMA21_Bounce,21 EMA Bounce,SOLARINDS,BUY,18496.0,18496.0,18118.52,19062.22,19439.7,2.5,50,84.0,Chemicals,DISTRIBUTION,1,BLOCKED,TARGET,2026-08-13,19062.22,Target 1 Hit,3.06,39.7,WEAK,OK
2026-08-06,15:43,EMA21_Bounce,21 EMA Bounce,TITAGARH,BUY,861.65,861.65,833.57,903.77,931.85,2.5,50,69.0,Capital Goods,DISTRIBUTION,1,BLOCKED,STOPPED,2026-08-10,833.57,Stop Loss Hit,-3.26,37.9,WEAK,OK
2026-08-06,15:43,EMA21_Bounce,21 EMA Bounce,PIRAMALFIN,BUY,2109.7,2109.7,2055.92,2190.37,2198.0,1.6,50,68.0,Financial Services,DISTRIBUTION,1,BLOCKED,STOPPED,2026-08-13,2055.92,Stop Loss Hit,-2.55,37.4,WEAK,OK
2026-08-06,15:43,EMA21_Bounce,21 EMA Bounce,GRAVITA,BUY,1719.1,1719.1,1651.53,1820.46,1888.03,2.5,45,50.0,Metals & Mining,DISTRIBUTION,1,BLOCKED,TARGET,2026-08-12,1820.46,Target 1 Hit,5.9,30.7,WEAK,OK
2026-08-06,15:43,EMA21_Bounce,21 EMA Bounce,NAVA,BUY,594.2,594.2,569.76,630.86,655.3,2.5,55,17.0,Power,DISTRIBUTION,1,BLOCKED,STOPPED,2026-08-11,569.76,Stop Loss Hit,-4.11,30.6,WEAK,OK
2026-08-06,15:43,52WH_Breakout,52-Week High Breakout,TATACAP,BUY,382.7,382.7,372.64,397.79,436.59,5.4,42,94.0,Financial Services,DISTRIBUTION,1,BLOCKED,STOPPED,2026-08-07,372.64,Stop Loss Hit,-2.63,49.8,WEAK,OK
2026-08-06,15:43,52WH_Breakout,52-Week High Breakout,SAILIFE,BUY,1413.5,1413.5,1379.53,1464.46,1700.38,8.0,42,100.0,Healthcare,DISTRIBUTION,1,BLOCKED,STOPPED,2026-08-07,1379.53,Stop Loss Hit,-2.4,41.6,WEAK,OK
2026-08-06,15:43,52WH_Breakout,52-Week High Breakout,TATATECH,BUY,801.55,801.55,763.93,926.24,1128.0,8.0,37,100.0,Information Technology,DISTRIBUTION,1,BLOCKED,OPEN,,,,,37.9,WEAK,OK
2026-08-06,15:43,Last30Min_ATH,Near 52W High (EOD),TATATECH,BUY,801.55,801.55,756.0,926.24,1128.0,7.2,39,100.0,Information Technology,DISTRIBUTION,1,BLOCKED,OPEN,,,,,39.3,WEAK,OK
2026-08-06,15:43,Failed_Breakout_Short,Failed Breakout Short,FSL,SHORT,293.95,293.95,346.99,214.39,161.35,2.5,75,82.0,Services,DISTRIBUTION,1,IDEAL,OPEN,,,,,70.5,STRONG,OK
2026-08-06,15:43,Failed_Breakout_Short,Failed Breakout Short,EMCURE,SHORT,1936.7,1936.7,2027.33,1800.76,1710.13,2.5,77,80.0,Healthcare,DISTRIBUTION,1,IDEAL,STOPPED,2026-08-10,2027.33,Stop Loss Hit,-4.68,59.5,MODERATE,OK
2026-08-06,15:43,Failed_Breakout_Short,Failed Breakout Short,RAINBOW,SHORT,1573.2,1573.2,1623.07,1498.4,1448.53,2.5,77,96.0,Healthcare,DISTRIBUTION,1,IDEAL,TARGET,2026-08-11,1498.4,Target 1 Hit,4.75,57.4,MODERATE,OK
2026-08-06,15:43,Failed_Breakout_Short,Failed Breakout Short,SAREGAMA,SHORT,528.0,528.0,582.29,446.57,392.28,2.5,72,100.0,Media Entertainment & Publication,DISTRIBUTION,1,IDEAL,OPEN,,,,,54.6,MODERATE,OK
2026-08-06,15:43,Failed_Breakout_Short,Failed Breakout Short,SAPPHIRE,SHORT,199.74,199.74,207.85,187.58,179.47,2.5,77,77.0,Consumer Services,DISTRIBUTION,1,IDEAL,STOPPED,2026-08-07,207.85,Stop Loss Hit,-4.06,54.5,MODERATE,OK
2026-08-06,15:43,Failed_Breakout_Short,Failed Breakout Short,BLS,SHORT,253.98,253.98,264.77,237.8,227.01,2.5,77,34.0,Consumer Services,DISTRIBUTION,1,IDEAL,STOPPED,2026-08-10,264.77,Stop Loss Hit,-4.25,52.5,MODERATE,OK
2026-08-06,15:43,Failed_Breakout_Short,Failed Breakout Short,DEVYANI,SHORT,123.86,123.86,127.44,118.49,114.91,2.5,77,63.0,Consumer Services,DISTRIBUTION,1,IDEAL,STOPPED,2026-08-07,127.44,Stop Loss Hit,-2.89,51.2,MODERATE,OK
2026-08-06,15:43,Failed_Breakout_Short,Failed Breakout Short,SHREECEM,SHORT,26245.0,26245.0,27745.0,23995.0,22495.0,2.5,72,58.0,Construction Materials,DISTRIBUTION,1,IDEAL,OPEN,,,,,48.1,WEAK,OK
2026-08-06,15:43,Failed_Breakout_Short,Failed Breakout Short,BIKAJI,SHORT,624.25,624.25,664.88,563.31,521.66,2.5,75,36.0,Fast Moving Consumer Goods,DISTRIBUTION,1,IDEAL,OPEN,,,,,45.6,WEAK,OK
2026-08-07,11:37,EMA21_Bounce,21 EMA Bounce,FEDERALBNK,BUY,356.25,356.25,346.9,370.28,371.7,1.7,50,98.0,Financial Services,DISTRIBUTION,1,BLOCKED,OPEN,,,,,57.6,MODERATE,OK
2026-08-07,11:37,EMA21_Bounce,21 EMA Bounce,INDIGO,BUY,5333.0,5333.0,5179.94,5562.59,5715.65,2.5,50,94.0,Services,DISTRIBUTION,1,BLOCKED,STOPPED,2026-08-18,5179.94,Stop Loss Hit,-2.87,56.9,MODERATE,OK
2026-08-07,11:37,EMA21_Bounce,21 EMA Bounce,RECLTD,BUY,367.0,367.0,357.91,380.64,389.73,2.5,50,58.0,Financial Services,DISTRIBUTION,1,BLOCKED,STOPPED,2026-08-10,357.91,Stop Loss Hit,-2.48,55.8,MODERATE,OK
2026-08-07,11:37,EMA21_Bounce,21 EMA Bounce,PFC,BUY,420.0,420.0,410.63,434.06,443.43,2.5,45,34.0,Financial Services,DISTRIBUTION,1,BLOCKED,STOPPED,2026-08-10,410.63,Stop Loss Hit,-2.23,47.6,WEAK,OK
2026-08-07,11:37,EMA21_Bounce,21 EMA Bounce,INDUSINDBK,BUY,1022.0,1022.0,991.99,1067.01,1077.85,1.9,50,73.0,Financial Services,DISTRIBUTION,1,BLOCKED,OPEN,,,,,42.3,WEAK,OK
2026-08-07,11:37,EMA21_Bounce,21 EMA Bounce,PETRONET,BUY,280.6,280.6,272.3,293.05,301.35,2.5,50,53.0,Oil Gas & Consumable Fuels,DISTRIBUTION,1,BLOCKED,OPEN,,,,,40.0,WEAK,OK
2026-08-07,11:37,EMA21_Bounce,21 EMA Bounce,MARICO,BUY,862.0,862.0,842.85,890.72,905.73,2.3,50,51.0,Fast Moving Consumer Goods,DISTRIBUTION,1,BLOCKED,STOPPED,2026-08-12,842.85,Stop Loss Hit,-2.22,35.4,WEAK,OK
2026-08-07,11:37,EMA21_Bounce,21 EMA Bounce,GLENMARK,BUY,2279.1,2279.1,2207.93,2385.86,2389.17,1.5,50,44.0,Healthcare,DISTRIBUTION,1,BLOCKED,OPEN,,,,,29.7,WEAK,OK
2026-08-07,11:37,52WH_Breakout,52-Week High Breakout,MOTHERSON,BUY,168.5,168.5,155.28,195.42,238.99,5.3,42,100.0,Automobile and Auto Components,DISTRIBUTION,1,BLOCKED,OPEN,,,,,43.2,WEAK,OK
2026-08-07,11:37,52WH_Breakout,52-Week High Breakout,AUROPHARMA,BUY,1658.0,1658.0,1612.19,1823.01,2090.01,8.0,32,65.0,Healthcare,DISTRIBUTION,1,BLOCKED,OPEN,,,,,36.6,WEAK,OK
2026-08-07,11:37,52WH_Breakout,52-Week High Breakout,GRASIM,BUY,3323.0,3323.0,3213.82,3601.93,4053.28,6.7,37,70.0,Construction Materials,DISTRIBUTION,1,BLOCKED,STOPPED,2026-08-13,3213.82,Stop Loss Hit,-3.29,28.2,WEAK,OK
2026-08-07,11:37,Last30Min_ATH,Near 52W High (EOD),MOTHERSON,BUY,168.5,168.5,155.17,195.42,238.99,5.3,39,100.0,Automobile and Auto Components,DISTRIBUTION,1,BLOCKED,OPEN,,,,,44.6,WEAK,OK
2026-08-07,11:37,Last30Min_ATH,Near 52W High (EOD),AUROPHARMA,BUY,1658.0,1658.0,1579.9,1823.01,2090.01,5.5,39,65.0,Healthcare,DISTRIBUTION,1,BLOCKED,OPEN,,,,,37.9,WEAK,OK
2026-08-07,11:37,Last30Min_ATH,Near 52W High (EOD),GRASIM,BUY,3323.0,3323.0,3183.0,3601.93,4053.28,5.2,39,70.0,Construction Materials,DISTRIBUTION,1,BLOCKED,OPEN,,,,,29.5,WEAK,OK
2026-08-07,11:37,Failed_Breakout_Short,Failed Breakout Short,TITAN,SHORT,4941.0,4941.0,5030.77,4806.34,4716.57,2.5,77,86.0,Consumer Durables,DISTRIBUTION,1,IDEAL,STOPPED,2026-08-10,5030.77,Stop Loss Hit,-1.82,63.1,MODERATE,OK
2026-08-07,11:37,Failed_Breakout_Short,Failed Breakout Short,TRENT,SHORT,2997.0,2997.0,3266.71,2592.44,2322.73,2.5,75,64.0,Consumer Services,DISTRIBUTION,1,IDEAL,OPEN,,,,,57.7,MODERATE,OK
2026-08-07,11:37,Failed_Breakout_Short,Failed Breakout Short,RVNL,SHORT,233.38,233.38,238.35,225.92,223.56,2.0,72,7.0,Construction,DISTRIBUTION,1,IDEAL,TARGET,2026-08-14,225.92,Target 1 Hit,3.2,39.2,WEAK,OK
2026-08-07,14:33,VCP,VCP (Minervini v2),CHOICEIN,BUY,841.15,846.0,784.46,938.31,978.22,2.1,47,97.0,Financial Services,DISTRIBUTION,1,BLOCKED,OPEN,,,,,49.3,WEAK,OK
2026-08-07,14:33,VCP,VCP (Minervini v2),SOLARINDS,BUY,18650.0,19175.67,17726.92,21348.8,22983.81,2.6,38,80.0,Chemicals,DISTRIBUTION,1,BLOCKED,OPEN,,,,,30.8,WEAK,OK
2026-08-07,14:33,EMA21_Bounce,21 EMA Bounce,PFOCUS,BUY,287.6,287.6,275.79,305.32,317.13,2.5,50,53.0,Media Entertainment & Publication,DISTRIBUTION,1,BLOCKED,STOPPED,2026-08-12,275.79,Stop Loss Hit,-4.11,57.1,MODERATE,OK
2026-08-07,14:33,EMA21_Bounce,21 EMA Bounce,CARTRADE,BUY,2793.0,2793.0,2668.7,2979.45,3103.75,2.5,50,100.0,Consumer Services,DISTRIBUTION,1,BLOCKED,OPEN,,,,,52.6,MODERATE,OK
2026-08-07,14:33,EMA21_Bounce,21 EMA Bounce,WELSPUNLIV,BUY,164.09,164.09,156.59,175.34,182.84,2.5,55,89.0,Textiles,DISTRIBUTION,1,BLOCKED,TARGET,2026-08-14,175.34,Target 1 Hit,6.86,51.9,MODERATE,OK
2026-08-07,14:33,EMA21_Bounce,21 EMA Bounce,NYKAA,BUY,332.0,332.0,323.54,348.0,377.86,5.4,50,93.0,Consumer Services,DISTRIBUTION,1,BLOCKED,STOPPED,2026-08-10,323.54,Stop Loss Hit,-2.55,50.7,MODERATE,OK
2026-08-07,14:33,EMA21_Bounce,21 EMA Bounce,PWL,BUY,131.59,131.59,122.51,147.45,157.42,2.8,55,81.0,Consumer Services,DISTRIBUTION,1,BLOCKED,STOPPED,2026-08-13,122.51,Stop Loss Hit,-6.9,49.2,WEAK,OK
2026-08-07,14:33,EMA21_Bounce,21 EMA Bounce,ANANDRATHI,BUY,2101.5,2101.5,2026.22,2214.42,2289.7,2.5,50,81.0,Financial Services,DISTRIBUTION,1,BLOCKED,TARGET,2026-08-12,2214.42,Target 1 Hit,5.37,49.0,WEAK,OK
2026-08-07,14:33,EMA21_Bounce,21 EMA Bounce,BLUEJET,BUY,593.9,593.9,570.24,629.39,630.0,1.5,50,100.0,Healthcare,DISTRIBUTION,1,BLOCKED,OPEN,,,,,48.5,WEAK,OK
2026-08-07,14:33,EMA21_Bounce,21 EMA Bounce,MGL,BUY,1139.6,1139.6,1097.32,1203.02,1203.19,1.5,50,61.0,Oil Gas & Consumable Fuels,DISTRIBUTION,1,BLOCKED,STOPPED,2026-08-11,1097.32,Stop Loss Hit,-3.71,47.4,WEAK,OK
2026-08-07,14:33,EMA21_Bounce,21 EMA Bounce,HFCL,BUY,207.98,207.98,195.4,226.85,239.43,2.5,50,100.0,Telecommunication,DISTRIBUTION,1,BLOCKED,TARGET,2026-08-13,226.85,Target 1 Hit,9.07,46.6,WEAK,OK
2026-08-07,14:33,EMA21_Bounce,21 EMA Bounce,CARBORUNIV,BUY,1097.0,1097.0,1041.22,1180.67,1236.45,2.5,55,56.0,Capital Goods,DISTRIBUTION,1,BLOCKED,TARGET,2026-08-11,1180.67,Target 1 Hit,7.63,45.6,WEAK,OK
2026-08-07,14:33,EMA21_Bounce,21 EMA Bounce,JSWCEMENT,BUY,134.29,134.29,130.76,139.58,143.11,2.5,45,66.0,Construction Materials,DISTRIBUTION,1,BLOCKED,STOPPED,2026-08-11,130.76,Stop Loss Hit,-2.63,45.5,WEAK,OK
2026-08-07,14:33,EMA21_Bounce,21 EMA Bounce,CANHLIFE,BUY,152.19,152.19,144.32,164.0,171.87,2.5,50,66.0,Financial Services,DISTRIBUTION,1,BLOCKED,OPEN,,,,,45.1,WEAK,OK
2026-08-07,14:33,EMA21_Bounce,21 EMA Bounce,KIMS,BUY,811.1,811.1,792.61,838.84,857.33,2.5,50,53.0,Healthcare,DISTRIBUTION,1,BLOCKED,OPEN,,,,,45.0,WEAK,OK
2026-08-07,14:33,EMA21_Bounce,21 EMA Bounce,JSWINFRA,BUY,335.75,335.75,316.97,363.92,382.7,2.5,45,95.0,Services,DISTRIBUTION,1,BLOCKED,OPEN,,,,,44.4,WEAK,OK
2026-08-07,14:33,EMA21_Bounce,21 EMA Bounce,GODREJIND,BUY,1311.5,1311.5,1271.26,1371.86,1372.9,1.5,45,88.0,Diversified,DISTRIBUTION,1,BLOCKED,STOPPED,2026-08-12,1271.26,Stop Loss Hit,-3.07,42.6,WEAK,OK
2026-08-07,14:33,EMA21_Bounce,21 EMA Bounce,HOMEFIRST,BUY,1193.8,1193.8,1162.86,1240.21,1271.15,2.5,45,63.0,Financial Services,DISTRIBUTION,1,BLOCKED,STOPPED,2026-08-14,1162.86,Stop Loss Hit,-2.59,40.8,WEAK,OK
2026-08-07,14:33,EMA21_Bounce,21 EMA Bounce,SOLARINDS,BUY,18650.0,18650.0,18170.07,19369.9,19849.83,2.5,45,80.0,Chemicals,DISTRIBUTION,1,BLOCKED,TARGET,2026-08-13,19369.9,Target 1 Hit,3.86,39.1,WEAK,OK
2026-08-07,14:33,EMA21_Bounce,21 EMA Bounce,SCHNEIDER,BUY,1354.8,1354.8,1313.65,1416.52,1457.67,2.5,50,55.0,Capital Goods,DISTRIBUTION,1,BLOCKED,TARGET,2026-08-10,1416.52,Target 1 Hit,4.56,38.4,WEAK,OK
2026-08-07,14:33,EMA21_Bounce,21 EMA Bounce,MEESHO,BUY,191.35,191.35,181.56,206.03,215.82,2.5,50,44.0,Consumer Services,DISTRIBUTION,1,BLOCKED,OPEN,,,,,34.1,WEAK,OK
2026-08-07,14:33,EMA21_Bounce,21 EMA Bounce,JSWENERGY,BUY,564.4,564.4,551.66,583.51,596.25,2.5,45,62.0,Power,DISTRIBUTION,1,BLOCKED,STOPPED,2026-08-13,551.66,Stop Loss Hit,-2.26,32.2,WEAK,OK
2026-08-07,14:33,EMA21_Bounce,21 EMA Bounce,GRAVITA,BUY,1732.1,1732.1,1676.71,1815.18,1870.57,2.5,45,45.0,Metals & Mining,DISTRIBUTION,1,BLOCKED,TARGET,2026-08-12,1815.18,Target 1 Hit,4.8,27.9,WEAK,OK
2026-08-07,14:33,52WH_Breakout,52-Week High Breakout,TRAVELFOOD,BUY,1428.6,1428.6,1372.95,1512.07,1668.75,4.3,42,94.0,Consumer Services,DISTRIBUTION,1,BLOCKED,STOPPED,2026-08-11,1372.95,Stop Loss Hit,-3.9,45.4,WEAK,OK
2026-08-07,14:33,52WH_Breakout,52-Week High Breakout,TATATECH,BUY,872.8,872.8,791.26,1041.52,1314.53,5.4,37,100.0,Information Technology,DISTRIBUTION,1,BLOCKED,OPEN,,,,,38.1,WEAK,OK
2026-08-07,14:33,52WH_Breakout,52-Week High Breakout,NEULANDLAB,BUY,22855.0,22855.0,22065.76,24038.86,26959.12,5.2,37,100.0,Healthcare,DISTRIBUTION,1,BLOCKED,OPEN,,,,,31.9,WEAK,OK
2026-08-07,14:33,Last30Min_ATH,Near 52W High (EOD),HONASA,BUY,477.6,477.6,465.45,495.83,562.3,7.0,33,100.0,Fast Moving Consumer Goods,DISTRIBUTION,1,BLOCKED,STOPPED,2026-08-11,465.45,Stop Loss Hit,-2.54,46.2,WEAK,OK
2026-08-07,14:33,Last30Min_ATH,Near 52W High (EOD),BHARATFORG,BUY,2265.2,2265.2,2190.4,2539.05,2982.18,8.0,35,77.0,Automobile and Auto Components,DISTRIBUTION,1,BLOCKED,STOPPED,2026-08-10,2190.4,Stop Loss Hit,-3.3,43.4,WEAK,OK
2026-08-07,14:33,Last30Min_ATH,Near 52W High (EOD),TATATECH,BUY,872.8,872.8,797.3,1041.52,1314.53,5.9,39,100.0,Information Technology,DISTRIBUTION,1,BLOCKED,OPEN,,,,,39.5,WEAK,OK
2026-08-07,14:33,Last30Min_ATH,Near 52W High (EOD),BELRISE,BUY,248.21,248.21,244.0,254.53,276.45,6.7,35,79.0,Automobile and Auto Components,DISTRIBUTION,1,BLOCKED,TARGET,2026-08-10,254.53,Target 1 Hit,2.55,37.5,WEAK,OK
2026-08-07,14:33,Last30Min_ATH,Near 52W High (EOD),ASTERDM,BUY,869.7,869.7,836.5,967.59,1125.99,7.7,39,80.0,Healthcare,DISTRIBUTION,1,BLOCKED,STOPPED,2026-08-12,836.5,Stop Loss Hit,-3.82,36.0,WEAK,OK
2026-08-07,14:33,Failed_Breakout_Short,Failed Breakout Short,TATACAP,SHORT,370.3,370.3,393.57,335.4,312.13,2.5,72,87.0,Financial Services,DISTRIBUTION,1,IDEAL,OPEN,,,,,63.1,MODERATE,OK
2026-08-07,14:33,Failed_Breakout_Short,Failed Breakout Short,SWIGGY,SHORT,280.75,280.75,308.95,238.45,210.25,2.5,72,66.0,Consumer Services,DISTRIBUTION,1,IDEAL,OPEN,,,,,57.0,MODERATE,OK
2026-08-07,14:33,Failed_Breakout_Short,Failed Breakout Short,SAILIFE,SHORT,1365.2,1365.2,1462.26,1219.61,1122.55,2.5,75,95.0,Healthcare,DISTRIBUTION,1,IDEAL,STOPPED,2026-08-10,1462.26,Stop Loss Hit,-7.11,56.7,MODERATE,OK
2026-08-07,14:33,Failed_Breakout_Short,Failed Breakout Short,CASTROLIND,SHORT,192.08,192.08,195.77,186.54,182.85,2.5,77,55.0,Oil Gas & Consumable Fuels,DISTRIBUTION,1,IDEAL,TARGET,2026-08-10,186.54,Target 1 Hit,2.88,55.9,MODERATE,OK
2026-08-07,14:33,Failed_Breakout_Short,Failed Breakout Short,AEGISLOG,SHORT,1371.0,1371.0,1520.9,1146.15,996.25,2.5,72,100.0,Oil Gas & Consumable Fuels,DISTRIBUTION,1,IDEAL,OPEN,,,,,54.6,MODERATE,OK
2026-08-07,14:33,Failed_Breakout_Short,Failed Breakout Short,HINDCOPPER,SHORT,536.1,536.1,555.89,506.42,486.63,2.5,77,24.0,Metals & Mining,DISTRIBUTION,1,IDEAL,STOPPED,2026-08-12,555.89,Stop Loss Hit,-3.69,54.3,MODERATE,OK
2026-08-07,14:33,Failed_Breakout_Short,Failed Breakout Short,360ONE,SHORT,1168.1,1168.1,1206.85,1109.97,1071.22,2.5,72,60.0,Financial Services,DISTRIBUTION,1,IDEAL,OPEN,,,,,51.8,MODERATE,OK
2026-08-07,14:33,Failed_Breakout_Short,Failed Breakout Short,PNBHOUSING,SHORT,1143.0,1143.0,1178.08,1090.38,1055.3,2.5,72,60.0,Financial Services,DISTRIBUTION,1,IDEAL,OPEN,,,,,46.2,WEAK,OK
2026-08-07,14:33,Failed_Breakout_Short,Failed Breakout Short,NSLNISP,SHORT,43.84,43.84,45.69,41.07,39.22,2.5,72,42.0,Metals & Mining,DISTRIBUTION,1,IDEAL,STOPPED,2026-08-14,45.69,Stop Loss Hit,-4.22,45.3,WEAK,OK
2026-08-07,14:33,Failed_Breakout_Short,Failed Breakout Short,POONAWALLA,SHORT,480.05,480.05,498.56,452.28,433.77,2.5,72,73.0,Financial Services,DISTRIBUTION,1,IDEAL,STOPPED,2026-08-13,498.56,Stop Loss Hit,-3.86,45.1,WEAK,OK
2026-08-07,14:33,Failed_Breakout_Short,Failed Breakout Short,SCI,SHORT,304.75,304.75,323.06,277.28,258.97,2.5,80,27.0,Services,DISTRIBUTION,1,IDEAL,OPEN,,,,,44.3,WEAK,OK
2026-08-10,11:41,EMA21_Bounce,21 EMA Bounce,ICICIBANK,BUY,1431.8,1431.8,1403.51,1474.24,1502.53,2.5,55,71.0,Financial Services,ACCUMULATION,3,CAUTION,STOPPED,2026-08-14,1403.51,Stop Loss Hit,-1.98,74.7,STRONG,OK
2026-08-10,11:41,EMA21_Bounce,21 EMA Bounce,INDIGO,BUY,5333.5,5333.5,5188.92,5550.37,5694.95,2.5,60,89.0,Services,ACCUMULATION,3,CAUTION,STOPPED,2026-08-18,5188.92,Stop Loss Hit,-2.71,74.5,STRONG,OK
2026-08-10,11:41,EMA21_Bounce,21 EMA Bounce,BAJFINANCE,BUY,1102.2,1102.2,1053.7,1176.4,1254.85,3.1,60,83.0,Financial Services,ACCUMULATION,3,CAUTION,OPEN,,,,,67.1,STRONG,OK
2026-08-10,11:41,EMA21_Bounce,21 EMA Bounce,GODREJPROP,BUY,2108.4,2108.4,2022.26,2237.61,2323.75,2.5,60,84.0,Realty,ACCUMULATION,3,CAUTION,STOPPED,2026-08-12,2022.26,Stop Loss Hit,-4.09,62.2,MODERATE,OK
2026-08-10,11:41,EMA21_Bounce,21 EMA Bounce,NIACL,BUY,179.56,179.56,171.65,191.42,192.75,1.7,60,59.0,Financial Services,ACCUMULATION,3,CAUTION,OPEN,,,,,62.1,MODERATE,OK
2026-08-10,11:41,EMA21_Bounce,21 EMA Bounce,ASIANPAINT,BUY,2750.0,2750.0,2682.4,2851.4,2864.0,1.7,60,52.0,Consumer Durables,ACCUMULATION,3,CAUTION,STOPPED,2026-08-18,2682.4,Stop Loss Hit,-2.46,58.1,MODERATE,OK
2026-08-10,11:41,EMA21_Bounce,21 EMA Bounce,INDUSINDBK,BUY,1027.3,1027.3,998.43,1070.6,1077.85,1.8,60,70.0,Financial Services,ACCUMULATION,3,CAUTION,OPEN,,,,,57.6,MODERATE,OK
2026-08-10,11:41,EMA21_Bounce,21 EMA Bounce,ABCAPITAL,BUY,407.75,407.75,395.01,430.7,452.83,3.5,60,77.0,Financial Services,ACCUMULATION,3,CAUTION,STOPPED,2026-08-17,395.01,Stop Loss Hit,-3.12,56.7,MODERATE,OK
2026-08-10,11:41,EMA21_Bounce,21 EMA Bounce,CIPLA,BUY,1467.7,1467.7,1434.13,1518.05,1551.62,2.5,60,46.0,Healthcare,ACCUMULATION,3,CAUTION,STOPPED,2026-08-17,1434.13,Stop Loss Hit,-2.29,55.6,MODERATE,OK
2026-08-10,11:41,EMA21_Bounce,21 EMA Bounce,BHEL,BUY,409.0,409.0,395.12,429.82,443.7,2.5,60,38.0,Capital Goods,ACCUMULATION,3,CAUTION,TARGET,2026-08-14,429.82,Target 1 Hit,5.09,52.8,MODERATE,OK
2026-08-10,11:41,EMA21_Bounce,21 EMA Bounce,MARICO,BUY,863.5,863.5,843.01,894.24,908.16,2.2,60,48.0,Fast Moving Consumer Goods,ACCUMULATION,3,CAUTION,STOPPED,2026-08-12,843.01,Stop Loss Hit,-2.37,51.9,MODERATE,OK
2026-08-10,11:41,EMA21_Bounce,21 EMA Bounce,METROPOLIS,BUY,572.65,572.65,550.1,606.47,629.02,2.5,60,49.0,Pharma,ACCUMULATION,3,CAUTION,STOPPED,2026-08-12,550.1,Stop Loss Hit,-3.94,50.6,MODERATE,OK
2026-08-10,11:41,52WH_Breakout,52-Week High Breakout,TITAN,BUY,5090.0,5090.0,4955.86,5794.62,6934.78,8.0,67,87.0,Consumer Durables,ACCUMULATION,3,CAUTION,OPEN,,,,,84.9,ELITE,OK
2026-08-10,11:41,52WH_Breakout,52-Week High Breakout,GRASIM,BUY,3380.5,3380.5,3310.85,3694.97,4203.81,8.0,67,70.0,Construction Materials,ACCUMULATION,3,CAUTION,STOPPED,2026-08-11,3310.85,Stop Loss Hit,-2.06,59.5,MODERATE,OK
2026-08-10,11:41,Last30Min_ATH,Near 52W High (EOD),TITAN,BUY,5090.0,5090.0,4886.2,5794.62,6934.78,8.0,64,87.0,Consumer Durables,ACCUMULATION,3,CAUTION,OPEN,,,,,92.9,ELITE,OK
2026-08-10,11:41,Last30Min_ATH,Near 52W High (EOD),BOSCHLTD,BUY,43505.0,43505.0,42620.0,49009.94,57917.61,8.0,60,81.0,Automobile and Auto Components,ACCUMULATION,3,CAUTION,OPEN,,,,,79.9,STRONG,OK
2026-08-10,11:41,Last30Min_ATH,Near 52W High (EOD),GRASIM,BUY,3380.5,3380.5,3290.2,3694.97,4203.81,8.0,64,70.0,Construction Materials,ACCUMULATION,3,CAUTION,STOPPED,2026-08-12,3290.2,Stop Loss Hit,-2.67,67.5,STRONG,OK
2026-08-10,11:41,Failed_Breakout_Short,Failed Breakout Short,SBIN,SHORT,1071.0,1071.0,1131.09,980.87,920.78,2.5,57,62.0,Financial Services,ACCUMULATION,3,CAUTION,OPEN,,,,,55.4,MODERATE,OK
2026-08-10,14:37,VCP,VCP (Minervini v2),CHOICEIN,BUY,844.75,850.0,784.46,948.31,984.69,2.1,82,94.0,Financial Services,ACCUMULATION,3,IDEAL,OPEN,,,,,71.8,STRONG,OK
2026-08-10,14:37,EMA21_Bounce,21 EMA Bounce,CAPLIPOINT,BUY,2623.8,2623.8,2510.95,2793.08,2905.93,2.5,65,100.0,Healthcare,ACCUMULATION,3,CAUTION,STOPPED,2026-08-12,2510.95,Stop Loss Hit,-4.3,74.2,STRONG,OK
2026-08-10,14:37,EMA21_Bounce,21 EMA Bounce,GLAXO,BUY,2601.0,2601.0,2513.4,2732.4,2811.82,2.4,55,60.0,Healthcare,ACCUMULATION,3,CAUTION,TARGET,2026-08-18,2732.4,Target 1 Hit,5.05,68.3,STRONG,OK
2026-08-10,14:37,EMA21_Bounce,21 EMA Bounce,WELSPUNLIV,BUY,164.29,164.29,159.09,172.09,177.29,2.5,60,85.0,Textiles,ACCUMULATION,3,CAUTION,STOPPED,2026-08-11,159.09,Stop Loss Hit,-3.17,63.8,MODERATE,OK
2026-08-10,14:37,EMA21_Bounce,21 EMA Bounce,FIVESTAR,BUY,546.55,546.55,533.88,565.55,578.22,2.5,55,75.0,Financial Services,ACCUMULATION,3,CAUTION,STOPPED,2026-08-13,533.88,Stop Loss Hit,-2.32,62.8,MODERATE,OK
2026-08-10,14:37,EMA21_Bounce,21 EMA Bounce,DELHIVERY,BUY,478.35,478.35,445.13,528.18,561.4,2.5,65,43.0,Services,ACCUMULATION,3,CAUTION,OPEN,,,,,61.2,MODERATE,OK
2026-08-10,14:37,EMA21_Bounce,21 EMA Bounce,ABDL,BUY,624.7,624.7,578.83,693.51,739.38,2.5,60,68.0,Fast Moving Consumer Goods,ACCUMULATION,3,CAUTION,OPEN,,,,,60.5,MODERATE,OK
2026-08-10,14:37,EMA21_Bounce,21 EMA Bounce,CAMS,BUY,789.45,789.45,769.53,819.33,839.25,2.5,60,42.0,Financial Services,ACCUMULATION,3,CAUTION,STOPPED,2026-08-13,769.53,Stop Loss Hit,-2.52,60.5,MODERATE,OK
2026-08-10,14:37,EMA21_Bounce,21 EMA Bounce,VIJAYA,BUY,1392.6,1392.6,1330.08,1486.38,1548.9,2.5,60,55.0,Healthcare,ACCUMULATION,3,CAUTION,TARGET,2026-08-12,1486.38,Target 1 Hit,6.73,60.1,MODERATE,OK
2026-08-10,14:37,EMA21_Bounce,21 EMA Bounce,LTF,BUY,312.85,312.85,301.06,330.54,333.5,1.8,60,64.0,Financial Services,ACCUMULATION,3,CAUTION,OPEN,,,,,59.1,MODERATE,OK
2026-08-10,14:37,EMA21_Bounce,21 EMA Bounce,CREDITACC,BUY,1530.5,1530.5,1483.72,1608.1,1614.0,1.8,60,69.0,Financial Services,ACCUMULATION,3,CAUTION,OPEN,,,,,58.1,MODERATE,OK
2026-08-10,14:37,EMA21_Bounce,21 EMA Bounce,DATAPATTNS,BUY,4429.7,4429.7,4251.39,4697.16,4702.15,1.5,60,61.0,Capital Goods,ACCUMULATION,3,CAUTION,TARGET,2026-08-18,4697.16,Target 1 Hit,6.04,56.9,MODERATE,OK
2026-08-10,14:37,EMA21_Bounce,21 EMA Bounce,PCBL,BUY,323.4,323.4,310.37,342.94,355.97,2.5,60,71.0,Chemicals,ACCUMULATION,3,CAUTION,STOPPED,2026-08-14,310.37,Stop Loss Hit,-4.03,55.2,MODERATE,OK
2026-08-10,14:37,EMA21_Bounce,21 EMA Bounce,KIMS,BUY,819.5,819.5,793.63,858.3,884.17,2.5,55,51.0,Healthcare,ACCUMULATION,3,CAUTION,OPEN,,,,,53.9,MODERATE,OK
2026-08-10,14:37,EMA21_Bounce,21 EMA Bounce,JUBLINGREA,BUY,741.85,741.85,716.4,780.03,805.48,2.5,60,45.0,Chemicals,ACCUMULATION,3,CAUTION,STOPPED,2026-08-12,716.4,Stop Loss Hit,-3.43,53.8,MODERATE,OK
2026-08-10,14:37,EMA21_Bounce,21 EMA Bounce,NIVABUPA,BUY,86.39,86.39,83.55,90.65,93.49,2.5,60,48.0,Financial Services,ACCUMULATION,3,CAUTION,STOPPED,2026-08-12,83.55,Stop Loss Hit,-3.29,53.5,MODERATE,OK
2026-08-10,14:37,EMA21_Bounce,21 EMA Bounce,SOLARINDS,BUY,18820.0,18820.0,18232.6,19701.1,20054.73,2.1,60,78.0,Chemicals,ACCUMULATION,3,CAUTION,TARGET,2026-08-13,19701.1,Target 1 Hit,4.68,53.5,MODERATE,OK
2026-08-10,14:37,EMA21_Bounce,21 EMA Bounce,CUB,BUY,216.42,216.42,208.42,229.33,229.67,1.7,55,76.0,Financial Services,ACCUMULATION,3,CAUTION,STOPPED,2026-08-13,208.42,Stop Loss Hit,-3.7,52.1,MODERATE,OK
2026-08-10,14:37,EMA21_Bounce,21 EMA Bounce,MEESHO,BUY,191.98,191.98,183.67,204.44,212.75,2.5,60,40.0,Consumer Services,ACCUMULATION,3,CAUTION,OPEN,,,,,51.3,MODERATE,OK
2026-08-10,14:37,52WH_Breakout,52-Week High Breakout,PAYTM,BUY,1584.1,1584.1,1433.29,1936.42,2506.52,6.1,62,100.0,Financial Services,ACCUMULATION,3,CAUTION,OPEN,,,,,78.1,STRONG,OK
2026-08-10,14:37,52WH_Breakout,52-Week High Breakout,MINDACORP,BUY,736.1,736.1,724.63,753.3,877.44,8.0,67,100.0,Automobile and Auto Components,ACCUMULATION,3,CAUTION,STOPPED,2026-08-11,724.63,Stop Loss Hit,-1.56,75.4,STRONG,OK
2026-08-10,14:37,52WH_Breakout,52-Week High Breakout,GLAND,BUY,2667.3,2667.3,2594.89,3058.68,3691.98,8.0,57,100.0,Healthcare,ACCUMULATION,3,CAUTION,OPEN,,,,,72.4,STRONG,OK
2026-08-10,14:37,52WH_Breakout,52-Week High Breakout,SYRMA,BUY,1516.4,1516.4,1438.11,1861.86,2420.86,8.0,62,100.0,Capital Goods,ACCUMULATION,3,CAUTION,OPEN,,,,,70.9,STRONG,OK
2026-08-10,14:37,52WH_Breakout,52-Week High Breakout,BELRISE,BUY,252.77,252.77,246.71,261.86,282.54,4.9,57,81.0,Automobile and Auto Components,ACCUMULATION,3,CAUTION,TARGET,2026-08-12,261.86,Target 1 Hit,3.6,69.2,STRONG,OK
2026-08-10,14:37,Last30Min_ATH,Near 52W High (EOD),LENSKART,BUY,586.15,586.15,566.1,651.5,757.25,8.0,60,87.0,Consumer Services,ACCUMULATION,3,CAUTION,OPEN,,,,,89.1,ELITE,OK
2026-08-10,14:37,Last30Min_ATH,Near 52W High (EOD),PAYTM,BUY,1584.1,1584.1,1445.0,1936.42,2506.52,6.6,64,100.0,Financial Services,ACCUMULATION,3,CAUTION,OPEN,,,,,86.1,ELITE,OK
2026-08-10,14:37,Last30Min_ATH,Near 52W High (EOD),GLAND,BUY,2667.3,2667.3,2610.1,3058.68,3691.98,8.0,64,100.0,Healthcare,ACCUMULATION,3,CAUTION,OPEN,,,,,80.4,ELITE,OK
2026-08-10,14:37,Last30Min_ATH,Near 52W High (EOD),ANANDRATHI,BUY,2131.5,2131.5,2090.0,2193.75,2391.62,6.3,58,80.0,Financial Services,ACCUMULATION,3,CAUTION,TARGET,2026-08-12,2193.75,Target 1 Hit,2.92,80.0,ELITE,OK
2026-08-10,14:37,Last30Min_ATH,Near 52W High (EOD),SYRMA,BUY,1516.4,1516.4,1427.5,1861.86,2420.86,8.0,64,100.0,Capital Goods,ACCUMULATION,3,CAUTION,OPEN,,,,,78.9,STRONG,OK
2026-08-10,14:37,Last30Min_ATH,Near 52W High (EOD),MEDANTA,BUY,1476.2,1476.2,1457.3,1504.55,1675.94,8.0,60,87.0,Healthcare,ACCUMULATION,3,CAUTION,STOPPED,2026-08-11,1457.3,Stop Loss Hit,-1.28,78.6,STRONG,OK
2026-08-10,14:37,Last30Min_ATH,Near 52W High (EOD),JINDALSAW,BUY,279.05,279.05,271.0,319.24,384.28,8.0,60,81.0,Capital Goods,ACCUMULATION,3,CAUTION,STOPPED,2026-08-12,271.0,Stop Loss Hit,-2.88,69.4,STRONG,OK
2026-08-10,14:37,Failed_Breakout_Short,Failed Breakout Short,LLOYDSME,SHORT,2052.8,2052.8,2145.46,1913.81,1821.15,2.5,57,73.0,Metals & Mining,ACCUMULATION,3,CAUTION,TARGET,2026-08-12,1913.81,Target 1 Hit,6.77,46.3,WEAK,OK
2026-08-10,14:37,Failed_Breakout_Short,Failed Breakout Short,BHARATFORG,SHORT,2093.1,2093.1,2312.58,1763.88,1544.4,2.5,60,55.0,Automobile and Auto Components,ACCUMULATION,3,CAUTION,OPEN,,,,,41.4,WEAK,OK
2026-08-10,14:37,Failed_Breakout_Short,Failed Breakout Short,ASTERDM,SHORT,867.15,867.15,899.78,818.2,785.57,2.5,62,72.0,Healthcare,ACCUMULATION,3,CAUTION,TARGET,2026-08-17,818.2,Target 1 Hit,5.64,40.1,WEAK,OK
2026-08-11,11:36,EMA21_Bounce,21 EMA Bounce,AUBANK,BUY,1070.9,1070.9,1032.96,1127.81,1165.75,2.5,55,57.0,Financial Services,ACCUMULATION,3,CAUTION,OPEN,,,,,66.5,STRONG,OK
2026-08-11,11:36,EMA21_Bounce,21 EMA Bounce,STARHEALTH,BUY,584.7,584.7,558.12,624.57,651.15,2.5,60,74.0,Financial Services,ACCUMULATION,3,CAUTION,OPEN,,,,,59.5,MODERATE,OK
2026-08-11,11:36,EMA21_Bounce,21 EMA Bounce,GAIL,BUY,175.34,175.34,168.84,185.09,191.59,2.5,60,57.0,Oil Gas & Consumable Fuels,ACCUMULATION,3,CAUTION,OPEN,,,,,57.6,MODERATE,OK
2026-08-11,11:36,EMA21_Bounce,21 EMA Bounce,SCHAEFFLER,BUY,4151.3,4151.3,4006.84,4367.99,4512.45,2.5,60,47.0,Automobile and Auto Components,ACCUMULATION,3,CAUTION,OPEN,,,,,56.2,MODERATE,OK
2026-08-11,11:36,EMA21_Bounce,21 EMA Bounce,SAIL,BUY,173.0,173.0,166.39,182.92,189.53,2.5,55,21.0,Metals & Mining,ACCUMULATION,3,CAUTION,STOPPED,2026-08-14,166.39,Stop Loss Hit,-3.82,54.3,MODERATE,OK
2026-08-11,11:36,EMA21_Bounce,21 EMA Bounce,GLENMARK,BUY,2276.0,2276.0,2213.11,2370.34,2433.23,2.5,55,37.0,Healthcare,ACCUMULATION,3,CAUTION,OPEN,,,,,48.5,WEAK,OK
2026-08-11,11:36,52WH_Breakout,52-Week High Breakout,TITAN,BUY,5128.0,5128.0,5072.35,5856.1,7034.26,8.0,62,88.0,Consumer Durables,ACCUMULATION,3,CAUTION,STOPPED,2026-08-12,5072.35,Stop Loss Hit,-1.09,82.6,ELITE,OK
2026-08-11,11:36,52WH_Breakout,52-Week High Breakout,BOSCHLTD,BUY,45185.0,45185.0,43063.38,48367.43,51728.18,3.1,62,82.0,Automobile and Auto Components,ACCUMULATION,3,CAUTION,TARGET,2026-08-18,48367.43,Target 1 Hit,7.04,73.8,STRONG,OK
2026-08-11,11:36,52WH_Breakout,52-Week High Breakout,ZYDUSLIFE,BUY,1191.0,1191.0,1155.31,1244.54,1291.04,2.8,67,77.0,Healthcare,ACCUMULATION,3,CAUTION,STOPPED,2026-08-12,1155.31,Stop Loss Hit,-3.0,63.5,MODERATE,OK
2026-08-11,11:36,Last30Min_ATH,Near 52W High (EOD),TITAN,BUY,5128.0,5128.0,5090.0,5856.1,7034.26,8.0,64,88.0,Consumer Durables,ACCUMULATION,3,CAUTION,STOPPED,2026-08-12,5090.0,Stop Loss Hit,-0.74,90.6,ELITE,OK
2026-08-11,11:36,Last30Min_ATH,Near 52W High (EOD),SIEMENS,BUY,4011.0,4011.0,3854.6,4245.6,4400.04,2.5,64,66.0,Capital Goods,ACCUMULATION,3,CAUTION,OPEN,,,,,82.7,ELITE,OK
2026-08-11,11:36,Failed_Breakout_Short,Failed Breakout Short,GRASIM,SHORT,3322.2,3322.2,3435.51,3152.23,3038.92,2.5,57,68.0,Construction Materials,ACCUMULATION,3,CAUTION,OPEN,,,,,45.2,WEAK,OK
2026-08-11,11:36,Failed_Breakout_Short,Failed Breakout Short,RAMCOCEM,SHORT,934.05,934.05,996.99,839.64,776.7,2.5,57,45.0,Construction Materials,ACCUMULATION,3,CAUTION,OPEN,,,,,42.7,WEAK,OK
2026-08-11,11:36,Failed_Breakout_Short,Failed Breakout Short,VEDL,SHORT,275.0,275.0,288.51,254.74,241.23,2.5,57,7.0,Metals & Mining,ACCUMULATION,3,CAUTION,OPEN,,,,,40.6,WEAK,OK
2026-08-11,14:36,EMA21_Bounce,21 EMA Bounce,KAJARIACER,BUY,1225.6,1225.6,1170.2,1308.7,1364.1,2.5,65,71.0,Consumer Durables,ACCUMULATION,3,CAUTION,OPEN,,,,,73.8,STRONG,OK
2026-08-11,14:36,EMA21_Bounce,21 EMA Bounce,KARURVYSYA,BUY,334.2,334.2,325.24,347.64,356.6,2.5,60,66.0,Financial Services,ACCUMULATION,3,CAUTION,OPEN,,,,,69.1,STRONG,OK
2026-08-11,14:36,EMA21_Bounce,21 EMA Bounce,ANANTRAJ,BUY,606.25,606.25,587.27,634.72,653.7,2.5,60,90.0,Realty,ACCUMULATION,3,CAUTION,OPEN,,,,,68.6,STRONG,OK
2026-08-11,14:36,EMA21_Bounce,21 EMA Bounce,BLUEJET,BUY,590.7,590.7,572.85,617.48,635.33,2.5,60,100.0,Healthcare,ACCUMULATION,3,CAUTION,OPEN,,,,,67.1,STRONG,OK
2026-08-11,14:36,EMA21_Bounce,21 EMA Bounce,MGL,BUY,1134.3,1134.3,1098.01,1188.73,1194.62,1.7,55,50.0,Oil Gas & Consumable Fuels,ACCUMULATION,3,CAUTION,STOPPED,2026-08-12,1098.01,Stop Loss Hit,-3.2,63.5,MODERATE,OK
2026-08-11,14:36,EMA21_Bounce,21 EMA Bounce,KPIL,BUY,1347.7,1347.7,1285.71,1440.68,1502.67,2.5,65,57.0,Construction,ACCUMULATION,3,CAUTION,TARGET,2026-08-12,1440.68,Target 1 Hit,6.9,63.4,MODERATE,OK
2026-08-11,14:36,EMA21_Bounce,21 EMA Bounce,CGCL,BUY,235.46,235.46,226.11,249.48,258.9,2.5,55,95.0,Financial Services,ACCUMULATION,3,CAUTION,STOPPED,2026-08-14,226.11,Stop Loss Hit,-3.97,63.2,MODERATE,OK
2026-08-11,14:36,EMA21_Bounce,21 EMA Bounce,LTF,BUY,315.4,315.4,306.14,329.29,333.5,2.0,60,68.0,Financial Services,ACCUMULATION,3,CAUTION,STOPPED,2026-08-14,306.14,Stop Loss Hit,-2.94,63.0,MODERATE,OK
2026-08-11,14:36,EMA21_Bounce,21 EMA Bounce,OLECTRA,BUY,1391.6,1391.6,1352.29,1450.56,1468.0,1.9,60,66.0,Automobile and Auto Components,ACCUMULATION,3,CAUTION,STOPPED,2026-08-14,1352.29,Stop Loss Hit,-2.82,61.6,MODERATE,OK
2026-08-11,14:36,EMA21_Bounce,21 EMA Bounce,360ONE,BUY,1168.0,1168.0,1127.43,1228.86,1229.07,1.5,55,55.0,Financial Services,ACCUMULATION,3,CAUTION,OPEN,,,,,60.5,MODERATE,OK
2026-08-11,14:36,EMA21_Bounce,21 EMA Bounce,CREDITACC,BUY,1540.3,1540.3,1497.95,1608.1,1614.0,1.7,60,75.0,Financial Services,ACCUMULATION,3,CAUTION,OPEN,,,,,59.0,MODERATE,OK
2026-08-11,14:36,EMA21_Bounce,21 EMA Bounce,IPCALAB,BUY,1748.4,1748.4,1655.72,1887.42,1980.1,2.5,60,60.0,Healthcare,ACCUMULATION,3,CAUTION,TARGET,2026-08-13,1887.42,Target 1 Hit,7.95,58.7,MODERATE,OK
2026-08-11,14:36,EMA21_Bounce,21 EMA Bounce,GRANULES,BUY,861.0,861.0,834.29,901.06,902.62,1.6,60,75.0,Healthcare,ACCUMULATION,3,CAUTION,OPEN,,,,,58.3,MODERATE,OK
2026-08-11,14:36,EMA21_Bounce,21 EMA Bounce,LGEINDIA,BUY,1566.5,1566.5,1529.94,1621.34,1657.9,2.5,65,39.0,Consumer Durables,ACCUMULATION,3,CAUTION,TARGET,2026-08-14,1621.34,Target 1 Hit,3.5,55.7,MODERATE,OK
2026-08-11,14:36,EMA21_Bounce,21 EMA Bounce,CAMS,BUY,788.0,788.0,773.58,809.63,824.05,2.5,60,43.0,Financial Services,ACCUMULATION,3,CAUTION,STOPPED,2026-08-12,773.58,Stop Loss Hit,-1.83,55.2,MODERATE,OK
2026-08-11,14:36,52WH_Breakout,52-Week High Breakout,CHENNPETRO,BUY,1426.1,1426.1,1259.66,1675.76,1729.41,1.8,67,100.0,Oil Gas & Consumable Fuels,ACCUMULATION,3,CAUTION,OPEN,,,,,77.4,STRONG,OK
2026-08-11,14:36,52WH_Breakout,52-Week High Breakout,GLAND,BUY,2924.4,2924.4,2619.81,3381.29,3402.02,1.6,67,100.0,Healthcare,ACCUMULATION,3,CAUTION,OPEN,,,,,72.4,STRONG,OK
2026-08-11,14:36,52WH_Breakout,52-Week High Breakout,ANTHEM,BUY,891.65,891.65,852.94,990.31,1149.96,6.7,62,69.0,Healthcare,ACCUMULATION,3,CAUTION,OPEN,,,,,62.2,MODERATE,OK
2026-08-11,14:36,52WH_Breakout,52-Week High Breakout,FINCABLES,BUY,1207.85,1207.85,1047.94,1447.71,1607.62,2.5,67,71.0,Capital Goods,ACCUMULATION,3,CAUTION,OPEN,,,,,57.5,MODERATE,OK
2026-08-11,14:36,Last30Min_ATH,Near 52W High (EOD),ANANDRATHI,BUY,2158.0,2158.0,2117.2,2434.49,2881.89,8.0,60,82.0,Financial Services,ACCUMULATION,3,CAUTION,OPEN,,,,,81.9,ELITE,OK
2026-08-11,14:36,Last30Min_ATH,Near 52W High (EOD),ANTHEM,BUY,891.65,891.65,852.5,990.31,1149.96,6.6,64,69.0,Healthcare,ACCUMULATION,3,CAUTION,OPEN,,,,,70.2,STRONG,OK
2026-08-11,14:36,Failed_Breakout_Short,Failed Breakout Short,CHOICEIN,SHORT,822.4,822.4,859.18,767.23,730.45,2.5,57,89.0,Financial Services,ACCUMULATION,3,CAUTION,OPEN,,,,,54.1,MODERATE,OK
2026-08-11,14:36,Failed_Breakout_Short,Failed Breakout Short,LLOYDSME,SHORT,1986.2,1986.2,2145.84,1746.74,1587.1,2.5,60,70.0,Metals & Mining,ACCUMULATION,3,CAUTION,OPEN,,,,,48.4,WEAK,OK
2026-08-11,14:36,Failed_Breakout_Short,Failed Breakout Short,HONASA,SHORT,467.3,467.3,490.93,431.86,408.23,2.5,57,100.0,Fast Moving Consumer Goods,ACCUMULATION,3,CAUTION,STOPPED,2026-08-14,490.93,Stop Loss Hit,-5.06,47.1,WEAK,OK
2026-08-11,14:36,Failed_Breakout_Short,Failed Breakout Short,MINDACORP,SHORT,721.45,721.45,757.84,666.86,630.47,2.5,62,100.0,Automobile and Auto Components,ACCUMULATION,3,CAUTION,STOPPED,2026-08-13,757.84,Stop Loss Hit,-5.04,47.1,WEAK,OK
2026-08-11,14:36,Failed_Breakout_Short,Failed Breakout Short,INDGN,SHORT,567.6,567.6,590.34,533.49,510.75,2.5,62,62.0,Healthcare,ACCUMULATION,3,CAUTION,OPEN,,,,,46.7,WEAK,OK
2026-08-11,14:36,Failed_Breakout_Short,Failed Breakout Short,RHIM,SHORT,415.55,415.55,437.08,383.26,361.73,2.5,60,55.0,Capital Goods,ACCUMULATION,3,CAUTION,TARGET,2026-08-13,383.26,Target 1 Hit,7.77,45.3,WEAK,OK
2026-08-11,14:36,Failed_Breakout_Short,Failed Breakout Short,JSWENERGY,SHORT,563.0,563.0,586.83,527.25,503.42,2.5,57,60.0,Power,ACCUMULATION,3,CAUTION,OPEN,,,,,42.4,WEAK,OK
2026-08-11,14:36,Failed_Breakout_Short,Failed Breakout Short,BHARATFORG,SHORT,2051.0,2051.0,2314.31,1656.04,1392.73,2.5,60,56.0,Automobile and Auto Components,ACCUMULATION,3,CAUTION,OPEN,,,,,39.1,WEAK,OK
2026-08-11,14:36,Failed_Breakout_Short,Failed Breakout Short,ENGINERSIN,SHORT,242.99,242.99,251.82,229.75,220.92,2.5,62,38.0,Construction,ACCUMULATION,3,CAUTION,STOPPED,2026-08-14,251.82,Stop Loss Hit,-3.63,38.3,WEAK,OK
2026-08-11,14:36,Failed_Breakout_Short,Failed Breakout Short,HINDZINC,SHORT,586.65,586.65,612.99,541.41,534.45,2.0,62,25.0,Metals & Mining,ACCUMULATION,3,CAUTION,OPEN,,,,,38.2,WEAK,OK
2026-08-11,14:36,Failed_Breakout_Short,Failed Breakout Short,ASTERDM,SHORT,854.9,854.9,899.92,787.37,742.35,2.5,62,68.0,Healthcare,ACCUMULATION,3,CAUTION,OPEN,,,,,37.5,WEAK,OK
2026-08-12,11:38,EMA21_Bounce,21 EMA Bounce,INDIGO,BUY,5333.0,5333.0,5164.86,5585.21,5753.35,2.5,55,93.0,Services,ACCUMULATION,3,CAUTION,STOPPED,2026-08-18,5164.86,Stop Loss Hit,-3.15,74.5,STRONG,OK
2026-08-12,11:38,EMA21_Bounce,21 EMA Bounce,FEDERALBNK,BUY,356.85,356.85,348.49,371.7,402.46,5.5,60,95.0,Financial Services,ACCUMULATION,3,CAUTION,OPEN,,,,,74.4,STRONG,OK
2026-08-12,11:38,EMA21_Bounce,21 EMA Bounce,IDFCFIRSTB,BUY,85.8,85.8,82.44,90.84,97.1,3.4,55,98.0,Financial Services,ACCUMULATION,3,CAUTION,OPEN,,,,,72.1,STRONG,OK
2026-08-12,11:38,EMA21_Bounce,21 EMA Bounce,ICICIBANK,BUY,1431.7,1431.7,1406.92,1468.87,1493.65,2.5,60,74.0,Financial Services,ACCUMULATION,3,CAUTION,STOPPED,2026-08-13,1406.92,Stop Loss Hit,-1.73,71.7,STRONG,OK
2026-08-12,11:38,EMA21_Bounce,21 EMA Bounce,BAJFINANCE,BUY,1094.2,1094.2,1063.21,1176.4,1241.91,4.8,60,83.0,Financial Services,ACCUMULATION,3,CAUTION,OPEN,,,,,68.6,STRONG,OK
2026-08-12,11:38,EMA21_Bounce,21 EMA Bounce,ABCAPITAL,BUY,410.95,410.95,397.37,431.32,458.01,3.5,55,78.0,Financial Services,ACCUMULATION,3,CAUTION,STOPPED,2026-08-17,397.37,Stop Loss Hit,-3.3,62.2,MODERATE,OK
2026-08-12,11:38,EMA21_Bounce,21 EMA Bounce,PETRONET,BUY,279.85,279.85,274.14,288.42,294.13,2.5,55,57.0,Oil Gas & Consumable Fuels,ACCUMULATION,3,CAUTION,STOPPED,2026-08-13,274.14,Stop Loss Hit,-2.04,61.9,MODERATE,OK
2026-08-12,11:38,EMA21_Bounce,21 EMA Bounce,BHEL,BUY,420.0,420.0,397.85,453.22,475.37,2.5,60,57.0,Capital Goods,ACCUMULATION,3,CAUTION,OPEN,,,,,59.5,MODERATE,OK
2026-08-12,11:38,EMA21_Bounce,21 EMA Bounce,NESTLEIND,BUY,1507.0,1507.0,1473.6,1557.1,1590.5,2.5,55,55.0,Fast Moving Consumer Goods,ACCUMULATION,3,CAUTION,STOPPED,2026-08-17,1473.6,Stop Loss Hit,-2.22,59.2,MODERATE,OK
2026-08-12,11:38,EMA21_Bounce,21 EMA Bounce,INDUSINDBK,BUY,1017.5,1017.5,996.82,1048.52,1069.2,2.5,60,72.0,Financial Services,ACCUMULATION,3,CAUTION,OPEN,,,,,57.8,MODERATE,OK
2026-08-12,11:38,EMA21_Bounce,21 EMA Bounce,CIPLA,BUY,1463.0,1463.0,1439.01,1498.98,1522.97,2.5,55,51.0,Healthcare,ACCUMULATION,3,CAUTION,STOPPED,2026-08-17,1439.01,Stop Loss Hit,-1.64,55.4,MODERATE,OK
2026-08-12,11:38,EMA21_Bounce,21 EMA Bounce,GAIL,BUY,177.95,177.95,170.94,188.46,194.35,2.3,60,66.0,Oil Gas & Consumable Fuels,ACCUMULATION,3,CAUTION,OPEN,,,,,55.3,MODERATE,OK
2026-08-12,11:38,EMA21_Bounce,21 EMA Bounce,SAIL,BUY,174.0,174.0,167.67,183.5,189.83,2.5,55,24.0,Metals & Mining,ACCUMULATION,3,CAUTION,STOPPED,2026-08-13,167.67,Stop Loss Hit,-3.64,55.1,MODERATE,OK
2026-08-12,11:38,EMA21_Bounce,21 EMA Bounce,NAM-INDIA,BUY,1182.3,1182.3,1152.86,1226.46,1232.8,1.7,55,64.0,Financial Services,ACCUMULATION,3,CAUTION,OPEN,,,,,54.4,MODERATE,OK
2026-08-12,11:38,EMA21_Bounce,21 EMA Bounce,ASIANPAINT,BUY,2740.0,2740.0,2666.73,2849.9,2923.17,2.5,55,55.0,Consumer Durables,ACCUMULATION,3,CAUTION,STOPPED,2026-08-18,2666.73,Stop Loss Hit,-2.67,53.9,MODERATE,OK
2026-08-12,11:38,52WH_Breakout,52-Week High Breakout,BOSCHLTD,BUY,46480.0,46480.0,45168.84,53823.49,65706.16,8.0,62,96.0,Automobile and Auto Components,ACCUMULATION,3,CAUTION,OPEN,,,,,77.2,STRONG,OK
2026-08-12,11:38,52WH_Breakout,52-Week High Breakout,HAL,BUY,4995.0,4995.0,4919.58,5108.13,5517.95,6.9,67,71.0,Capital Goods,ACCUMULATION,3,CAUTION,STOPPED,2026-08-13,4919.58,Stop Loss Hit,-1.51,65.7,STRONG,OK
2026-08-12,11:38,Last30Min_ATH,Near 52W High (EOD),BOSCHLTD,BUY,46480.0,46480.0,45040.0,53823.49,65706.16,8.0,64,96.0,Automobile and Auto Components,ACCUMULATION,3,CAUTION,OPEN,,,,,85.2,ELITE,OK
2026-08-12,11:38,Last30Min_ATH,Near 52W High (EOD),PIDILITIND,BUY,1701.5,1701.5,1679.0,1875.6,2157.33,8.0,60,80.0,Chemicals,ACCUMULATION,3,CAUTION,STOPPED,2026-08-17,1679.0,Stop Loss Hit,-1.32,75.8,STRONG,OK
2026-08-12,11:38,Last30Min_ATH,Near 52W High (EOD),ZYDUSLIFE,BUY,1205.0,1205.0,1151.0,1313.69,1489.57,5.3,64,87.0,Healthcare,ACCUMULATION,3,CAUTION,STOPPED,2026-08-14,1151.0,Stop Loss Hit,-4.48,68.9,STRONG,OK
2026-08-12,11:38,Failed_Breakout_Short,Failed Breakout Short,TITAN,SHORT,5099.0,5099.0,5199.97,4947.54,4846.57,2.5,62,89.0,Consumer Durables,ACCUMULATION,3,CAUTION,OPEN,,,,,52.1,MODERATE,OK
2026-08-12,14:37,EMA21_Bounce,21 EMA Bounce,ANANTRAJ,BUY,614.65,614.65,590.55,650.8,674.9,2.5,45,100.0,Realty,DISTRIBUTION,1,BLOCKED,OPEN,,,,,54.3,MODERATE,OK
2026-08-12,14:37,EMA21_Bounce,21 EMA Bounce,GLAXO,BUY,2620.2,2620.2,2522.59,2766.61,2811.82,2.0,45,67.0,Healthcare,DISTRIBUTION,1,BLOCKED,TARGET,2026-08-18,2766.61,Target 1 Hit,5.59,53.9,MODERATE,OK
2026-08-12,14:37,EMA21_Bounce,21 EMA Bounce,KARURVYSYA,BUY,338.8,338.8,326.05,357.92,370.67,2.5,50,73.0,Financial Services,DISTRIBUTION,1,BLOCKED,OPEN,,,,,52.6,MODERATE,OK
2026-08-12,14:37,EMA21_Bounce,21 EMA Bounce,SPLPETRO,BUY,725.65,725.65,672.23,805.78,859.2,2.5,55,58.0,Chemicals,DISTRIBUTION,1,BLOCKED,OPEN,,,,,51.6,MODERATE,OK
2026-08-12,14:37,EMA21_Bounce,21 EMA Bounce,ACMESOLAR,BUY,372.6,372.6,360.76,391.05,397.5,2.1,50,100.0,Power,DISTRIBUTION,1,BLOCKED,OPEN,,,,,51.2,MODERATE,OK
2026-08-12,14:37,EMA21_Bounce,21 EMA Bounce,FIVESTAR,BUY,554.4,554.4,536.39,581.42,599.43,2.5,45,87.0,Financial Services,DISTRIBUTION,1,BLOCKED,STOPPED,2026-08-13,536.39,Stop Loss Hit,-3.25,50.7,MODERATE,OK
2026-08-12,14:37,EMA21_Bounce,21 EMA Bounce,WELSPUNLIV,BUY,165.23,165.23,156.42,178.44,187.25,2.5,55,91.0,Textiles,DISTRIBUTION,1,BLOCKED,TARGET,2026-08-18,178.44,Target 1 Hit,7.99,50.0,MODERATE,OK
2026-08-12,14:37,EMA21_Bounce,21 EMA Bounce,URBANCO,BUY,139.05,139.05,133.83,152.18,152.21,2.5,45,75.0,Consumer Services,DISTRIBUTION,1,BLOCKED,OPEN,,,,,48.8,WEAK,OK
2026-08-12,14:37,EMA21_Bounce,21 EMA Bounce,NYKAA,BUY,328.05,328.05,317.46,343.94,354.53,2.5,50,85.0,Consumer Services,DISTRIBUTION,1,BLOCKED,OPEN,,,,,48.2,WEAK,OK
2026-08-12,14:37,EMA21_Bounce,21 EMA Bounce,LTF,BUY,317.2,317.2,305.43,334.85,346.62,2.5,45,73.0,Financial Services,DISTRIBUTION,1,BLOCKED,STOPPED,2026-08-17,305.43,Stop Loss Hit,-3.71,47.5,WEAK,OK
2026-08-12,14:37,EMA21_Bounce,21 EMA Bounce,360ONE,BUY,1161.0,1161.0,1123.7,1216.95,1229.07,1.8,45,55.0,Financial Services,DISTRIBUTION,1,BLOCKED,OPEN,,,,,45.9,WEAK,OK
2026-08-12,14:37,EMA21_Bounce,21 EMA Bounce,CREDITACC,BUY,1545.4,1545.4,1510.47,1608.1,1614.0,2.0,50,83.0,Financial Services,DISTRIBUTION,1,BLOCKED,OPEN,,,,,42.5,WEAK,OK
2026-08-12,14:37,EMA21_Bounce,21 EMA Bounce,DATAPATTNS,BUY,4491.0,4491.0,4308.27,4765.09,4947.82,2.5,50,85.0,Capital Goods,DISTRIBUTION,1,BLOCKED,OPEN,,,,,42.1,WEAK,OK
2026-08-12,14:37,EMA21_Bounce,21 EMA Bounce,IPCALAB,BUY,1766.6,1766.6,1716.52,1841.72,1891.8,2.5,50,80.0,Healthcare,DISTRIBUTION,1,BLOCKED,TARGET,2026-08-13,1841.72,Target 1 Hit,4.25,42.1,WEAK,OK
2026-08-12,14:37,EMA21_Bounce,21 EMA Bounce,GRANULES,BUY,864.8,864.8,836.92,906.62,934.5,2.5,50,80.0,Healthcare,DISTRIBUTION,1,BLOCKED,OPEN,,,,,41.4,WEAK,OK
2026-08-12,14:37,EMA21_Bounce,21 EMA Bounce,CUB,BUY,215.85,215.85,207.89,229.33,229.67,1.7,50,80.0,Financial Services,DISTRIBUTION,1,BLOCKED,STOPPED,2026-08-13,207.89,Stop Loss Hit,-3.69,40.9,WEAK,OK
2026-08-12,14:37,EMA21_Bounce,21 EMA Bounce,LGEINDIA,BUY,1578.8,1578.8,1537.41,1650.74,1705.2,3.1,50,45.0,Consumer Durables,DISTRIBUTION,1,BLOCKED,TARGET,2026-08-14,1650.74,Target 1 Hit,4.56,37.7,WEAK,OK
2026-08-12,14:37,EMA21_Bounce,21 EMA Bounce,NAVA,BUY,589.2,589.2,559.14,634.29,664.35,2.5,55,16.0,Power,DISTRIBUTION,1,BLOCKED,STOPPED,2026-08-17,559.14,Stop Loss Hit,-5.1,32.1,WEAK,OK
2026-08-12,14:37,EMA21_Bounce,21 EMA Bounce,SCI,BUY,298.8,298.8,288.14,320.0,321.05,2.1,45,28.0,Services,DISTRIBUTION,1,BLOCKED,STOPPED,2026-08-17,288.14,Stop Loss Hit,-3.57,28.3,WEAK,OK
2026-08-12,14:37,52WH_Breakout,52-Week High Breakout,ANANDRATHI,BUY,2189.0,2189.0,2136.93,2267.11,2484.65,5.7,37,90.0,Financial Services,DISTRIBUTION,1,BLOCKED,OPEN,,,,,49.9,WEAK,OK
2026-08-12,14:37,52WH_Breakout,52-Week High Breakout,BELRISE,BUY,261.35,261.35,254.29,271.94,296.42,5.0,37,98.0,Automobile and Auto Components,DISTRIBUTION,1,BLOCKED,STOPPED,2026-08-13,254.29,Stop Loss Hit,-2.7,48.0,WEAK,OK
2026-08-12,14:37,52WH_Breakout,52-Week High Breakout,APARINDS,BUY,18000.0,18000.0,16641.43,20037.86,21620.86,2.7,37,100.0,Capital Goods,DISTRIBUTION,1,BLOCKED,STOPPED,2026-08-17,16641.43,Stop Loss Hit,-7.55,44.6,WEAK,OK
2026-08-12,14:37,52WH_Breakout,52-Week High Breakout,AARTIIND,BUY,530.9,530.9,509.26,596.96,703.86,8.0,37,73.0,Chemicals,DISTRIBUTION,1,BLOCKED,OPEN,,,,,32.5,WEAK,OK
2026-08-12,14:37,52WH_Breakout,52-Week High Breakout,VIJAYA,BUY,1510.6,1510.6,1415.68,1695.13,1993.73,5.1,42,83.0,Healthcare,DISTRIBUTION,1,BLOCKED,OPEN,,,,,28.4,WEAK,OK
2026-08-12,14:37,Last30Min_ATH,Near 52W High (EOD),EMCURE,BUY,2009.6,2009.6,1983.3,2049.05,2221.33,8.0,35,85.0,Healthcare,DISTRIBUTION,1,BLOCKED,STOPPED,2026-08-14,1983.3,Stop Loss Hit,-1.31,49.7,WEAK,OK
2026-08-12,14:37,Last30Min_ATH,Near 52W High (EOD),AARTIIND,BUY,530.9,530.9,503.25,596.96,703.86,6.3,39,73.0,Chemicals,DISTRIBUTION,1,BLOCKED,OPEN,,,,,34.1,WEAK,OK
2026-08-12,14:37,Last30Min_ATH,Near 52W High (EOD),VIJAYA,BUY,1510.6,1510.6,1421.1,1695.13,1993.73,5.4,39,83.0,Healthcare,DISTRIBUTION,1,BLOCKED,OPEN,,,,,30.1,WEAK,OK
2026-08-12,14:37,Failed_Breakout_Short,Failed Breakout Short,LENSKART,SHORT,586.45,586.45,597.65,569.65,558.45,2.5,77,91.0,Consumer Services,DISTRIBUTION,1,IDEAL,STOPPED,2026-08-13,597.65,Stop Loss Hit,-1.91,61.6,MODERATE,OK
2026-08-12,14:37,Failed_Breakout_Short,Failed Breakout Short,APLAPOLLO,SHORT,1997.1,1997.1,2043.16,1928.01,1881.95,2.5,77,58.0,Capital Goods,DISTRIBUTION,1,IDEAL,STOPPED,2026-08-13,2043.16,Stop Loss Hit,-2.31,58.8,MODERATE,OK
2026-08-12,14:37,Failed_Breakout_Short,Failed Breakout Short,JSWDULUX,SHORT,3099.4,3099.4,3224.09,2912.36,2787.67,2.5,75,60.0,Consumer Durables,DISTRIBUTION,1,IDEAL,OPEN,,,,,54.6,MODERATE,OK
2026-08-12,14:37,Failed_Breakout_Short,Failed Breakout Short,BEML,SHORT,1900.6,1900.6,1974.56,1789.66,1715.7,2.5,77,58.0,Capital Goods,DISTRIBUTION,1,IDEAL,STOPPED,2026-08-18,1974.56,Stop Loss Hit,-3.89,51.5,MODERATE,OK
2026-08-13,11:38,EMA21_Bounce,21 EMA Bounce,INDIGO,BUY,5370.0,5370.0,5214.41,5603.38,5758.97,2.5,45,98.0,Services,DISTRIBUTION,1,BLOCKED,STOPPED,2026-08-18,5214.41,Stop Loss Hit,-2.9,56.9,MODERATE,OK
2026-08-13,11:38,EMA21_Bounce,21 EMA Bounce,LT,BUY,4070.7,4070.7,3955.64,4243.29,4244.9,1.5,45,53.0,Construction,DISTRIBUTION,1,BLOCKED,OPEN,,,,,54.5,MODERATE,OK
2026-08-13,11:38,EMA21_Bounce,21 EMA Bounce,DIXON,BUY,14035.0,14035.0,13456.21,14903.19,15481.98,2.5,50,98.0,Consumer Durables,DISTRIBUTION,1,BLOCKED,OPEN,,,,,54.2,MODERATE,OK
2026-08-13,11:38,EMA21_Bounce,21 EMA Bounce,OBEROIRLTY,BUY,1846.0,1846.0,1755.93,1981.1,2071.17,2.5,55,72.0,Realty,DISTRIBUTION,1,BLOCKED,OPEN,,,,,53.2,MODERATE,OK
2026-08-13,11:38,EMA21_Bounce,21 EMA Bounce,LODHA,BUY,1232.3,1232.3,1175.62,1317.32,1340.24,1.9,45,100.0,Realty,DISTRIBUTION,1,BLOCKED,OPEN,,,,,52.6,MODERATE,OK
2026-08-13,11:38,EMA21_Bounce,21 EMA Bounce,PETRONET,BUY,279.3,279.3,269.89,293.42,302.83,2.5,55,57.0,Oil Gas & Consumable Fuels,DISTRIBUTION,1,BLOCKED,OPEN,,,,,47.0,WEAK,OK
2026-08-13,11:38,EMA21_Bounce,21 EMA Bounce,PRESTIGE,BUY,1618.9,1618.9,1541.96,1734.31,1811.25,2.5,50,79.0,Realty,DISTRIBUTION,1,BLOCKED,OPEN,,,,,43.2,WEAK,OK
2026-08-13,11:38,EMA21_Bounce,21 EMA Bounce,STARHEALTH,BUY,584.6,584.6,567.62,610.07,627.05,2.5,50,70.0,Financial Services,DISTRIBUTION,1,BLOCKED,OPEN,,,,,41.4,WEAK,OK
2026-08-13,11:38,EMA21_Bounce,21 EMA Bounce,INDUSINDBK,BUY,1024.7,1024.7,999.49,1062.52,1068.8,1.7,50,70.0,Financial Services,DISTRIBUTION,1,BLOCKED,OPEN,,,,,39.8,WEAK,OK
2026-08-13,11:38,EMA21_Bounce,21 EMA Bounce,BHEL,BUY,420.0,420.0,404.58,446.5,453.11,2.1,55,54.0,Capital Goods,DISTRIBUTION,1,BLOCKED,OPEN,,,,,39.2,WEAK,OK
2026-08-13,11:38,EMA21_Bounce,21 EMA Bounce,CIPLA,BUY,1458.8,1458.8,1441.28,1485.08,1488.1,1.7,45,53.0,Healthcare,DISTRIBUTION,1,BLOCKED,STOPPED,2026-08-17,1441.28,Stop Loss Hit,-1.2,37.2,WEAK,OK
2026-08-13,11:38,EMA21_Bounce,21 EMA Bounce,ASIANPAINT,BUY,2755.5,2755.5,2689.0,2855.25,2921.75,2.5,45,57.0,Consumer Durables,DISTRIBUTION,1,BLOCKED,STOPPED,2026-08-17,2689.0,Stop Loss Hit,-2.41,35.6,WEAK,OK
2026-08-13,11:38,EMA21_Bounce,21 EMA Bounce,MARICO,BUY,864.45,864.45,843.18,896.36,909.7,2.1,50,53.0,Fast Moving Consumer Goods,DISTRIBUTION,1,BLOCKED,STOPPED,2026-08-18,843.18,Stop Loss Hit,-2.46,35.0,WEAK,OK
2026-08-13,11:38,Failed_Breakout_Short,Failed Breakout Short,HAL,SHORT,4945.0,4945.0,5089.4,4728.4,4584.0,2.5,77,72.0,Capital Goods,DISTRIBUTION,1,IDEAL,STOPPED,2026-08-17,5089.4,Stop Loss Hit,-2.92,53.3,MODERATE,OK
2026-08-13,11:38,Failed_Breakout_Short,Failed Breakout Short,ZYDUSLIFE,SHORT,1167.3,1167.3,1214.13,1097.05,1050.22,2.5,72,73.0,Healthcare,DISTRIBUTION,1,IDEAL,OPEN,,,,,46.2,WEAK,OK
2026-08-13,11:38,Failed_Breakout_Short,Failed Breakout Short,BERGEPAINT,SHORT,546.35,546.35,571.26,508.99,484.08,2.5,77,60.0,Consumer Durables,DISTRIBUTION,1,IDEAL,OPEN,,,,,45.9,WEAK,OK
2026-08-14,11:36,VCP,VCP (Minervini v2),EICHERMOT,BUY,8066.5,8143.0,7530.9,9061.15,10201.82,3.4,45,82.0,Automobile and Auto Components,DISTRIBUTION,1,BLOCKED,OPEN,,,,,46.8,WEAK,OK
2026-08-14,11:36,EMA21_Bounce,21 EMA Bounce,PETRONET,BUY,282.6,282.6,273.97,295.54,304.17,2.5,50,60.0,Oil Gas & Consumable Fuels,DISTRIBUTION,1,BLOCKED,OPEN,,,,,53.2,MODERATE,OK
2026-08-14,11:36,EMA21_Bounce,21 EMA Bounce,DIXON,BUY,14130.0,14130.0,13724.16,14738.76,15144.6,2.5,50,100.0,Consumer Durables,DISTRIBUTION,1,BLOCKED,OPEN,,,,,50.9,MODERATE,OK
2026-08-14,11:36,EMA21_Bounce,21 EMA Bounce,DLF,BUY,665.0,665.0,645.18,694.73,714.55,2.5,50,75.0,Realty,DISTRIBUTION,1,BLOCKED,OPEN,,,,,48.3,WEAK,OK
2026-08-14,11:36,EMA21_Bounce,21 EMA Bounce,STARHEALTH,BUY,585.15,585.15,570.23,607.53,622.45,2.5,50,69.0,Financial Services,DISTRIBUTION,1,BLOCKED,OPEN,,,,,44.4,WEAK,OK
2026-08-14,11:36,EMA21_Bounce,21 EMA Bounce,APOLLOHOSP,BUY,8920.5,8920.5,8492.37,9562.7,9608.7,1.6,55,66.0,Healthcare,DISTRIBUTION,1,BLOCKED,OPEN,,,,,38.1,WEAK,OK
2026-08-14,11:36,EMA21_Bounce,21 EMA Bounce,MARICO,BUY,865.2,865.2,849.01,889.49,910.91,2.8,50,53.0,Fast Moving Consumer Goods,DISTRIBUTION,1,BLOCKED,STOPPED,2026-08-18,849.01,Stop Loss Hit,-1.87,35.1,WEAK,OK
2026-08-14,11:36,EMA21_Bounce,21 EMA Bounce,DEEPAKNTR,BUY,1723.2,1723.2,1664.28,1811.58,1844.44,2.1,45,36.0,Chemicals,DISTRIBUTION,1,BLOCKED,OPEN,,,,,29.5,WEAK,OK
2026-08-14,11:36,Last30Min_ATH,Near 52W High (EOD),HAL,BUY,5029.9,5029.9,4924.2,5579.6,6469.1,8.0,35,77.0,Capital Goods,DISTRIBUTION,1,BLOCKED,OPEN,,,,,43.8,WEAK,OK
2026-08-14,11:36,Last30Min_ATH,Near 52W High (EOD),APOLLOHOSP,BUY,8920.5,8920.5,8588.5,9418.5,9608.7,2.1,39,66.0,Healthcare,DISTRIBUTION,1,BLOCKED,OPEN,,,,,30.7,WEAK,OK
2026-08-14,11:36,Failed_Breakout_Short,Failed Breakout Short,ASHOKLEY,SHORT,171.64,171.64,184.24,152.74,140.14,2.5,80,71.0,Capital Goods,DISTRIBUTION,1,IDEAL,OPEN,,,,,62.8,MODERATE,OK
2026-08-14,11:36,Failed_Breakout_Short,Failed Breakout Short,BERGEPAINT,SHORT,545.1,545.1,571.42,505.62,479.3,2.5,77,60.0,Consumer Durables,DISTRIBUTION,1,IDEAL,OPEN,,,,,49.7,WEAK,OK
2026-08-14,11:36,Failed_Breakout_Short,Failed Breakout Short,CONCOR,SHORT,527.0,527.0,548.2,495.2,474.0,2.5,77,53.0,Services,DISTRIBUTION,1,IDEAL,OPEN,,,,,47.0,WEAK,OK
2026-08-14,14:31,EMA21_Bounce,21 EMA Bounce,PARADEEP,BUY,147.85,147.85,142.52,155.84,159.5,2.2,45,82.0,Chemicals,DISTRIBUTION,1,BLOCKED,OPEN,,,,,57.4,MODERATE,OK
2026-08-14,14:31,EMA21_Bounce,21 EMA Bounce,FIVESTAR,BUY,550.2,550.2,526.81,585.29,608.68,2.5,50,93.0,Financial Services,DISTRIBUTION,1,BLOCKED,OPEN,,,,,54.9,MODERATE,OK
2026-08-14,14:31,EMA21_Bounce,21 EMA Bounce,TATACAP,BUY,364.2,364.2,356.02,376.47,377.9,1.7,45,87.0,Financial Services,DISTRIBUTION,1,BLOCKED,STOPPED,2026-08-18,356.02,Stop Loss Hit,-2.25,54.6,MODERATE,OK
2026-08-14,14:31,EMA21_Bounce,21 EMA Bounce,TRAVELFOOD,BUY,1364.9,1364.9,1313.24,1442.39,1470.9,2.1,45,100.0,Consumer Services,DISTRIBUTION,1,BLOCKED,OPEN,,,,,53.1,MODERATE,OK
2026-08-14,14:31,EMA21_Bounce,21 EMA Bounce,MGL,BUY,1138.7,1138.7,1102.71,1192.68,1228.67,2.5,45,59.0,Oil Gas & Consumable Fuels,DISTRIBUTION,1,BLOCKED,STOPPED,2026-08-18,1102.71,Stop Loss Hit,-3.16,52.7,MODERATE,OK
2026-08-14,14:31,EMA21_Bounce,21 EMA Bounce,CARTRADE,BUY,2797.8,2797.8,2663.45,2999.33,3133.68,2.5,50,100.0,Consumer Services,DISTRIBUTION,1,BLOCKED,OPEN,,,,,52.6,MODERATE,OK
2026-08-14,14:31,EMA21_Bounce,21 EMA Bounce,GABRIEL,BUY,1459.0,1459.0,1401.94,1544.59,1596.7,2.4,50,100.0,Automobile and Auto Components,DISTRIBUTION,1,BLOCKED,OPEN,,,,,52.6,MODERATE,OK
2026-08-14,14:31,EMA21_Bounce,21 EMA Bounce,JINDALSAW,BUY,267.1,267.1,259.32,278.77,286.55,2.5,45,85.0,Capital Goods,DISTRIBUTION,1,BLOCKED,OPEN,,,,,51.2,MODERATE,OK
2026-08-14,14:31,EMA21_Bounce,21 EMA Bounce,NYKAA,BUY,331.0,331.0,323.32,342.52,348.0,2.2,50,88.0,Consumer Services,DISTRIBUTION,1,BLOCKED,STOPPED,2026-08-18,323.32,Stop Loss Hit,-2.32,45.8,WEAK,OK
2026-08-14,14:31,EMA21_Bounce,21 EMA Bounce,SPLPETRO,BUY,726.55,726.55,697.33,770.38,799.6,2.5,50,52.0,Chemicals,DISTRIBUTION,1,BLOCKED,OPEN,,,,,45.7,WEAK,OK
2026-08-14,14:31,EMA21_Bounce,21 EMA Bounce,KPRMILL,BUY,1110.0,1110.0,1065.58,1176.63,1221.05,2.5,45,77.0,Textiles,DISTRIBUTION,1,BLOCKED,OPEN,,,,,44.0,WEAK,OK
2026-08-14,14:31,EMA21_Bounce,21 EMA Bounce,BALRAMCHIN,BUY,624.85,624.85,603.04,657.56,659.15,1.6,50,71.0,Fast Moving Consumer Goods,DISTRIBUTION,1,BLOCKED,TARGET,2026-08-17,657.56,Target 1 Hit,5.23,43.1,WEAK,OK
2026-08-14,14:31,EMA21_Bounce,21 EMA Bounce,MEDANTA,BUY,1422.6,1422.6,1366.92,1506.12,1561.8,2.5,50,73.0,Healthcare,DISTRIBUTION,1,BLOCKED,OPEN,,,,,43.1,WEAK,OK
2026-08-14,14:31,EMA21_Bounce,21 EMA Bounce,CREDITACC,BUY,1549.4,1549.4,1512.51,1608.1,1614.0,1.8,50,80.0,Financial Services,DISTRIBUTION,1,BLOCKED,OPEN,,,,,42.2,WEAK,OK
2026-08-14,14:31,EMA21_Bounce,21 EMA Bounce,GRANULES,BUY,858.4,858.4,838.75,887.88,907.53,2.5,50,68.0,Healthcare,DISTRIBUTION,1,BLOCKED,STOPPED,2026-08-17,838.75,Stop Loss Hit,-2.29,39.6,WEAK,OK
2026-08-14,14:31,EMA21_Bounce,21 EMA Bounce,IKS,BUY,1840.0,1840.0,1751.36,1972.96,2061.6,2.5,55,68.0,Information Technology,DISTRIBUTION,1,BLOCKED,OPEN,,,,,38.3,WEAK,OK
2026-08-14,14:31,EMA21_Bounce,21 EMA Bounce,WOCKPHARMA,BUY,1932.7,1932.7,1871.09,2025.12,2086.73,2.5,50,84.0,Healthcare,DISTRIBUTION,1,BLOCKED,STOPPED,2026-08-18,1871.09,Stop Loss Hit,-3.19,31.6,WEAK,OK
2026-08-14,14:31,52WH_Breakout,52-Week High Breakout,HONASA,BUY,502.8,502.8,479.13,538.31,579.28,3.2,42,100.0,Fast Moving Consumer Goods,DISTRIBUTION,1,BLOCKED,STOPPED,2026-08-17,479.13,Stop Loss Hit,-4.71,46.0,WEAK,OK
2026-08-14,14:31,52WH_Breakout,52-Week High Breakout,LGEINDIA,BUY,1729.7,1729.7,1571.7,1966.7,2124.7,2.5,37,71.0,Consumer Durables,DISTRIBUTION,1,BLOCKED,OPEN,,,,,39.7,WEAK,OK
2026-08-14,14:31,Last30Min_ATH,Near 52W High (EOD),LENSKART,BUY,611.85,611.85,597.75,633.0,692.0,5.7,33,95.0,Consumer Services,DISTRIBUTION,1,BLOCKED,TARGET,2026-08-18,633.0,Target 1 Hit,3.46,49.7,WEAK,OK
2026-08-14,14:31,Last30Min_ATH,Near 52W High (EOD),LGEINDIA,BUY,1729.7,1729.7,1611.0,1907.75,2026.45,2.5,39,71.0,Consumer Durables,DISTRIBUTION,1,BLOCKED,OPEN,,,,,41.4,WEAK,OK
2026-08-14,14:31,Failed_Breakout_Short,Failed Breakout Short,NETWEB,SHORT,5007.2,5007.2,5336.55,4513.17,4183.82,2.5,77,100.0,Information Technology,DISTRIBUTION,1,IDEAL,STOPPED,2026-08-18,5336.55,Stop Loss Hit,-6.58,61.6,MODERATE,OK
2026-08-14,14:31,Failed_Breakout_Short,Failed Breakout Short,KAJARIACER,SHORT,1253.4,1253.4,1285.36,1205.46,1173.5,2.5,72,82.0,Consumer Durables,DISTRIBUTION,1,IDEAL,OPEN,,,,,61.4,MODERATE,OK
2026-08-14,14:31,Failed_Breakout_Short,Failed Breakout Short,3MINDIA,SHORT,35340.0,35340.0,37562.71,32005.94,29783.23,2.5,75,69.0,Diversified,DISTRIBUTION,1,IDEAL,OPEN,,,,,56.2,MODERATE,OK
2026-08-14,14:31,Failed_Breakout_Short,Failed Breakout Short,FIRSTCRY,SHORT,206.09,206.09,224.01,179.21,161.29,2.5,75,30.0,Consumer Services,DISTRIBUTION,1,IDEAL,OPEN,,,,,54.0,MODERATE,OK
2026-08-14,14:31,Failed_Breakout_Short,Failed Breakout Short,COCHINSHIP,SHORT,1496.5,1496.5,1546.91,1420.88,1370.47,2.5,77,42.0,Capital Goods,DISTRIBUTION,1,IDEAL,OPEN,,,,,50.7,MODERATE,OK
2026-08-14,14:31,Failed_Breakout_Short,Failed Breakout Short,ENDURANCE,SHORT,2899.0,2899.0,3067.86,2645.71,2476.85,2.5,77,72.0,Automobile and Auto Components,DISTRIBUTION,1,IDEAL,OPEN,,,,,48.8,WEAK,OK
2026-08-14,14:31,Failed_Breakout_Short,Failed Breakout Short,NSLNISP,SHORT,44.5,44.5,46.52,41.47,39.45,2.5,75,50.0,Metals & Mining,DISTRIBUTION,1,IDEAL,TARGET,2026-08-17,41.47,Target 1 Hit,6.81,48.8,WEAK,OK
2026-08-14,14:31,Failed_Breakout_Short,Failed Breakout Short,HINDCOPPER,SHORT,529.05,529.05,577.2,456.82,408.67,2.5,77,35.0,Metals & Mining,DISTRIBUTION,1,IDEAL,OPEN,,,,,48.4,WEAK,OK
2026-08-14,14:31,Failed_Breakout_Short,Failed Breakout Short,SCHNEIDER,SHORT,1369.2,1369.2,1466.63,1223.05,1125.62,2.5,72,64.0,Capital Goods,DISTRIBUTION,1,IDEAL,TARGET,2026-08-17,1223.05,Target 1 Hit,10.67,43.7,WEAK,OK
2026-08-14,14:31,Failed_Breakout_Short,Failed Breakout Short,ABBOTINDIA,SHORT,27060.0,27060.0,28781.89,24477.16,22755.27,2.5,72,43.0,Healthcare,DISTRIBUTION,1,IDEAL,OPEN,,,,,42.1,WEAK,OK
2026-08-17,11:16,VCP,VCP (Minervini v2),EICHERMOT,BUY,8050.0,8165.0,7611.64,8995.04,10259.42,3.8,42,82.0,Automobile and Auto Components,DISTRIBUTION,-1,BLOCKED,OPEN,,,,,46.6,WEAK,OK
2026-08-17,11:16,VCP,VCP (Minervini v2),BAJAJ-AUTO,BUY,11663.0,11863.0,11100.22,13322.72,15684.72,5.0,45,67.0,Automobile and Auto Components,DISTRIBUTION,-1,BLOCKED,OPEN,,,,,35.4,WEAK,OK
2026-08-17,11:16,EMA21_Bounce,21 EMA Bounce,FEDERALBNK,BUY,354.1,354.1,346.22,365.92,370.43,2.1,50,95.0,Financial Services,DISTRIBUTION,-1,BLOCKED,OPEN,,,,,53.3,MODERATE,OK
2026-08-17,11:16,EMA21_Bounce,21 EMA Bounce,LAURUSLABS,BUY,1809.7,1809.7,1740.21,1913.94,1983.43,2.5,45,100.0,Healthcare,DISTRIBUTION,-1,BLOCKED,OPEN,,,,,52.6,MODERATE,OK
2026-08-17,11:16,EMA21_Bounce,21 EMA Bounce,DLF,BUY,671.0,671.0,646.61,707.58,746.64,3.1,50,80.0,Realty,DISTRIBUTION,-1,BLOCKED,OPEN,,,,,52.6,MODERATE,OK
2026-08-17,11:16,EMA21_Bounce,21 EMA Bounce,LT,BUY,4086.7,4086.7,3970.31,4261.28,4377.67,2.5,45,56.0,Construction,DISTRIBUTION,-1,BLOCKED,OPEN,,,,,51.6,MODERATE,OK
2026-08-17,11:16,EMA21_Bounce,21 EMA Bounce,GODREJPROP,BUY,2054.0,2054.0,1940.04,2224.94,2338.9,2.5,45,83.0,Realty,DISTRIBUTION,-1,BLOCKED,OPEN,,,,,51.6,MODERATE,OK
2026-08-17,11:16,EMA21_Bounce,21 EMA Bounce,BAJFINANCE,BUY,1089.3,1089.3,1063.5,1176.4,1233.98,5.6,50,83.0,Financial Services,DISTRIBUTION,-1,BLOCKED,OPEN,,,,,50.7,MODERATE,OK
2026-08-17,11:16,EMA21_Bounce,21 EMA Bounce,GRASIM,BUY,3250.5,3250.5,3169.45,3398.13,3411.1,2.0,50,66.0,Construction Materials,DISTRIBUTION,-1,BLOCKED,OPEN,,,,,41.6,WEAK,OK
2026-08-17,11:16,EMA21_Bounce,21 EMA Bounce,NAM-INDIA,BUY,1202.7,1202.7,1140.91,1295.38,1357.17,2.5,45,65.0,Financial Services,DISTRIBUTION,-1,BLOCKED,OPEN,,,,,41.2,WEAK,OK
2026-08-17,11:16,EMA21_Bounce,21 EMA Bounce,JSWSTEEL,BUY,1277.8,1277.8,1236.52,1339.72,1381.0,2.5,50,46.0,Metals & Mining,DISTRIBUTION,-1,BLOCKED,OPEN,,,,,39.8,WEAK,OK
2026-08-17,11:16,EMA21_Bounce,21 EMA Bounce,POLYCAB,BUY,9370.0,9370.0,9130.98,9728.53,9967.55,2.5,50,50.0,Capital Goods,DISTRIBUTION,-1,BLOCKED,STOPPED,2026-08-18,9130.98,Stop Loss Hit,-2.55,38.8,WEAK,OK
2026-08-17,11:16,EMA21_Bounce,21 EMA Bounce,SAIL,BUY,173.6,173.6,164.81,186.78,195.57,2.5,50,22.0,Metals & Mining,DISTRIBUTION,-1,BLOCKED,OPEN,,,,,34.9,WEAK,OK
2026-08-17,11:16,52WH_Breakout,52-Week High Breakout,OBEROIRLTY,BUY,1931.0,1931.0,1875.6,2014.1,2150.95,4.0,42,86.0,Realty,DISTRIBUTION,-1,BLOCKED,STOPPED,2026-08-18,1875.6,Stop Loss Hit,-2.87,47.0,WEAK,OK
2026-08-17,11:16,52WH_Breakout,52-Week High Breakout,HAL,BUY,5059.0,5059.0,4988.11,5165.34,5626.69,8.0,37,79.0,Capital Goods,DISTRIBUTION,-1,BLOCKED,OPEN,,,,,43.8,WEAK,OK
2026-08-17,11:16,52WH_Breakout,52-Week High Breakout,GNFC,BUY,600.65,600.65,553.62,671.2,672.74,1.5,42,65.0,Chemicals,DISTRIBUTION,-1,BLOCKED,OPEN,,,,,38.0,WEAK,OK
2026-08-17,11:16,52WH_Breakout,52-Week High Breakout,BHEL,BUY,435.95,435.95,424.67,452.87,478.92,3.8,32,59.0,Capital Goods,DISTRIBUTION,-1,BLOCKED,STOPPED,2026-08-18,424.67,Stop Loss Hit,-2.59,29.4,WEAK,OK
2026-08-17,11:16,Last30Min_ATH,Near 52W High (EOD),OBEROIRLTY,BUY,1931.0,1931.0,1832.9,2078.15,2150.95,2.2,37,86.0,Realty,DISTRIBUTION,-1,BLOCKED,OPEN,,,,,48.7,WEAK,OK
2026-08-17,11:16,Last30Min_ATH,Near 52W High (EOD),GNFC,BUY,600.65,600.65,570.05,646.55,672.74,2.4,37,65.0,Chemicals,DISTRIBUTION,-1,BLOCKED,OPEN,,,,,39.7,WEAK,OK
2026-08-17,11:16,Last30Min_ATH,Near 52W High (EOD),BHEL,BUY,435.95,435.95,421.8,457.17,478.92,3.0,37,59.0,Capital Goods,DISTRIBUTION,-1,BLOCKED,OPEN,,,,,31.1,WEAK,OK
2026-08-17,14:02,EMA21_Bounce,21 EMA Bounce,PGEL,BUY,614.0,614.0,583.58,659.63,690.05,2.5,45,100.0,Consumer Durables,DISTRIBUTION,-1,BLOCKED,OPEN,,,,,57.6,MODERATE,OK
2026-08-17,14:02,EMA21_Bounce,21 EMA Bounce,TRAVELFOOD,BUY,1358.2,1358.2,1307.19,1434.72,1441.0,1.6,45,100.0,Consumer Services,DISTRIBUTION,-1,BLOCKED,OPEN,,,,,55.1,MODERATE,OK
2026-08-17,14:02,EMA21_Bounce,21 EMA Bounce,JINDALSAW,BUY,270.4,270.4,260.42,285.37,295.35,2.5,45,93.0,Capital Goods,DISTRIBUTION,-1,BLOCKED,OPEN,,,,,53.8,MODERATE,OK
2026-08-17,14:02,EMA21_Bounce,21 EMA Bounce,CARTRADE,BUY,2796.9,2796.9,2720.76,2911.11,2987.25,2.5,45,100.0,Consumer Services,DISTRIBUTION,-1,BLOCKED,OPEN,,,,,51.9,MODERATE,OK
2026-08-17,14:02,EMA21_Bounce,21 EMA Bounce,BLUEJET,BUY,593.2,593.2,571.04,626.44,648.6,2.5,50,100.0,Healthcare,DISTRIBUTION,-1,BLOCKED,OPEN,,,,,51.0,MODERATE,OK
2026-08-17,14:02,EMA21_Bounce,21 EMA Bounce,DATAPATTNS,BUY,4528.7,4528.7,4357.83,4785.0,4955.87,2.5,50,75.0,Capital Goods,DISTRIBUTION,-1,BLOCKED,OPEN,,,,,50.5,MODERATE,OK
2026-08-17,14:02,EMA21_Bounce,21 EMA Bounce,KARURVYSYA,BUY,334.0,334.0,322.89,350.66,361.77,2.5,45,78.0,Financial Services,DISTRIBUTION,-1,BLOCKED,OPEN,,,,,48.9,WEAK,OK
2026-08-17,14:02,EMA21_Bounce,21 EMA Bounce,LTF,BUY,315.0,315.0,300.21,337.19,351.98,2.5,50,75.0,Financial Services,DISTRIBUTION,-1,BLOCKED,OPEN,,,,,48.7,WEAK,OK
2026-08-17,14:02,EMA21_Bounce,21 EMA Bounce,CUB,BUY,215.2,215.2,200.82,236.77,251.15,2.5,45,74.0,Financial Services,DISTRIBUTION,-1,BLOCKED,OPEN,,,,,48.5,WEAK,OK
2026-08-17,14:02,EMA21_Bounce,21 EMA Bounce,IGIL,BUY,355.15,355.15,334.86,385.58,405.87,2.5,50,46.0,Services,DISTRIBUTION,-1,BLOCKED,OPEN,,,,,47.3,WEAK,OK
2026-08-17,14:02,EMA21_Bounce,21 EMA Bounce,CANHLIFE,BUY,148.9,148.9,143.52,156.97,162.35,2.5,50,60.0,Financial Services,DISTRIBUTION,-1,BLOCKED,OPEN,,,,,45.7,WEAK,OK
2026-08-17,14:02,EMA21_Bounce,21 EMA Bounce,GRANULES,BUY,861.55,861.55,825.46,915.68,951.77,2.5,50,72.0,Healthcare,DISTRIBUTION,-1,BLOCKED,OPEN,,,,,40.2,WEAK,OK
2026-08-17,14:02,EMA21_Bounce,21 EMA Bounce,MEESHO,BUY,193.82,193.82,186.33,205.05,212.54,2.5,45,44.0,Consumer Services,DISTRIBUTION,-1,BLOCKED,OPEN,,,,,36.0,WEAK,OK
2026-08-17,14:02,52WH_Breakout,52-Week High Breakout,PTCIL,BUY,20584.0,20584.0,19255.07,23460.17,28114.17,5.7,42,100.0,Capital Goods,DISTRIBUTION,-1,BLOCKED,OPEN,,,,,40.3,WEAK,OK
2026-08-17,14:02,52WH_Breakout,52-Week High Breakout,ELGIEQUIP,BUY,624.2,624.2,610.61,644.58,665.61,3.0,32,66.0,Capital Goods,DISTRIBUTION,-1,BLOCKED,OPEN,,,,,36.6,WEAK,OK
2026-08-17,14:02,Last30Min_ATH,Near 52W High (EOD),BALRAMCHIN,BUY,655.75,655.75,630.7,693.32,745.73,3.6,39,91.0,Fast Moving Consumer Goods,DISTRIBUTION,-1,BLOCKED,OPEN,,,,,44.0,WEAK,OK
2026-08-17,14:02,Last30Min_ATH,Near 52W High (EOD),PTCIL,BUY,20584.0,20584.0,19067.0,23460.17,28114.17,5.0,39,100.0,Capital Goods,DISTRIBUTION,-1,BLOCKED,OPEN,,,,,42.0,WEAK,OK
2026-08-17,14:02,Last30Min_ATH,Near 52W High (EOD),ELGIEQUIP,BUY,624.2,624.2,603.2,655.7,665.61,2.0,39,66.0,Capital Goods,DISTRIBUTION,-1,BLOCKED,OPEN,,,,,38.3,WEAK,OK
2026-08-17,14:02,Failed_Breakout_Short,Failed Breakout Short,KAJARIACER,SHORT,1251.6,1251.6,1285.08,1201.38,1167.9,2.5,72,82.0,Consumer Durables,DISTRIBUTION,-1,IDEAL,OPEN,,,,,61.4,MODERATE,OK
2026-08-17,14:02,Failed_Breakout_Short,Failed Breakout Short,HONASA,SHORT,481.65,481.65,514.94,431.71,398.42,2.5,72,100.0,Fast Moving Consumer Goods,DISTRIBUTION,-1,IDEAL,OPEN,,,,,56.6,MODERATE,OK
2026-08-17,14:02,Failed_Breakout_Short,Failed Breakout Short,ASAHIINDIA,SHORT,931.2,931.2,962.62,884.07,852.65,2.5,72,69.0,Automobile and Auto Components,DISTRIBUTION,-1,IDEAL,STOPPED,2026-08-18,962.62,Stop Loss Hit,-3.37,55.6,MODERATE,OK
2026-08-17,14:02,Failed_Breakout_Short,Failed Breakout Short,NSLNISP,SHORT,41.76,41.76,46.59,34.51,29.68,2.5,75,33.0,Metals & Mining,DISTRIBUTION,-1,IDEAL,OPEN,,,,,45.3,WEAK,OK
2026-08-18,11:15,VCP,VCP (Minervini v2),TITAN,BUY,5048.6,5168.0,4796.8,5920.82,7138.98,5.3,45,92.0,Consumer Durables,PANIC,-3,BLOCKED,OPEN,,,,,47.5,WEAK,OK
2026-08-18,11:15,VCP,VCP (Minervini v2),EICHERMOT,BUY,8018.5,8165.0,7611.64,8995.04,10259.42,3.8,45,81.0,Automobile and Auto Components,PANIC,-3,BLOCKED,OPEN,,,,,44.3,WEAK,OK
2026-08-18,11:15,EMA21_Bounce,21 EMA Bounce,DIXON,BUY,14150.0,14150.0,13746.46,14755.31,15158.85,2.5,50,97.0,Consumer Durables,PANIC,-3,BLOCKED,OPEN,,,,,76.2,STRONG,OK
2026-08-18,11:15,EMA21_Bounce,21 EMA Bounce,AUBANK,BUY,1075.7,1075.7,1049.04,1115.69,1142.35,2.5,45,66.0,Financial Services,PANIC,-3,BLOCKED,OPEN,,,,,74.9,STRONG,OK
2026-08-18,11:15,EMA21_Bounce,21 EMA Bounce,PETRONET,BUY,286.25,286.25,276.91,300.26,309.6,2.5,50,60.0,Oil Gas & Consumable Fuels,PANIC,-3,BLOCKED,OPEN,,,,,73.9,STRONG,OK
2026-08-18,11:15,EMA21_Bounce,21 EMA Bounce,FEDERALBNK,BUY,357.8,357.8,347.3,373.55,404.25,4.4,50,93.0,Financial Services,PANIC,-3,BLOCKED,OPEN,,,,,72.4,STRONG,OK
2026-08-18,11:15,EMA21_Bounce,21 EMA Bounce,BAJFINANCE,BUY,1094.3,1094.3,1068.59,1176.4,1242.07,5.7,50,86.0,Financial Services,PANIC,-3,BLOCKED,OPEN,,,,,71.2,STRONG,OK
2026-08-18,11:15,EMA21_Bounce,21 EMA Bounce,PIDILITIND,BUY,1674.0,1674.0,1632.54,1736.19,1831.11,3.8,50,74.0,Chemicals,PANIC,-3,BLOCKED,OPEN,,,,,65.7,STRONG,OK
2026-08-18,11:15,EMA21_Bounce,21 EMA Bounce,GRASIM,BUY,3278.7,3278.7,3174.51,3434.98,3435.19,1.5,50,70.0,Construction Materials,PANIC,-3,BLOCKED,OPEN,,,,,65.6,STRONG,OK
2026-08-18,11:15,EMA21_Bounce,21 EMA Bounce,TORNTPHARM,BUY,4971.0,4971.0,4816.59,5202.62,5357.03,2.5,50,68.0,Healthcare,PANIC,-3,BLOCKED,OPEN,,,,,63.0,MODERATE,OK
2026-08-18,11:15,EMA21_Bounce,21 EMA Bounce,INDUSINDBK,BUY,1015.0,1015.0,998.12,1040.32,1057.2,2.5,50,69.0,Financial Services,PANIC,-3,BLOCKED,OPEN,,,,,62.4,MODERATE,OK
2026-08-18,11:15,52WH_Breakout,52-Week High Breakout,BOSCHLTD,BUY,48730.0,48730.0,47141.18,56893.01,70101.76,8.0,37,100.0,Automobile and Auto Components,PANIC,-3,BLOCKED,OPEN,,,,,47.0,WEAK,OK
2026-08-18,11:15,52WH_Breakout,52-Week High Breakout,GNFC,BUY,609.75,609.75,595.94,630.46,644.27,2.5,42,80.0,Chemicals,PANIC,-3,BLOCKED,OPEN,,,,,35.5,WEAK,OK
2026-08-18,11:15,Last30Min_ATH,Near 52W High (EOD),BOSCHLTD,BUY,48730.0,48730.0,46775.0,56893.01,70101.76,8.0,39,100.0,Automobile and Auto Components,PANIC,-3,BLOCKED,OPEN,,,,,47.0,WEAK,OK
2026-08-18,11:15,Failed_Breakout_Short,Failed Breakout Short,OBEROIRLTY,SHORT,1858.0,1858.0,1976.18,1680.73,1562.55,2.5,75,75.0,Realty,PANIC,-3,IDEAL,OPEN,,,,,55.2,MODERATE,OK
2026-08-18,11:15,Failed_Breakout_Short,Failed Breakout Short,DLF,SHORT,665.75,665.75,687.49,633.14,611.4,2.5,72,77.0,Realty,PANIC,-3,IDEAL,OPEN,,,,,54.2,MODERATE,OK
